condition,n_parents,log_loss,ll_std,acc,f1,d_vs_AR,folds_better_AR,d_vs_REF,folds_better_REF
A0 self only (~AR-DBN),1.0,0.6051464778165355,0.07031623819143648,0.8749818757684397,0.7632888941875772,0.014213446839801303,1/5,0.0008926072775960137,2/5
A1 +lag1,2.0,0.6042538705389398,0.07079645919827257,0.8721806605122919,0.7512666105529628,0.013320839562205289,3/5,0.0,0/5
"A2 +lag1,lag2",3.0,0.6309373729011282,0.06487334022103507,0.8653786234812244,0.7447230979485158,0.04000434192439386,0/5,0.026683502362188572,1/5
A3 +lag1..lag3,4.0,0.6541043683631529,0.06532989960855985,0.8589694516010307,0.7319121599645844,0.06317133738641856,0/5,0.04985049782421327,0/5
B1 +ctrl,2.0,0.6049373156710344,0.06936775734446951,0.8749818757684397,0.7632888941875772,0.014004284694299974,0/5,0.0006834451320946843,2/5
B2 +lag1 +ctrl  (reference),3.0,0.6042538705389398,0.07079645919827257,0.8721806605122919,0.7512666105529628,0.013320839562205289,3/5,0.0,0/5
"B3 +lag1,lag2 +ctrl",4.0,0.6309373729011282,0.06487334022103507,0.8653786234812244,0.7447230979485158,0.04000434192439386,0/5,0.026683502362188572,1/5
PERSISTENCE (your code),,,,0.8764015740825478,0.7780862330275138,,,,
AR-DBN (your code),,0.5909330309767344,,0.8749818757684397,0.7632888941875772,,,,
"STATIC BN SI (your code; same-moment, NOT a forecast)",,0.5617665731776309,,0.8613703957904371,0.7781700275685386,,,,
