config,model,fold,n_train,n_all,acc_all,logloss_all,mae_all,maeh_all,n_within,acc_within,logloss_within,mae_within,maeh_within,n_xrun,acc_xrun,logloss_xrun,mae_xrun,maeh_xrun,n_change,acc_change,logloss_change,mae_change,maeh_change,n_stay,acc_stay,logloss_stay,mae_stay,maeh_stay,n_event,acc_event,logloss_event,mae_event,maeh_event,f1_all,search_sec,parents,n_parents,n_y,cpt_configs_possible,cpt_configs_seen,test_unseen_config_frac,mae_persistence_continuous,mae_persistence_continuous_event
ref,model,1,33200,33558,0.875856725668991,0.4552975086735915,9.696449810769735,6.4114411316002995,33464,0.8778388716232369,0.4330880148530138,9.299153427373934,6.003677542087234,94,0.1702127659574468,8.361877308799263,151.1339622996743,151.57527899825166,4381,0.32526820360648256,2.740223003383534,28.25827281563533,27.471055146732947,29177,0.9585289783048292,0.11221019358553386,6.909345359170317,3.249287071885588,19299,0.8354837038188507,0.6537356351481121,10.569422316912929,8.145067684247485,0.722853638174621,0.06062442995607853,"[""y@t"", ""throughput_2@t"", ""buffer_size_3@t""]",3,20,8000.0,352,0.1985219619762799,4.986888372370225,7.9259028965231355
ref,ar,1,33200,33558,0.8479051194946063,0.5873854569555976,10.530039868016596,6.37846200412646,33464,0.8498087497011714,0.5704202818279933,10.133059997284537,5.969205359771671,94,0.1702127659574468,6.62698780238272,151.85487384862944,152.07382739443122,4381,0.05820588906642319,3.466579123159004,31.894914064656206,26.98503137735546,29177,0.9664804469273743,0.15506727991076355,7.322050223588513,3.28433373788537,19299,0.7816985336027773,0.8497846832644308,11.889738104344255,7.934815242101226,0.6846330982901161,0.06062442995607853,"[""y@t"", ""throughput_2@t"", ""buffer_size_3@t""]",3,20,8000.0,352,0.1985219619762799,4.986888372370225,7.9259028965231355
ref,persistence,1,33200,33558,0.8694499076226235,3.607232359165712,9.999003984825238,4.98688837237023,33464,0.8713841740377719,3.5537866030049146,9.597365235822318,4.570941907721736,94,0.18085106382978725,22.63392155240955,152.9823986298647,153.06382978723406,4381,0.0,27.63102111592855,34.103755315723284,28.69139465875371,29177,1.0,0.0,6.3796148913384405,1.4275970798917015,19299,0.7769832633815223,6.1621801587106315,11.808682343600474,7.9259028965231355,0.7291569012797388,0.06062442995607853,"[""y@t"", ""throughput_2@t"", ""buffer_size_3@t""]",3,20,8000.0,352,0.1985219619762799,4.986888372370225,7.9259028965231355
ref,model,2,66758,33201,0.883316767567242,0.395880280443871,8.834953436776436,5.892727169960669,33108,0.8853449317385527,0.3780552312209165,8.43140310921497,5.480110739977724,93,0.16129032258064516,6.741597803815663,152.4988700486579,152.78417624388925,4870,0.32792607802874746,2.0468321767196307,22.750218117034528,22.940441900989423,28331,0.9787864882990364,0.11208741274195613,6.442968014699669,2.962284519150248,20321,0.8218099502977215,0.5549922763353662,9.501204003975056,7.703595535391981,0.7861484869599853,0.12139469757676125,"[""y@t"", ""throughput_2@t"", ""data_quality_1@t+h"", ""avg_p_latency_1@t""]",4,20,72000.0,856,0.2184873949579832,4.608656365772116,6.818069976871217
ref,ar,2,66758,33201,0.8533176711544833,0.5421609150774279,10.261335493477878,6.13029255301562,33108,0.855261568201039,0.5241901510660337,9.857821217114283,5.713478733909832,93,0.16129032258064516,6.939752903133789,153.91241787891764,154.51601215467613,4870,0.0,2.908141917411149,27.0481251704205,21.224542885026175,28331,1.0,0.13545704012189452,7.3757449486079265,3.535643613094988,20321,0.764184833423552,0.7585486588794662,10.932651074866357,7.213807660481873,0.765320789938897,0.12139469757676125,"[""y@t"", ""throughput_2@t"", ""data_quality_1@t+h"", ""avg_p_latency_1@t""]",4,20,72000.0,856,0.2184873949579832,4.608656365772116,6.818069976871217
ref,persistence,2,66758,33201,0.8533176711544833,4.0529825256640475,9.509566073772406,4.60865636577212,33108,0.855261568201039,3.9992706653234746,9.100182964346997,4.184789174821801,93,0.16129032258064516,23.174404806907813,155.24995302921795,155.50537634408602,4870,0.0,27.63102111592854,28.511997960823937,22.3258726899384,28331,1.0,0.0,6.243114367516328,1.563128728248215,20321,0.764184833423552,6.515813847130043,10.760368641163039,6.818069976871217,0.765320789938897,0.12139469757676125,"[""y@t"", ""throughput_2@t"", ""data_quality_1@t+h"", ""avg_p_latency_1@t""]",4,20,72000.0,856,0.2184873949579832,4.608656365772116,6.818069976871217
ref,model,3,99959,33201,0.9052438179572905,0.34440890866633195,8.965538767719318,6.30873102925952,33108,0.907424187507551,0.3252135514113203,8.540621126593349,5.877536455570444,93,0.12903225806451613,7.177956091450484,160.23621900856406,159.81399926257083,3981,0.2705350414468726,2.17569936153699,27.929416650776353,27.870677895134772,29220,0.9917180013689254,0.09490968577522692,6.381856431906517,3.3710818002023886,19992,0.8519407763105242,0.48225374209881233,9.304499583831564,7.69574472037134,0.7429383091546569,0.34118727222085,"[""y@t"", ""data_quality_1@t+h"", ""throughput_2@t"", ""buffer_size_3@t""]",4,20,80000.0,1371,0.19406041986687148,4.94388723231228,7.444927971188475
ref,ar,3,99959,33201,0.8800939730731002,0.45797957704839704,9.287228426018627,5.802470914890762,33108,0.8822036969916637,0.44002564049123927,8.851155130967266,5.357819955408952,93,0.12903225806451613,6.849580991396546,164.5293214643031,164.09821249041468,3981,0.0,2.861720316759939,32.36884332134319,27.813178045596775,29220,1.0,0.1304884105599764,6.142536129704902,2.8036815552966248,19992,0.804921968787515,0.6481891135367004,10.321836834743573,7.451671382987645,0.7133930791134014,0.34118727222085,"[""y@t"", ""data_quality_1@t+h"", ""throughput_2@t"", ""buffer_size_3@t""]",4,20,80000.0,1371,0.19406041986687148,4.94388723231228,7.444927971188475
ref,persistence,3,99959,33201,0.8800939730731002,3.313125961944265,9.373593408642652,4.943887232312285,33108,0.8822036969916637,3.2548321358016596,8.936359646175632,4.495559985501998,93,0.12903225806451613,24.06572806871196,165.0288128469024,164.5483870967742,3981,0.0,27.631021115928544,34.83492889718861,30.203466465712133,29220,1.0,0.0,5.9046825058397285,1.5024640657084247,19992,0.804921968787515,5.390205199685941,10.72821257860503,7.444927971188475,0.7133930791134014,0.34118727222085,"[""y@t"", ""data_quality_1@t+h"", ""throughput_2@t"", ""buffer_size_3@t""]",4,20,80000.0,1371,0.19406041986687148,4.94388723231228,7.444927971188475
ref,model,4,133160,33558,0.9062816616008106,0.3637795074677236,8.189680378855893,5.996359529882146,33464,0.9081699737030839,0.3439385916626178,7.814675187124708,5.617435335582494,94,0.23404255319148937,7.4271455340853585,141.69152863515825,140.89337270055833,4795,0.45255474452554745,2.078146920683523,25.085610835315745,26.038616030784375,28763,0.981921218231756,0.07798206817523813,5.373006647370131,2.655170505029865,18970,0.8465998945703743,0.5545473154532016,9.370491498364792,8.48468497443324,0.8747884704024391,0.43801436945796013,"[""y@t"", ""throughput_2@t"", ""buffer_size_3@t""]",3,20,8000.0,855,0.060790273556231005,5.052863698670958,8.242224565102793
ref,ar,4,133160,33558,0.8571130579891532,0.538099604682822,9.510040671451186,6.077569935595535,33464,0.8588931388955295,0.5228619624646225,9.13941781414343,5.701058293949676,94,0.22340425531914893,5.96270023436185,141.45177787301273,140.11571436152144,4795,0.0,2.9389656115895284,31.132247659790075,25.183190965600055,28763,1.0,0.13785788778550054,5.905462480404183,2.8925248137768214,18970,0.7510806536636795,0.8192545513751086,11.396590774343078,8.209656210863853,0.8331044631028387,0.43801436945796013,"[""y@t"", ""throughput_2@t"", ""buffer_size_3@t""]",3,20,8000.0,855,0.060790273556231005,5.052863698670958,8.242224565102793
ref,persistence,4,133160,33558,0.8571130579891532,3.9481121118921685,9.341591152950988,5.052863698670964,33464,0.8588931388955295,3.8989266587800198,8.969021453097389,4.6723344489600835,94,0.22340425531914893,21.45813341981685,141.976404300833,140.5212765957447,4795,0.0,27.631021115928547,33.23950694523515,27.01438998957247,28763,1.0,0.0,5.3576358553811065,1.3917185272746313,18970,0.7510806536636795,6.877895714782003,11.610501678806116,8.242224565102793,0.8331044631028387,0.43801436945796013,"[""y@t"", ""throughput_2@t"", ""buffer_size_3@t""]",3,20,8000.0,855,0.060790273556231005,5.052863698670958,8.242224565102793
ref,model,5,166718,33201,0.9252432155657963,0.2961073960172776,8.609559255489941,5.7266452164613035,33108,0.9271173130361242,0.27944278616894747,8.24292471189967,5.349505172812271,93,0.25806451612903225,6.228708502022781,139.13145677362607,139.98850075551724,3654,0.41625615763546797,2.0442290317781184,29.655841067058496,31.11039723383437,29547,0.9881883101499306,0.0799217779487728,6.006820779858861,2.587503175933292,18178,0.8758389261744967,0.4556762901210841,9.789723335912045,8.284420241772857,0.8147234469427385,0.545055516064167,"[""y@t"", ""throughput_2@t"", ""buffer_size_3@t"", ""data_quality_2@t+h""]",4,20,80000.0,1875,0.08864190837625373,4.627330502093311,7.7230718450874685
ref,ar,5,166718,33201,0.889943074003795,0.45556155304865315,9.89267614240066,5.9763331869367295,33108,0.8917482179533648,0.4413446571379285,9.527118340766618,5.597362187118702,93,0.24731182795698925,5.516776497266618,140.03125352411914,140.89000912215428,3654,0.0,3.0510384537745106,36.56034546345898,31.29318427975722,29547,1.0,0.1345857316369266,6.594755416129056,2.845464608293683,18178,0.802838596105182,0.7007271872030886,11.744923189437491,8.157410093476832,0.7670290749812423,0.545055516064167,"[""y@t"", ""throughput_2@t"", ""buffer_size_3@t"", ""data_quality_2@t+h""]",4,20,80000.0,1875,0.08864190837625373,4.627330502093311,7.7230718450874685
ref,persistence,5,166718,33201,0.889943074003795,3.0409852461553237,9.44115106386959,4.627330502093316,33108,0.8917482179533648,2.9911072755674737,9.069772937424974,4.240364866497528,93,0.24731182795698925,20.797542775430088,141.6517640781532,142.38709677419354,3654,0.0,27.631021115928547,38.26535954946101,32.33771209633279,29547,1.0,0.0,5.87653679486255,1.2004602836159401,18178,0.802838596105182,5.44777091426383,11.612693711794495,7.7230718450874685,0.7670290749812423,0.545055516064167,"[""y@t"", ""throughput_2@t"", ""buffer_size_3@t"", ""data_quality_2@t+h""]",4,20,80000.0,1875,0.08864190837625373,4.627330502093311,7.7230718450874685
engine=hc-aic,model,1,33200,33558,0.8345252994814947,0.648995501896768,11.46901924378552,8.074703846357732,33464,0.8363614630647861,0.6276319623453241,11.073595810663548,7.669166984028443,94,0.18085106382978725,8.25441558221081,152.23976143520798,152.44582683558443,4381,0.14791143574526364,3.576968010183919,30.37133911967385,28.239964392278676,29177,0.9376220995989992,0.20935305891750325,8.630788329837317,5.046839211485071,19299,0.7721643608477123,0.9168804769895602,12.310113136623556,9.36024205987368,0.6806708030383294,0.02988637611269951,"[""y@t"", ""cores_1@t+h""]",2,20,100.0,71,0.1577865188628643,4.986888372370225,7.9259028965231355
engine=hc-aic,ar,1,33200,33558,0.8479051194946063,0.5873854569555976,10.530039868016596,6.37846200412646,33464,0.8498087497011714,0.5704202818279933,10.133059997284537,5.969205359771671,94,0.1702127659574468,6.62698780238272,151.85487384862944,152.07382739443122,4381,0.05820588906642319,3.466579123159004,31.894914064656206,26.98503137735546,29177,0.9664804469273743,0.15506727991076355,7.322050223588513,3.28433373788537,19299,0.7816985336027773,0.8497846832644308,11.889738104344255,7.934815242101226,0.6846330982901161,0.02988637611269951,"[""y@t"", ""cores_1@t+h""]",2,20,100.0,71,0.1577865188628643,4.986888372370225,7.9259028965231355
engine=hc-aic,persistence,1,33200,33558,0.8694499076226235,3.607232359165712,9.999003984825238,4.98688837237023,33464,0.8713841740377719,3.5537866030049146,9.597365235822318,4.570941907721736,94,0.18085106382978725,22.63392155240955,152.9823986298647,153.06382978723406,4381,0.0,27.63102111592855,34.103755315723284,28.69139465875371,29177,1.0,0.0,6.3796148913384405,1.4275970798917015,19299,0.7769832633815223,6.1621801587106315,11.808682343600474,7.9259028965231355,0.7291569012797388,0.02988637611269951,"[""y@t"", ""cores_1@t+h""]",2,20,100.0,71,0.1577865188628643,4.986888372370225,7.9259028965231355
engine=hc-aic,model,2,66758,33201,0.8631968916598898,0.45407229635485874,10.093928499104404,8.11837195256134,33108,0.8651081309653256,0.4353190677655878,9.718477875977838,7.735797859246745,93,0.1827956989247312,7.130221674135308,143.75435033216218,144.31474917255645,4870,0.20349075975359343,2.2068552398789203,23.183966317822478,21.756824812887427,28331,0.9765980727824645,0.15277502711049115,7.843796693761951,5.773969516015222,20321,0.7921362137690074,0.6141089273201151,9.681585678999408,8.32729539312409,0.7502665054724715,0.05980176106095314,"[""y@t"", ""data_quality_1@t+h""]",2,20,200.0,155,0.040059034366434744,4.608656365772116,6.818069976871217
engine=hc-aic,ar,2,66758,33201,0.8533176711544833,0.5421609150774279,10.261335493477878,6.13029255301562,33108,0.855261568201039,0.5241901510660337,9.857821217114283,5.713478733909832,93,0.16129032258064516,6.939752903133789,153.91241787891764,154.51601215467613,4870,0.0,2.908141917411149,27.0481251704205,21.224542885026175,28331,1.0,0.13545704012189452,7.3757449486079265,3.535643613094988,20321,0.764184833423552,0.7585486588794662,10.932651074866357,7.213807660481873,0.765320789938897,0.05980176106095314,"[""y@t"", ""data_quality_1@t+h""]",2,20,200.0,155,0.040059034366434744,4.608656365772116,6.818069976871217
engine=hc-aic,persistence,2,66758,33201,0.8533176711544833,4.0529825256640475,9.509566073772406,4.60865636577212,33108,0.855261568201039,3.9992706653234746,9.100182964346997,4.184789174821801,93,0.16129032258064516,23.174404806907813,155.24995302921795,155.50537634408602,4870,0.0,27.63102111592854,28.511997960823937,22.3258726899384,28331,1.0,0.0,6.243114367516328,1.563128728248215,20321,0.764184833423552,6.515813847130043,10.760368641163039,6.818069976871217,0.765320789938897,0.05980176106095314,"[""y@t"", ""data_quality_1@t+h""]",2,20,200.0,155,0.040059034366434744,4.608656365772116,6.818069976871217
engine=hc-aic,model,3,99959,33201,0.8763591458088612,0.4351772156370569,9.607751753896299,6.895437329856965,33108,0.878367766098828,0.4174046316025903,9.232795617310613,6.513680651586237,93,0.16129032258064516,6.762217131907167,143.09213637840003,142.8008147942362,3981,0.13112283345892992,2.765925003388765,28.273283424306282,25.96834828824828,29220,0.9778918548939083,0.11763077679244538,7.064716792229556,4.296900077106937,19992,0.8146758703481393,0.6303445924628052,9.511093299983905,7.721051816276991,0.6945773191418417,0.09105088375508785,"[""y@t"", ""data_quality_1@t+h""]",2,20,200.0,175,0.00036143489653926085,4.94388723231228,7.444927971188475
engine=hc-aic,ar,3,99959,33201,0.8800939730731002,0.45797957704839704,9.287228426018627,5.802470914890762,33108,0.8822036969916637,0.44002564049123927,8.851155130967266,5.357819955408952,93,0.12903225806451613,6.849580991396546,164.5293214643031,164.09821249041468,3981,0.0,2.861720316759939,32.36884332134319,27.813178045596775,29220,1.0,0.1304884105599764,6.142536129704902,2.8036815552966248,19992,0.804921968787515,0.6481891135367004,10.321836834743573,7.451671382987645,0.7133930791134014,0.09105088375508785,"[""y@t"", ""data_quality_1@t+h""]",2,20,200.0,175,0.00036143489653926085,4.94388723231228,7.444927971188475
engine=hc-aic,persistence,3,99959,33201,0.8800939730731002,3.313125961944265,9.373593408642652,4.943887232312285,33108,0.8822036969916637,3.2548321358016596,8.936359646175632,4.495559985501998,93,0.12903225806451613,24.06572806871196,165.0288128469024,164.5483870967742,3981,0.0,27.631021115928544,34.83492889718861,30.203466465712133,29220,1.0,0.0,5.9046825058397285,1.5024640657084247,19992,0.804921968787515,5.390205199685941,10.72821257860503,7.444927971188475,0.7133930791134014,0.09105088375508785,"[""y@t"", ""data_quality_1@t+h""]",2,20,200.0,175,0.00036143489653926085,4.94388723231228,7.444927971188475
engine=hc-aic,model,4,133160,33558,0.9022885750044699,0.4174916512779144,9.110109651692744,6.442053995537423,33464,0.9041656705713602,0.398427508380088,8.737714977308556,6.064742313022628,94,0.23404255319148937,7.204326522904126,141.68261373246372,140.76501297080438,4795,0.459436913451512,2.3760483846275338,25.848074155161246,26.63036289712438,28763,0.9761151479331085,0.09098608730991999,6.3197699863542365,3.0765169798189835,18970,0.8422772799156563,0.6486598146826764,10.487364723270018,9.17233235732519,0.8703223545830003,0.12169672921299934,"[""y@t"", ""throughput_2@t""]",2,20,400.0,281,0.009386733416770964,5.052863698670958,8.242224565102793
engine=hc-aic,ar,4,133160,33558,0.8571130579891532,0.538099604682822,9.510040671451186,6.077569935595535,33464,0.8588931388955295,0.5228619624646225,9.13941781414343,5.701058293949676,94,0.22340425531914893,5.96270023436185,141.45177787301273,140.11571436152144,4795,0.0,2.9389656115895284,31.132247659790075,25.183190965600055,28763,1.0,0.13785788778550054,5.905462480404183,2.8925248137768214,18970,0.7510806536636795,0.8192545513751086,11.396590774343078,8.209656210863853,0.8331044631028387,0.12169672921299934,"[""y@t"", ""throughput_2@t""]",2,20,400.0,281,0.009386733416770964,5.052863698670958,8.242224565102793
engine=hc-aic,persistence,4,133160,33558,0.8571130579891532,3.9481121118921685,9.341591152950988,5.052863698670964,33464,0.8588931388955295,3.8989266587800198,8.969021453097389,4.6723344489600835,94,0.22340425531914893,21.45813341981685,141.976404300833,140.5212765957447,4795,0.0,27.631021115928547,33.23950694523515,27.01438998957247,28763,1.0,0.0,5.3576358553811065,1.3917185272746313,18970,0.7510806536636795,6.877895714782003,11.610501678806116,8.242224565102793,0.8331044631028387,0.12169672921299934,"[""y@t"", ""throughput_2@t""]",2,20,400.0,281,0.009386733416770964,5.052863698670958,8.242224565102793
engine=hc-aic,model,5,166718,33201,0.9096111562904732,0.31945482122112623,8.941409936438918,5.588527758907385,33108,0.911441343481938,0.302172534291199,8.571742217943862,5.207082417228758,93,0.25806451612903225,6.4719489682752185,140.54311772067794,141.38306939649848,3654,0.4904214559386973,2.002063479990177,27.18684635352094,28.809492965170275,29547,0.9614512471655329,0.1113710212027788,6.685044665243272,2.716851891181911,18178,0.8633513037737925,0.4768649933940532,9.811973991542091,7.794164387457891,0.8105750078896026,0.15343449264764786,"[""y@t"", ""throughput_2@t""]",2,20,400.0,305,0.000843348091924942,4.627330502093311,7.7230718450874685
engine=hc-aic,ar,5,166718,33201,0.889943074003795,0.45556155304865315,9.89267614240066,5.9763331869367295,33108,0.8917482179533648,0.4413446571379285,9.527118340766618,5.597362187118702,93,0.24731182795698925,5.516776497266618,140.03125352411914,140.89000912215428,3654,0.0,3.0510384537745106,36.56034546345898,31.29318427975722,29547,1.0,0.1345857316369266,6.594755416129056,2.845464608293683,18178,0.802838596105182,0.7007271872030886,11.744923189437491,8.157410093476832,0.7670290749812423,0.15343449264764786,"[""y@t"", ""throughput_2@t""]",2,20,400.0,305,0.000843348091924942,4.627330502093311,7.7230718450874685
engine=hc-aic,persistence,5,166718,33201,0.889943074003795,3.0409852461553237,9.44115106386959,4.627330502093316,33108,0.8917482179533648,2.9911072755674737,9.069772937424974,4.240364866497528,93,0.24731182795698925,20.797542775430088,141.6517640781532,142.38709677419354,3654,0.0,27.631021115928547,38.26535954946101,32.33771209633279,29547,1.0,0.0,5.87653679486255,1.2004602836159401,18178,0.802838596105182,5.44777091426383,11.612693711794495,7.7230718450874685,0.7670290749812423,0.15343449264764786,"[""y@t"", ""throughput_2@t""]",2,20,400.0,305,0.000843348091924942,4.627330502093311,7.7230718450874685
"engine=hc-bic,prior=bdeu",model,1,33200,33558,0.8479051194946063,0.5873854569555976,10.530039868016596,6.37846200412646,33464,0.8498087497011714,0.5704202818279933,10.133059997284537,5.969205359771671,94,0.1702127659574468,6.62698780238272,151.85487384862944,152.07382739443122,4381,0.05820588906642319,3.466579123159004,31.894914064656206,26.98503137735546,29177,0.9664804469273743,0.15506727991076355,7.322050223588513,3.28433373788537,19299,0.7816985336027773,0.8497846832644308,11.889738104344255,7.934815242101226,0.6846330982901161,0.03468065336346626,"[""y@t""]",1,20,20.0,20,0.0,4.986888372370225,7.9259028965231355
"engine=hc-bic,prior=bdeu",ar,1,33200,33558,0.8479051194946063,0.5873854569555976,10.530039868016596,6.37846200412646,33464,0.8498087497011714,0.5704202818279933,10.133059997284537,5.969205359771671,94,0.1702127659574468,6.62698780238272,151.85487384862944,152.07382739443122,4381,0.05820588906642319,3.466579123159004,31.894914064656206,26.98503137735546,29177,0.9664804469273743,0.15506727991076355,7.322050223588513,3.28433373788537,19299,0.7816985336027773,0.8497846832644308,11.889738104344255,7.934815242101226,0.6846330982901161,0.03468065336346626,"[""y@t""]",1,20,20.0,20,0.0,4.986888372370225,7.9259028965231355
"engine=hc-bic,prior=bdeu",persistence,1,33200,33558,0.8694499076226235,3.607232359165712,9.999003984825238,4.98688837237023,33464,0.8713841740377719,3.5537866030049146,9.597365235822318,4.570941907721736,94,0.18085106382978725,22.63392155240955,152.9823986298647,153.06382978723406,4381,0.0,27.63102111592855,34.103755315723284,28.69139465875371,29177,1.0,0.0,6.3796148913384405,1.4275970798917015,19299,0.7769832633815223,6.1621801587106315,11.808682343600474,7.9259028965231355,0.7291569012797388,0.03468065336346626,"[""y@t""]",1,20,20.0,20,0.0,4.986888372370225,7.9259028965231355
"engine=hc-bic,prior=bdeu",model,2,66758,33201,0.8533176711544833,0.5421609150774279,10.261335493477878,6.13029255301562,33108,0.855261568201039,0.5241901510660337,9.857821217114283,5.713478733909832,93,0.16129032258064516,6.939752903133789,153.91241787891764,154.51601215467613,4870,0.0,2.908141917411149,27.0481251704205,21.224542885026175,28331,1.0,0.13545704012189452,7.3757449486079265,3.535643613094988,20321,0.764184833423552,0.7585486588794662,10.932651074866357,7.213807660481873,0.765320789938897,0.060013553127646446,"[""y@t""]",1,20,20.0,20,0.0,4.608656365772116,6.818069976871217
"engine=hc-bic,prior=bdeu",ar,2,66758,33201,0.8533176711544833,0.5421609150774279,10.261335493477878,6.13029255301562,33108,0.855261568201039,0.5241901510660337,9.857821217114283,5.713478733909832,93,0.16129032258064516,6.939752903133789,153.91241787891764,154.51601215467613,4870,0.0,2.908141917411149,27.0481251704205,21.224542885026175,28331,1.0,0.13545704012189452,7.3757449486079265,3.535643613094988,20321,0.764184833423552,0.7585486588794662,10.932651074866357,7.213807660481873,0.765320789938897,0.060013553127646446,"[""y@t""]",1,20,20.0,20,0.0,4.608656365772116,6.818069976871217
"engine=hc-bic,prior=bdeu",persistence,2,66758,33201,0.8533176711544833,4.0529825256640475,9.509566073772406,4.60865636577212,33108,0.855261568201039,3.9992706653234746,9.100182964346997,4.184789174821801,93,0.16129032258064516,23.174404806907813,155.24995302921795,155.50537634408602,4870,0.0,27.63102111592854,28.511997960823937,22.3258726899384,28331,1.0,0.0,6.243114367516328,1.563128728248215,20321,0.764184833423552,6.515813847130043,10.760368641163039,6.818069976871217,0.765320789938897,0.060013553127646446,"[""y@t""]",1,20,20.0,20,0.0,4.608656365772116,6.818069976871217
"engine=hc-bic,prior=bdeu",model,3,99959,33201,0.8800939730731002,0.45797957704839704,9.287228426018627,5.802470914890762,33108,0.8822036969916637,0.44002564049123927,8.851155130967266,5.357819955408952,93,0.12903225806451613,6.849580991396546,164.5293214643031,164.09821249041468,3981,0.0,2.861720316759939,32.36884332134319,27.813178045596775,29220,1.0,0.1304884105599764,6.142536129704902,2.8036815552966248,19992,0.804921968787515,0.6481891135367004,10.321836834743573,7.451671382987645,0.7133930791134014,0.056420471519231796,"[""y@t""]",1,20,20.0,20,0.0,4.94388723231228,7.444927971188475
"engine=hc-bic,prior=bdeu",ar,3,99959,33201,0.8800939730731002,0.45797957704839704,9.287228426018627,5.802470914890762,33108,0.8822036969916637,0.44002564049123927,8.851155130967266,5.357819955408952,93,0.12903225806451613,6.849580991396546,164.5293214643031,164.09821249041468,3981,0.0,2.861720316759939,32.36884332134319,27.813178045596775,29220,1.0,0.1304884105599764,6.142536129704902,2.8036815552966248,19992,0.804921968787515,0.6481891135367004,10.321836834743573,7.451671382987645,0.7133930791134014,0.056420471519231796,"[""y@t""]",1,20,20.0,20,0.0,4.94388723231228,7.444927971188475
"engine=hc-bic,prior=bdeu",persistence,3,99959,33201,0.8800939730731002,3.313125961944265,9.373593408642652,4.943887232312285,33108,0.8822036969916637,3.2548321358016596,8.936359646175632,4.495559985501998,93,0.12903225806451613,24.06572806871196,165.0288128469024,164.5483870967742,3981,0.0,27.631021115928544,34.83492889718861,30.203466465712133,29220,1.0,0.0,5.9046825058397285,1.5024640657084247,19992,0.804921968787515,5.390205199685941,10.72821257860503,7.444927971188475,0.7133930791134014,0.056420471519231796,"[""y@t""]",1,20,20.0,20,0.0,4.94388723231228,7.444927971188475
"engine=hc-bic,prior=bdeu",model,4,133160,33558,0.8571130579891532,0.538099604682822,9.510040671451186,6.077569935595535,33464,0.8588931388955295,0.5228619624646225,9.13941781414343,5.701058293949676,94,0.22340425531914893,5.96270023436185,141.45177787301273,140.11571436152144,4795,0.0,2.9389656115895284,31.132247659790075,25.183190965600055,28763,1.0,0.13785788778550054,5.905462480404183,2.8925248137768214,18970,0.7510806536636795,0.8192545513751086,11.396590774343078,8.209656210863853,0.8331044631028387,0.07571842521429062,"[""y@t""]",1,20,20.0,20,0.0,5.052863698670958,8.242224565102793
"engine=hc-bic,prior=bdeu",ar,4,133160,33558,0.8571130579891532,0.538099604682822,9.510040671451186,6.077569935595535,33464,0.8588931388955295,0.5228619624646225,9.13941781414343,5.701058293949676,94,0.22340425531914893,5.96270023436185,141.45177787301273,140.11571436152144,4795,0.0,2.9389656115895284,31.132247659790075,25.183190965600055,28763,1.0,0.13785788778550054,5.905462480404183,2.8925248137768214,18970,0.7510806536636795,0.8192545513751086,11.396590774343078,8.209656210863853,0.8331044631028387,0.07571842521429062,"[""y@t""]",1,20,20.0,20,0.0,5.052863698670958,8.242224565102793
"engine=hc-bic,prior=bdeu",persistence,4,133160,33558,0.8571130579891532,3.9481121118921685,9.341591152950988,5.052863698670964,33464,0.8588931388955295,3.8989266587800198,8.969021453097389,4.6723344489600835,94,0.22340425531914893,21.45813341981685,141.976404300833,140.5212765957447,4795,0.0,27.631021115928547,33.23950694523515,27.01438998957247,28763,1.0,0.0,5.3576358553811065,1.3917185272746313,18970,0.7510806536636795,6.877895714782003,11.610501678806116,8.242224565102793,0.8331044631028387,0.07571842521429062,"[""y@t""]",1,20,20.0,20,0.0,5.052863698670958,8.242224565102793
"engine=hc-bic,prior=bdeu",model,5,166718,33201,0.8797024186018494,0.48618799526290246,10.447448327668212,8.023970188982704,33108,0.8812673674036486,0.4728371560939038,10.17883792236862,7.746126832482764,93,0.3225806451612903,5.239086739426433,106.07275261432298,106.93620510296111,3654,0.11767925561029009,2.8140527805108446,32.51707665170356,29.89761823446114,29547,0.9739398246860933,0.1983070623324533,7.718155272670236,5.318913501055732,18178,0.8091649246341732,0.6904182137165265,11.8881194462455,9.80052594864526,0.7198815652026297,0.15116610005497932,"[""y@t"", ""data_quality_1@t+h""]",2,20,200.0,188,0.007650371976747688,4.627330502093311,7.7230718450874685
"engine=hc-bic,prior=bdeu",ar,5,166718,33201,0.889943074003795,0.45556155304865315,9.89267614240066,5.9763331869367295,33108,0.8917482179533648,0.4413446571379285,9.527118340766618,5.597362187118702,93,0.24731182795698925,5.516776497266618,140.03125352411914,140.89000912215428,3654,0.0,3.0510384537745106,36.56034546345898,31.29318427975722,29547,1.0,0.1345857316369266,6.594755416129056,2.845464608293683,18178,0.802838596105182,0.7007271872030886,11.744923189437491,8.157410093476832,0.7670290749812423,0.15116610005497932,"[""y@t"", ""data_quality_1@t+h""]",2,20,200.0,188,0.007650371976747688,4.627330502093311,7.7230718450874685
"engine=hc-bic,prior=bdeu",persistence,5,166718,33201,0.889943074003795,3.0409852461553237,9.44115106386959,4.627330502093316,33108,0.8917482179533648,2.9911072755674737,9.069772937424974,4.240364866497528,93,0.24731182795698925,20.797542775430088,141.6517640781532,142.38709677419354,3654,0.0,27.631021115928547,38.26535954946101,32.33771209633279,29547,1.0,0.0,5.87653679486255,1.2004602836159401,18178,0.802838596105182,5.44777091426383,11.612693711794495,7.7230718450874685,0.7670290749812423,0.15116610005497932,"[""y@t"", ""data_quality_1@t+h""]",2,20,200.0,188,0.007650371976747688,4.627330502093311,7.7230718450874685
cv=blocked,model,1,159935,39983,0.9081859790410924,0.2956017422125251,7.357516943738045,5.026549632085495,39872,0.9101374398073836,0.2795839243245106,7.047231345522796,4.707679287365694,111,0.2072072072072072,6.049317371319868,118.81434011525484,119.56707562008482,4935,0.4095238095238095,1.674174358753719,19.30225190698662,20.47257553663991,35048,0.9784010499885871,0.10148921474645599,5.675615921036843,2.851642709037788,23892,0.8632178134940566,0.41191367492212083,7.810101173665294,6.622533964543735,0.869443219501193,0.49632030725479126,"[""y@t"", ""throughput_2@t"", ""buffer_size_3@t"", ""data_quality_1@t+h""]",4,20,80000.0,1927,0.1434109496536028,3.9447765300252606,6.015277080194207
cv=blocked,ar,1,159935,39983,0.8765725433309156,0.45352306220382654,8.560243309504804,5.510043440902186,39872,0.8784861556982343,0.43815068917304195,8.236696705105429,5.176859835918843,111,0.1891891891891892,5.975390246739338,124.78051547717907,125.19199567419835,4935,0.0,2.636059202023813,24.56517494204628,19.231340095257618,35048,1.0,0.14620692861527268,6.306638607193911,3.577990285536858,23892,0.797212456052235,0.6384950522691567,9.310549676335503,6.396072233042662,0.8311067351749802,0.49632030725479126,"[""y@t"", ""throughput_2@t"", ""buffer_size_3@t"", ""data_quality_1@t+h""]",4,20,80000.0,1927,0.1434109496536028,3.9447765300252606,6.015277080194207
cv=blocked,persistence,1,159935,39983,0.8765725433309156,3.4104266615088257,8.268825274372508,3.9447765300252637,39872,0.8784861556982343,3.357551597779741,7.940212818641078,3.6044592696629243,111,0.1891891891891892,22.403530634536654,126.30878775116096,126.1891891891892,4935,0.0,27.631021115928547,26.527815259940763,21.05511651469098,35048,1.0,0.0,5.697833617822082,1.53552271170966,23892,0.797212456052235,5.603226908867981,9.238760291487742,6.015277080194207,0.8311067351749802,0.49632030725479126,"[""y@t"", ""throughput_2@t"", ""buffer_size_3@t"", ""data_quality_1@t+h""]",4,20,80000.0,1927,0.1434109496536028,3.9447765300252606,6.015277080194207
cv=blocked,model,2,159934,39984,0.8899809923969588,0.3644693698767812,8.641041018484318,6.0412629465084295,39872,0.8920044141252006,0.34323803420316723,8.229136288773748,5.620113802262549,112,0.16964285714285715,7.922824869683359,155.2791247954461,155.97035829804165,5106,0.3538973756365061,2.1267204396917454,26.7582822591576,26.856031729776667,34878,0.9684614943517403,0.10648284649599085,5.988749207747526,2.994063869515262,22116,0.8177789835413275,0.5488651297788255,10.0909138294036,8.32069463066922,0.7738570680923865,0.48808267898857594,"[""y@t"", ""throughput_2@t"", ""buffer_size_3@t""]",3,20,8000.0,901,0.06860244097639055,4.916641656662665,8.089663591969614
cv=blocked,ar,2,159934,39984,0.8722989195678271,0.5055617965991483,10.263683366333758,6.3892622874332385,39872,0.8742977528089888,0.4898322546721284,9.855066690092112,5.9681167144857215,112,0.16071428571428573,6.105278722618279,155.7312201083598,156.31708625674943,5106,0.0,2.891403199191653,32.958142269613056,27.371661514459127,34878,1.0,0.15628413728275048,6.941305157716749,3.3175227824961953,22116,0.773376740821125,0.7338988145159926,11.998068419479814,8.123216464578585,0.7432979454337297,0.48808267898857594,"[""y@t"", ""throughput_2@t"", ""buffer_size_3@t""]",3,20,8000.0,901,0.06860244097639055,4.916641656662665,8.089663591969614
cv=blocked,persistence,2,159934,39984,0.8722989195678271,3.528511249948258,9.603496796148608,4.9166416566626765,39872,0.8742977528089888,3.473281446454502,9.188195941610717,4.487133828250413,112,0.16071428571428573,23.19032129372574,157.45060101163855,157.82142857142858,5106,0.0,27.631021115928547,35.37067537915025,29.70799059929495,34878,1.0,0.0,5.831284689812054,1.2872871150868879,22116,0.773376740821125,6.261832059732043,11.93732518659046,8.089663591969614,0.7432979454337297,0.48808267898857594,"[""y@t"", ""throughput_2@t"", ""buffer_size_3@t""]",3,20,8000.0,901,0.06860244097639055,4.916641656662665,8.089663591969614
cv=blocked,model,3,159934,39984,0.9064625850340136,0.333578279789887,8.457214520778535,6.204704863435906,39872,0.9085323033707865,0.31527551421703226,8.092097996966261,5.830442911991287,112,0.16964285714285715,6.849362823726154,138.4386969979475,139.4419595777206,5349,0.3987661245092541,1.869345159358777,22.420764313795935,24.0050194093865,34635,0.9848707954381406,0.09639574654854172,6.300695743736522,3.455639394797543,24590,0.8602684017893453,0.4604763034227835,9.061311978204822,7.814472557177489,0.7913529334139938,0.4975350573658943,"[""y@t"", ""throughput_2@t"", ""buffer_size_3@t"", ""data_quality_1@t+h""]",4,20,80000.0,1858,0.14618347338935575,4.585534213685474,6.787393249288328
cv=blocked,ar,3,159934,39984,0.8662214885954381,0.5032880912921147,9.8666435768583,6.047439697160441,39872,0.8681781701444623,0.48657791497049985,9.487592767781623,5.655065515988804,112,0.16964285714285715,6.452110861787042,144.80873160815534,145.73264819426294,5349,0.0,2.9575877498116996,28.396785077798654,22.556498707841502,34635,1.0,0.12424813536830186,7.004864252806619,3.4977946373038504,24590,0.7862545750305002,0.7120424478539216,10.851837322322245,7.18739178894662,0.7476151516296325,0.4975350573658943,"[""y@t"", ""throughput_2@t"", ""buffer_size_3@t"", ""data_quality_1@t+h""]",4,20,80000.0,1858,0.14618347338935575,4.585534213685474,6.787393249288328
cv=blocked,persistence,3,159934,39984,0.8662214885954381,3.6964368734769355,9.321291566794457,4.58553421368548,39872,0.8681781701444623,3.6423717642787032,8.936873890614278,4.1859450240770535,112,0.16964285714285715,22.94361574804781,146.1739842869388,146.83928571428572,5349,0.0,27.63102111592855,30.719970375189295,24.44512993082819,34635,1.0,0.0,6.016497775944049,1.5184351089937997,24590,0.7862545750305002,5.906004350765369,10.866048071446556,6.787393249288328,0.7476151516296325,0.4975350573658943,"[""y@t"", ""throughput_2@t"", ""buffer_size_3@t"", ""data_quality_1@t+h""]",4,20,80000.0,1858,0.14618347338935575,4.585534213685474,6.787393249288328
cv=blocked,model,4,159934,39984,0.9117647058823529,0.33715662127628293,8.012543964010913,5.92524920170154,39872,0.9138493178170144,0.31417630429760285,7.584818560527328,5.493737568526647,112,0.16964285714285715,8.518149465686383,160.28278760416717,159.54339061196293,5590,0.49230769230769234,1.8848425127186688,23.561404099626394,24.90478245261041,34394,0.9799383613420946,0.08561379016728317,5.485413413388986,2.8405370172338826,24389,0.867686251998852,0.47069425497367673,8.664736000954846,7.761698169492189,0.8333442344698445,0.49778625555336475,"[""y@t"", ""throughput_2@t"", ""buffer_size_3@t""]",3,20,8000.0,889,0.07360444177671069,5.162139855942377,7.733076386895732
cv=blocked,ar,4,159934,39984,0.8601940776310524,0.5133350028521094,9.340581631148911,6.153002588734699,39872,0.8621589085072231,0.49679090679702304,8.918122405378963,5.724951720358939,112,0.16071428571428573,6.403033198462879,159.73606600525085,158.53911173050565,5590,0.0,2.8337880725570654,30.21490458245586,25.311453887300317,34394,1.0,0.13619559889645722,5.947912406929402,3.039211149559791,24389,0.7746525072778712,0.7321277238930904,10.513551402733487,7.719641493901802,0.7873136489571151,0.49778625555336475,"[""y@t"", ""throughput_2@t"", ""buffer_size_3@t""]",3,20,8000.0,889,0.07360444177671069,5.162139855942377,7.733076386895732
cv=blocked,persistence,4,159934,39984,0.8601940776310524,3.8629803931082582,9.29754623188285,5.162139855942387,39872,0.8621589085072231,3.8086901096795573,8.873489108351531,4.730186597110764,112,0.16071428571428573,23.19032129372575,160.26188220903234,158.9375,5590,0.0,27.631021115928544,32.43646612809776,27.295885509839,34394,1.0,0.0,5.536815807394818,1.5647787404780023,24389,0.7746525072778712,6.226581329826697,10.816141279790056,7.73307638689573,0.7873136489571151,0.49778625555336475,"[""y@t"", ""throughput_2@t"", ""buffer_size_3@t""]",3,20,8000.0,889,0.07360444177671069,5.162139855942377,7.733076386895732
cv=blocked,model,5,159935,39984,0.9229191676670668,0.2902109873528829,8.303974459926279,5.317692102304847,39872,0.9247592295345104,0.27144960485892633,7.946999842080785,4.9516593024143685,112,0.26785714285714285,6.969263155201422,135.3869384129221,135.62536886331515,4624,0.49091695501730104,1.94379165760843,26.59243800695085,28.183024242737872,35360,0.9794117647058823,0.07397351508869593,5.912406149930759,2.327610207017452,21355,0.8722079138375087,0.4539844148866855,9.3731898739387,7.93402774986835,0.8634970292503515,0.493666410446167,"[""y@t"", ""throughput_2@t"", ""buffer_size_3@t""]",3,20,8000.0,985,0.03088735494197679,4.556622649059624,7.815921329899321
cv=blocked,ar,5,159935,39984,0.8843537414965986,0.4646134006881128,9.813492973654773,5.715222645360325,39872,0.8861356340288925,0.4504637659266606,9.46200686140035,5.351718862771452,112,0.25,5.501883375765082,134.94254893622877,135.12256924699943,4624,0.0,3.034719997576098,34.958066463428416,29.109601864691392,35360,1.0,0.12852253801814548,6.52535644037668,2.655957670524725,21355,0.7874034184031843,0.7344466453542886,11.816019639650778,8.056057636469893,0.805247236585957,0.493666410446167,"[""y@t"", ""throughput_2@t"", ""buffer_size_3@t""]",3,20,8000.0,985,0.03088735494197679,4.556622649059624,7.815921329899321
cv=blocked,persistence,5,159935,39984,0.8843537414965986,3.1954242106856143,9.410927724580354,4.556622649059629,39872,0.8861356340288925,3.1461887004994886,9.054331361449687,4.186120585874804,112,0.25,20.72326583694641,136.3592329990981,136.45535714285714,4624,0.0,27.631021115928547,36.77574662920928,30.42993079584775,35360,1.0,0.0,5.8324514062827255,1.1731900452488742,21355,0.7874034184031843,5.874260635275842,11.790822994857415,7.815921329899321,0.805247236585957,0.493666410446167,"[""y@t"", ""throughput_2@t"", ""buffer_size_3@t""]",3,20,8000.0,985,0.03088735494197679,4.556622649059624,7.815921329899321
"cv=blocked,engine=hc-aic",model,1,159935,39983,0.9245679413750844,0.319343974074367,8.376331861846593,5.570422278026891,39872,0.926590088282504,0.30068714358031773,8.04890184006719,5.234658494927859,111,0.1981981981981982,7.021011951180051,125.99155554102057,126.17919308635611,4935,0.5088145896656535,1.8608958410221823,19.220170397586088,20.305444872797253,35048,0.9831088792513125,0.10228284466933761,6.849444645061771,3.4956295222293634,23892,0.8849405658797924,0.45054139186935094,8.726996250096501,7.130313673427458,0.897386522750379,0.14918330311775208,"[""y@t"", ""throughput_2@t""]",2,20,400.0,303,0.005227221569166896,3.9447765300252606,6.015277080194207
"cv=blocked,engine=hc-aic",ar,1,159935,39983,0.8765725433309156,0.45352306220382654,8.560243309504804,5.510043440902186,39872,0.8784861556982343,0.43815068917304195,8.236696705105429,5.176859835918843,111,0.1891891891891892,5.975390246739338,124.78051547717907,125.19199567419835,4935,0.0,2.636059202023813,24.56517494204628,19.231340095257618,35048,1.0,0.14620692861527268,6.306638607193911,3.577990285536858,23892,0.797212456052235,0.6384950522691567,9.310549676335503,6.396072233042662,0.8311067351749802,0.14918330311775208,"[""y@t"", ""throughput_2@t""]",2,20,400.0,303,0.005227221569166896,3.9447765300252606,6.015277080194207
"cv=blocked,engine=hc-aic",persistence,1,159935,39983,0.8765725433309156,3.4104266615088257,8.268825274372508,3.9447765300252637,39872,0.8784861556982343,3.357551597779741,7.940212818641078,3.6044592696629243,111,0.1891891891891892,22.403530634536654,126.30878775116096,126.1891891891892,4935,0.0,27.631021115928547,26.527815259940763,21.05511651469098,35048,1.0,0.0,5.697833617822082,1.53552271170966,23892,0.797212456052235,5.603226908867981,9.238760291487742,6.015277080194207,0.8311067351749802,0.14918330311775208,"[""y@t"", ""throughput_2@t""]",2,20,400.0,303,0.005227221569166896,3.9447765300252606,6.015277080194207
"cv=blocked,engine=hc-aic",model,2,159934,39984,0.8996598639455783,0.4053788240145421,9.294903761803894,6.1881251793907746,39872,0.9017104735152488,0.38664516129124854,8.885406672606457,5.76840237527584,112,0.16964285714285715,7.074562753507069,155.0758675160916,155.6094434443073,5106,0.3973756365060713,2.397021354997303,26.758124432815812,26.732980787606174,34878,0.9731922701989792,0.11381030623261715,6.738357952233771,3.180440313987143,22116,0.8355489238560319,0.6189097564723268,10.470968755829437,8.199684560055212,0.7758443935666568,0.14827637933194637,"[""y@t"", ""throughput_2@t""]",2,20,400.0,295,0.025685274109643857,4.916641656662665,8.089663591969614
"cv=blocked,engine=hc-aic",ar,2,159934,39984,0.8722989195678271,0.5055617965991483,10.263683366333758,6.3892622874332385,39872,0.8742977528089888,0.4898322546721284,9.855066690092112,5.9681167144857215,112,0.16071428571428573,6.105278722618279,155.7312201083598,156.31708625674943,5106,0.0,2.891403199191653,32.958142269613056,27.371661514459127,34878,1.0,0.15628413728275048,6.941305157716749,3.3175227824961953,22116,0.773376740821125,0.7338988145159926,11.998068419479814,8.123216464578585,0.7432979454337297,0.14827637933194637,"[""y@t"", ""throughput_2@t""]",2,20,400.0,295,0.025685274109643857,4.916641656662665,8.089663591969614
"cv=blocked,engine=hc-aic",persistence,2,159934,39984,0.8722989195678271,3.528511249948258,9.603496796148608,4.9166416566626765,39872,0.8742977528089888,3.473281446454502,9.188195941610717,4.487133828250413,112,0.16071428571428573,23.19032129372574,157.45060101163855,157.82142857142858,5106,0.0,27.631021115928547,35.37067537915025,29.70799059929495,34878,1.0,0.0,5.831284689812054,1.2872871150868879,22116,0.773376740821125,6.261832059732043,11.93732518659046,8.089663591969614,0.7432979454337297,0.14827637933194637,"[""y@t"", ""throughput_2@t""]",2,20,400.0,295,0.025685274109643857,4.916641656662665,8.089663591969614
"cv=blocked,engine=hc-aic",model,3,159934,39984,0.9034113645458183,0.34953146272271085,8.525102861292513,5.550646059803545,39872,0.9054474317817014,0.32901613656367773,8.138662370442365,5.153996184386256,112,0.17857142857142858,7.652987575338501,146.09791760394532,146.75800170835853,5349,0.4989717704243784,1.9252855952492514,20.821144436961262,21.528230297237492,34635,0.965872672152447,0.10617333207785833,6.626112637869615,3.083081512783646,24590,0.8638064253761691,0.4784820125396612,9.052443851312258,7.021900452649308,0.8076326950194485,0.14889213629066944,"[""y@t"", ""throughput_2@t""]",2,20,400.0,304,0.00430172068827531,4.585534213685474,6.787393249288328
"cv=blocked,engine=hc-aic",ar,3,159934,39984,0.8662214885954381,0.5032880912921147,9.8666435768583,6.047439697160441,39872,0.8681781701444623,0.48657791497049985,9.487592767781623,5.655065515988804,112,0.16964285714285715,6.452110861787042,144.80873160815534,145.73264819426294,5349,0.0,2.9575877498116996,28.396785077798654,22.556498707841502,34635,1.0,0.12424813536830186,7.004864252806619,3.4977946373038504,24590,0.7862545750305002,0.7120424478539216,10.851837322322245,7.18739178894662,0.7476151516296325,0.14889213629066944,"[""y@t"", ""throughput_2@t""]",2,20,400.0,304,0.00430172068827531,4.585534213685474,6.787393249288328
"cv=blocked,engine=hc-aic",persistence,3,159934,39984,0.8662214885954381,3.6964368734769355,9.321291566794457,4.58553421368548,39872,0.8681781701444623,3.6423717642787032,8.936873890614278,4.1859450240770535,112,0.16964285714285715,22.94361574804781,146.1739842869388,146.83928571428572,5349,0.0,27.63102111592855,30.719970375189295,24.44512993082819,34635,1.0,0.0,6.016497775944049,1.5184351089937997,24590,0.7862545750305002,5.906004350765369,10.866048071446556,6.787393249288328,0.7476151516296325,0.14889213629066944,"[""y@t"", ""throughput_2@t""]",2,20,400.0,304,0.00430172068827531,4.585534213685474,6.787393249288328
"cv=blocked,engine=hc-aic",model,4,159934,39984,0.9019857943177271,0.3802689402477719,9.663857499813902,6.979743547966331,39872,0.904042937399679,0.35980557276407793,9.242012496738695,6.5526525178854165,112,0.16964285714285715,7.665227764442831,159.84067859458804,159.02415025677178,5590,0.49838998211091234,2.0550806583323618,24.116932804753553,24.989826181002794,34394,0.9675815549223702,0.10806455855059051,7.31482304744975,4.052594570857712,24389,0.8636680470704006,0.5310943350934187,9.840350980637357,8.35712023204266,0.819937167324962,0.1481222528964281,"[""y@t"", ""throughput_2@t""]",2,20,400.0,303,0.004701880752300921,5.162139855942377,7.733076386895732
"cv=blocked,engine=hc-aic",ar,4,159934,39984,0.8601940776310524,0.5133350028521094,9.340581631148911,6.153002588734699,39872,0.8621589085072231,0.49679090679702304,8.918122405378963,5.724951720358939,112,0.16071428571428573,6.403033198462879,159.73606600525085,158.53911173050565,5590,0.0,2.8337880725570654,30.21490458245586,25.311453887300317,34394,1.0,0.13619559889645722,5.947912406929402,3.039211149559791,24389,0.7746525072778712,0.7321277238930904,10.513551402733487,7.719641493901802,0.7873136489571151,0.1481222528964281,"[""y@t"", ""throughput_2@t""]",2,20,400.0,303,0.004701880752300921,5.162139855942377,7.733076386895732
"cv=blocked,engine=hc-aic",persistence,4,159934,39984,0.8601940776310524,3.8629803931082582,9.29754623188285,5.162139855942387,39872,0.8621589085072231,3.8086901096795573,8.873489108351531,4.730186597110764,112,0.16071428571428573,23.19032129372575,160.26188220903234,158.9375,5590,0.0,27.631021115928544,32.43646612809776,27.295885509839,34394,1.0,0.0,5.536815807394818,1.5647787404780023,24389,0.7746525072778712,6.226581329826697,10.816141279790056,7.73307638689573,0.7873136489571151,0.1481222528964281,"[""y@t"", ""throughput_2@t""]",2,20,400.0,303,0.004701880752300921,5.162139855942377,7.733076386895732
"cv=blocked,engine=hc-aic",model,5,159935,39984,0.9122148859543817,0.3384011400945731,8.88113801796704,5.517107843157296,39872,0.9140248796147673,0.3208190091671641,8.525730961705126,5.151720254542944,112,0.26785714285714285,6.597639750252163,135.40605004720865,135.59508938986679,4624,0.5274653979238755,2.1465173945659046,26.358650273404404,28.134541515754655,35360,0.9625282805429864,0.1019551683560144,6.595617184563693,2.5594434398176418,21355,0.865136970264575,0.5269989410624666,9.92501321070814,8.024296970488138,0.8588448792102215,0.1490349043160677,"[""y@t"", ""throughput_2@t""]",2,20,400.0,304,0.0007252901160464185,4.556622649059624,7.815921329899321
"cv=blocked,engine=hc-aic",ar,5,159935,39984,0.8843537414965986,0.4646134006881128,9.813492973654773,5.715222645360325,39872,0.8861356340288925,0.4504637659266606,9.46200686140035,5.351718862771452,112,0.25,5.501883375765082,134.94254893622877,135.12256924699943,4624,0.0,3.034719997576098,34.958066463428416,29.109601864691392,35360,1.0,0.12852253801814548,6.52535644037668,2.655957670524725,21355,0.7874034184031843,0.7344466453542886,11.816019639650778,8.056057636469893,0.805247236585957,0.1490349043160677,"[""y@t"", ""throughput_2@t""]",2,20,400.0,304,0.0007252901160464185,4.556622649059624,7.815921329899321
"cv=blocked,engine=hc-aic",persistence,5,159935,39984,0.8843537414965986,3.1954242106856143,9.410927724580354,4.556622649059629,39872,0.8861356340288925,3.1461887004994886,9.054331361449687,4.186120585874804,112,0.25,20.72326583694641,136.3592329990981,136.45535714285714,4624,0.0,27.631021115928547,36.77574662920928,30.42993079584775,35360,1.0,0.0,5.8324514062827255,1.1731900452488742,21355,0.7874034184031843,5.874260635275842,11.790822994857415,7.815921329899321,0.805247236585957,0.1490349043160677,"[""y@t"", ""throughput_2@t""]",2,20,400.0,304,0.0007252901160464185,4.556622649059624,7.815921329899321
"cv=blocked,engine=hc-bic,prior=bdeu",model,1,159935,39983,0.8765725433309156,0.45352306220382654,8.560243309504804,5.510043440902186,39872,0.8784861556982343,0.43815068917304195,8.236696705105429,5.176859835918843,111,0.1891891891891892,5.975390246739338,124.78051547717907,125.19199567419835,4935,0.0,2.636059202023813,24.56517494204628,19.231340095257618,35048,1.0,0.14620692861527268,6.306638607193911,3.577990285536858,23892,0.797212456052235,0.6384950522691567,9.310549676335503,6.396072233042662,0.8311067351749802,0.09126430936157703,"[""y@t""]",1,20,20.0,20,0.0,3.9447765300252606,6.015277080194207
"cv=blocked,engine=hc-bic,prior=bdeu",ar,1,159935,39983,0.8765725433309156,0.45352306220382654,8.560243309504804,5.510043440902186,39872,0.8784861556982343,0.43815068917304195,8.236696705105429,5.176859835918843,111,0.1891891891891892,5.975390246739338,124.78051547717907,125.19199567419835,4935,0.0,2.636059202023813,24.56517494204628,19.231340095257618,35048,1.0,0.14620692861527268,6.306638607193911,3.577990285536858,23892,0.797212456052235,0.6384950522691567,9.310549676335503,6.396072233042662,0.8311067351749802,0.09126430936157703,"[""y@t""]",1,20,20.0,20,0.0,3.9447765300252606,6.015277080194207
"cv=blocked,engine=hc-bic,prior=bdeu",persistence,1,159935,39983,0.8765725433309156,3.4104266615088257,8.268825274372508,3.9447765300252637,39872,0.8784861556982343,3.357551597779741,7.940212818641078,3.6044592696629243,111,0.1891891891891892,22.403530634536654,126.30878775116096,126.1891891891892,4935,0.0,27.631021115928547,26.527815259940763,21.05511651469098,35048,1.0,0.0,5.697833617822082,1.53552271170966,23892,0.797212456052235,5.603226908867981,9.238760291487742,6.015277080194207,0.8311067351749802,0.09126430936157703,"[""y@t""]",1,20,20.0,20,0.0,3.9447765300252606,6.015277080194207
"cv=blocked,engine=hc-bic,prior=bdeu",model,2,159934,39984,0.8722989195678271,0.5055617965991483,10.263683366333758,6.3892622874332385,39872,0.8742977528089888,0.4898322546721284,9.855066690092112,5.9681167144857215,112,0.16071428571428573,6.105278722618279,155.7312201083598,156.31708625674943,5106,0.0,2.891403199191653,32.958142269613056,27.371661514459127,34878,1.0,0.15628413728275048,6.941305157716749,3.3175227824961953,22116,0.773376740821125,0.7338988145159926,11.998068419479814,8.123216464578585,0.7432979454337297,0.09132529981434345,"[""y@t""]",1,20,20.0,20,0.0,4.916641656662665,8.089663591969614
"cv=blocked,engine=hc-bic,prior=bdeu",ar,2,159934,39984,0.8722989195678271,0.5055617965991483,10.263683366333758,6.3892622874332385,39872,0.8742977528089888,0.4898322546721284,9.855066690092112,5.9681167144857215,112,0.16071428571428573,6.105278722618279,155.7312201083598,156.31708625674943,5106,0.0,2.891403199191653,32.958142269613056,27.371661514459127,34878,1.0,0.15628413728275048,6.941305157716749,3.3175227824961953,22116,0.773376740821125,0.7338988145159926,11.998068419479814,8.123216464578585,0.7432979454337297,0.09132529981434345,"[""y@t""]",1,20,20.0,20,0.0,4.916641656662665,8.089663591969614
"cv=blocked,engine=hc-bic,prior=bdeu",persistence,2,159934,39984,0.8722989195678271,3.528511249948258,9.603496796148608,4.9166416566626765,39872,0.8742977528089888,3.473281446454502,9.188195941610717,4.487133828250413,112,0.16071428571428573,23.19032129372574,157.45060101163855,157.82142857142858,5106,0.0,27.631021115928547,35.37067537915025,29.70799059929495,34878,1.0,0.0,5.831284689812054,1.2872871150868879,22116,0.773376740821125,6.261832059732043,11.93732518659046,8.089663591969614,0.7432979454337297,0.09132529981434345,"[""y@t""]",1,20,20.0,20,0.0,4.916641656662665,8.089663591969614
"cv=blocked,engine=hc-bic,prior=bdeu",model,3,159934,39984,0.8662214885954381,0.5032880912921147,9.8666435768583,6.047439697160441,39872,0.8681781701444623,0.48657791497049985,9.487592767781623,5.655065515988804,112,0.16964285714285715,6.452110861787042,144.80873160815534,145.73264819426294,5349,0.0,2.9575877498116996,28.396785077798654,22.556498707841502,34635,1.0,0.12424813536830186,7.004864252806619,3.4977946373038504,24590,0.7862545750305002,0.7120424478539216,10.851837322322245,7.18739178894662,0.7476151516296325,0.09111317247152328,"[""y@t""]",1,20,20.0,20,0.0,4.585534213685474,6.787393249288328
"cv=blocked,engine=hc-bic,prior=bdeu",ar,3,159934,39984,0.8662214885954381,0.5032880912921147,9.8666435768583,6.047439697160441,39872,0.8681781701444623,0.48657791497049985,9.487592767781623,5.655065515988804,112,0.16964285714285715,6.452110861787042,144.80873160815534,145.73264819426294,5349,0.0,2.9575877498116996,28.396785077798654,22.556498707841502,34635,1.0,0.12424813536830186,7.004864252806619,3.4977946373038504,24590,0.7862545750305002,0.7120424478539216,10.851837322322245,7.18739178894662,0.7476151516296325,0.09111317247152328,"[""y@t""]",1,20,20.0,20,0.0,4.585534213685474,6.787393249288328
"cv=blocked,engine=hc-bic,prior=bdeu",persistence,3,159934,39984,0.8662214885954381,3.6964368734769355,9.321291566794457,4.58553421368548,39872,0.8681781701444623,3.6423717642787032,8.936873890614278,4.1859450240770535,112,0.16964285714285715,22.94361574804781,146.1739842869388,146.83928571428572,5349,0.0,27.63102111592855,30.719970375189295,24.44512993082819,34635,1.0,0.0,6.016497775944049,1.5184351089937997,24590,0.7862545750305002,5.906004350765369,10.866048071446556,6.787393249288328,0.7476151516296325,0.09111317247152328,"[""y@t""]",1,20,20.0,20,0.0,4.585534213685474,6.787393249288328
"cv=blocked,engine=hc-bic,prior=bdeu",model,4,159934,39984,0.8601940776310524,0.5133350028521094,9.340581631148911,6.153002588734699,39872,0.8621589085072231,0.49679090679702304,8.918122405378963,5.724951720358939,112,0.16071428571428573,6.403033198462879,159.73606600525085,158.53911173050565,5590,0.0,2.8337880725570654,30.21490458245586,25.311453887300317,34394,1.0,0.13619559889645722,5.947912406929402,3.039211149559791,24389,0.7746525072778712,0.7321277238930904,10.513551402733487,7.719641493901802,0.7873136489571151,0.09125963598489761,"[""y@t""]",1,20,20.0,20,0.0,5.162139855942377,7.733076386895732
"cv=blocked,engine=hc-bic,prior=bdeu",ar,4,159934,39984,0.8601940776310524,0.5133350028521094,9.340581631148911,6.153002588734699,39872,0.8621589085072231,0.49679090679702304,8.918122405378963,5.724951720358939,112,0.16071428571428573,6.403033198462879,159.73606600525085,158.53911173050565,5590,0.0,2.8337880725570654,30.21490458245586,25.311453887300317,34394,1.0,0.13619559889645722,5.947912406929402,3.039211149559791,24389,0.7746525072778712,0.7321277238930904,10.513551402733487,7.719641493901802,0.7873136489571151,0.09125963598489761,"[""y@t""]",1,20,20.0,20,0.0,5.162139855942377,7.733076386895732
"cv=blocked,engine=hc-bic,prior=bdeu",persistence,4,159934,39984,0.8601940776310524,3.8629803931082582,9.29754623188285,5.162139855942387,39872,0.8621589085072231,3.8086901096795573,8.873489108351531,4.730186597110764,112,0.16071428571428573,23.19032129372575,160.26188220903234,158.9375,5590,0.0,27.631021115928544,32.43646612809776,27.295885509839,34394,1.0,0.0,5.536815807394818,1.5647787404780023,24389,0.7746525072778712,6.226581329826697,10.816141279790056,7.73307638689573,0.7873136489571151,0.09125963598489761,"[""y@t""]",1,20,20.0,20,0.0,5.162139855942377,7.733076386895732
"cv=blocked,engine=hc-bic,prior=bdeu",model,5,159935,39984,0.8843537414965986,0.4646134006881128,9.813492973654773,5.715222645360325,39872,0.8861356340288925,0.4504637659266606,9.46200686140035,5.351718862771452,112,0.25,5.501883375765082,134.94254893622877,135.12256924699943,4624,0.0,3.034719997576098,34.958066463428416,29.109601864691392,35360,1.0,0.12852253801814548,6.52535644037668,2.655957670524725,21355,0.7874034184031843,0.7344466453542886,11.816019639650778,8.056057636469893,0.805247236585957,0.09119302779436111,"[""y@t""]",1,20,20.0,20,0.0,4.556622649059624,7.815921329899321
"cv=blocked,engine=hc-bic,prior=bdeu",ar,5,159935,39984,0.8843537414965986,0.4646134006881128,9.813492973654773,5.715222645360325,39872,0.8861356340288925,0.4504637659266606,9.46200686140035,5.351718862771452,112,0.25,5.501883375765082,134.94254893622877,135.12256924699943,4624,0.0,3.034719997576098,34.958066463428416,29.109601864691392,35360,1.0,0.12852253801814548,6.52535644037668,2.655957670524725,21355,0.7874034184031843,0.7344466453542886,11.816019639650778,8.056057636469893,0.805247236585957,0.09119302779436111,"[""y@t""]",1,20,20.0,20,0.0,4.556622649059624,7.815921329899321
"cv=blocked,engine=hc-bic,prior=bdeu",persistence,5,159935,39984,0.8843537414965986,3.1954242106856143,9.410927724580354,4.556622649059629,39872,0.8861356340288925,3.1461887004994886,9.054331361449687,4.186120585874804,112,0.25,20.72326583694641,136.3592329990981,136.45535714285714,4624,0.0,27.631021115928547,36.77574662920928,30.42993079584775,35360,1.0,0.0,5.8324514062827255,1.1731900452488742,21355,0.7874034184031843,5.874260635275842,11.790822994857415,7.815921329899321,0.805247236585957,0.09119302779436111,"[""y@t""]",1,20,20.0,20,0.0,4.556622649059624,7.815921329899321
