config,acc,logloss,maeh,acc_change,acc_xrun,acc_ar,acc_persistence,maeh_ar,mae_persistence_continuous,n_parents,unseen_cfg_frac,parents_last_fold,acc[20260313],logloss[20260313],acc[20260316],logloss[20260316],acc[20260319],logloss[20260319],d_acc_vs_ar,d_acc_lo_vs_ar,d_acc_hi_vs_ar,p_acc_vs_ar,d_logloss_vs_ar,d_logloss_lo_vs_ar,d_logloss_hi_vs_ar,p_logloss_vs_ar,d_mae_vs_ar,d_mae_lo_vs_ar,d_mae_hi_vs_ar,p_mae_vs_ar,d_maeh_vs_ar,d_maeh_lo_vs_ar,d_maeh_hi_vs_ar,p_maeh_vs_ar,n_runs,d_acc_vs_ref,d_acc_lo_vs_ref,d_acc_hi_vs_ref,p_acc_vs_ref,d_logloss_vs_ref,d_logloss_lo_vs_ref,d_logloss_hi_vs_ref,p_logloss_vs_ref,d_mae_vs_ref,d_mae_lo_vs_ref,d_mae_hi_vs_ref,p_mae_vs_ref,d_maeh_vs_ref,d_maeh_lo_vs_ref,d_maeh_hi_vs_ref,p_maeh_vs_ref,p_holm_acc_vs_ar,p_holm_logloss_vs_ar,p_holm_mae_vs_ar,p_holm_maeh_vs_ar,p_holm_acc_vs_ref,p_holm_logloss_vs_ref,p_holm_mae_vs_ref,p_holm_maeh_vs_ref
ref,0.9077589636854028,0.3375494753497627,5.848513373718133,0.38332383356404204,0.1948608137044968,0.8750872226120998,0.8772285502352262,5.925874108819346,4.652649068192588,3.6,0.12466731220818987,"[""y@t"", ""throughput_2@t"", ""buffer_size_3@t"", ""data_quality_2@t+h""]; [""y@t"", ""throughput_2@t"", ""buffer_size_3@t""]; [""y@t"", ""throughput_2@t"", ""data_quality_2@t+h"", ""buffer_size_2@t""]",0.9154424982072445,0.3241661072661956,0.9086172744091916,0.31724169328424706,0.899188437672026,0.37109472025375906,0.03267174107330295,0.028025000149952968,0.037302287081856234,0.0001,-0.14937097541490968,-0.16205679761423608,-0.13683478145145184,0.0001,-1.0872939880283283,-1.2429885737776825,-0.9272109949924536,0.0001,-0.07736073510121244,-0.25649785766831423,0.10598118949124853,0.391,1401,,,,,,,,,,,,,,,,,0.006,0.006,0.006,1.0,,,,
n_bins=4,0.9888315069068313,0.0575738518822395,5.557415151776609,0.1924164310660236,0.44325481798715205,0.9879777749786567,0.9879777749786567,5.373444285745791,4.652649068192588,3.7333333333333334,0.024660519282829387,"[""y@t"", ""avg_p_latency_1@t"", ""buffer_size_2@t"", ""data_quality_1@t+h""]; [""y@t"", ""throughput_2@t"", ""buffer_size_3@t"", ""avg_p_latency_3@t""]",0.9891054934900063,0.062224828405965917,0.9893212649965042,0.052474743257589496,0.9880550893429895,0.058056313018805594,0.000853731928174617,-0.00018599159863798005,0.0016535307913315776,0.0972,-0.016365177975998874,-0.02078230125966315,-0.012024244061036176,0.0001,-0.1251290806950962,-0.3689603451060049,0.1344838616075799,0.327,0.18397086603081814,-0.10798153438903203,0.5246035266272165,0.2518,1401,0.08107254322142854,0.07390074516601784,0.0885522945795021,0.0001,-0.2799756234675232,-0.301339397777618,-0.25975286218852744,0.0001,17.761932284588024,16.939421312416183,18.570629882817922,0.0001,-0.29109822194152457,-0.6514577508137621,0.10280987604278062,0.1342,0.6804,0.006,1.0,1.0,0.0059,0.0059,0.0059,1.0
n_bins=6,0.9818776904052128,0.08767028531365463,5.532774206002506,0.24877947439493092,0.31834403997144894,0.9807520438582286,0.9807520438582286,5.543127454157383,4.652649068192588,3.3333333333333335,0.02749116118650614,"[""y@t"", ""data_quality_1@t"", ""buffer_size_2@t"", ""data_quality_1@t+h""]; [""y@t"", ""throughput_2@t"", ""buffer_size_3@t"", ""avg_p_latency_3@t""]; [""y@t"", ""throughput_2@t"", ""buffer_size_3@t""]",0.9798349447305803,0.07885579760178502,0.9852828067854915,0.0800365709332885,0.980535385053129,0.10407915256185345,0.0011256465469842158,-0.001411556771173883,0.0030350469952434844,0.3088,-0.028827409943406754,-0.034652038925288335,-0.022839872553056924,0.0001,-0.21798513392403862,-0.4316547982012547,0.010962763966295135,0.0616,-0.01035324815487737,-0.23966882306009143,0.24972695344888426,0.9152,1401,0.07411872671981001,0.06672699772271505,0.08161657239626756,0.0001,-0.2498791900361081,-0.2710666005446715,-0.22879558468895886,0.0001,10.899091028589666,10.373947021883254,11.443875374395974,0.0001,-0.3157391677156278,-0.5963863880154442,-0.0321765940080141,0.031,1.0,0.006,0.4228,1.0,0.0059,0.0059,0.0059,0.961
n_bins=10,0.9349104381224296,0.2471046088513381,6.509809876592352,0.3312229081833705,0.22341184867951464,0.9238339161503288,0.9238938973162427,6.022321637556499,4.652649068192588,3.933333333333333,0.08595639582760575,"[""y@t"", ""data_quality_2@t"", ""throughput_2@t"", ""buffer_size_2@t""]; [""y@t"", ""data_quality_2@t+h"", ""throughput_2@t"", ""buffer_size_2@t""]; [""y@t"", ""throughput_2@t"", ""data_quality_2@t+h"", ""data_quality_2@t""]",0.9433584094813858,0.23558587824737182,0.9333247460503303,0.22984856232598494,0.9281183532667242,0.27551520288437326,0.011076521972100739,0.005793680784233705,0.01610899177658221,0.0004,-0.09782244747765859,-0.11134289642308358,-0.08403422017329701,0.0001,-0.604732562612277,-0.838617817973931,-0.3589580527722586,0.0001,0.48748823903585325,0.2313010712132104,0.7554644342160496,0.0002,1401,0.027151474437026812,0.02113536349586231,0.03291056608225025,0.0001,-0.09044486649842462,-0.1044221682948216,-0.07621360685953131,0.0001,3.578901854177591,3.1951718496053374,3.960494687887338,0.0001,0.6612965028742188,0.3971560307391042,0.9285263733841032,0.0001,0.006,0.006,0.006,0.0094,0.0059,0.0059,0.0059,0.0059
n_bins=30,0.8859458130147134,0.4046217093803428,5.318389778017862,0.3961755992458928,0.15631691648822268,0.8467381242289921,0.8515266206411187,5.303623623258878,4.652649068192588,3.2,0.11868146328156823,"[""y@t"", ""throughput_2@t"", ""buffer_size_3@t""]",0.8993532622383202,0.38742122189596073,0.8834077030491905,0.37512155980413253,0.8751362269913685,0.45095211265688107,0.03920768878572134,0.03467501204621757,0.04385447969337624,0.0001,-0.1552147011251116,-0.16619557177438612,-0.1443759255979241,0.0001,-0.8928343959062568,-0.9914277626722028,-0.7918876031431943,0.0001,0.014766154758984129,-0.08993429397723837,0.12832966377216884,0.8026,1401,-0.02181315067068934,-0.0288291476476386,-0.014895272884314237,0.0001,0.0670722340305801,0.05085877770534467,0.08368033749063535,0.0001,-2.075484454896758,-2.279597551671406,-1.872733517418381,0.0001,-0.530123595700271,-0.7088128534065355,-0.3485420429199194,0.0001,0.006,0.006,0.006,1.0,0.0059,0.0059,0.0059,0.0059
n_bins=50,0.8622552518509188,0.5072448031231434,4.987956827332016,0.425480871753316,0.1256245538900785,0.8060489006451974,0.812482880375562,5.4725190911416,4.652649068192588,3.2,0.14491313493291766,"[""y@t"", ""throughput_2@t"", ""buffer_size_3@t""]",0.8746350885355287,0.4774620445205121,0.8760059777743173,0.4202669367934878,0.8361825810168497,0.6236012860586653,0.05620635120572137,0.05084598436091058,0.0618626251357073,0.0001,-0.17396429813609404,-0.18510680937582438,-0.16312936424389277,0.0001,-0.8282785304191878,-0.9040139583527035,-0.7553233887871108,0.0001,-0.48456226380958434,-0.5610879656551331,-0.4090931384992884,0.0001,1401,-0.045503711834483984,-0.052865450248621895,-0.03813597530375467,0.0001,0.16969532777338064,0.14502308402913125,0.19639316405402127,0.0001,-3.0152235266233562,-3.295168374282741,-2.7024633043195503,0.0001,-0.8605565463861176,-1.1242337673649536,-0.5484666788306677,0.0001,0.006,0.006,0.006,0.006,0.0059,0.0059,0.0059,0.0059
n_bins=100,0.7894881007363688,0.8068726485822318,5.539939814380664,0.4344235263754069,0.10135617416131334,0.6971331002065352,0.7211155697111107,6.051491808725768,4.652649068192588,3.0,0.14357477910709768,"[""y@t"", ""throughput_2@t"", ""buffer_size_3@t""]; [""y@t"", ""throughput_2@t""]",0.8041239465358323,0.7077870441156808,0.8198435448304237,0.6200945272222864,0.7446366970489866,1.0917012031843456,0.09235500052983359,0.08371556331311966,0.10106431580483734,0.0001,-0.207642696550825,-0.2212546147038381,-0.19398071385082907,0.0001,-0.606172851013584,-0.6836475774100612,-0.527203635001666,0.0001,-0.5115519943451039,-0.5876236589434884,-0.43359193710229144,0.0001,1401,-0.118270862949034,-0.12819979526428704,-0.10854976537367264,0.0001,0.46932317323246914,0.42480452320786743,0.5177336047918555,0.0001,-2.8425328681362263,-3.359972556638338,-2.2419353786448264,0.0001,-0.30857355933746966,-0.8376201539570288,0.3110865594696664,0.2934,0.006,0.006,0.006,0.006,0.0059,0.0059,0.0059,1.0
disc=quantile,0.8623672166939581,0.44821112389753137,5.339801485027181,0.4585738556766585,0.1363311920057102,0.7990850872825933,0.7987651877310524,5.782730928212269,4.652649068192588,3.2,0.09291570513662638,"[""y@t"", ""throughput_2@t"", ""buffer_size_2@t""]; [""y@t"", ""throughput_2@t"", ""buffer_size_3@t"", ""avg_p_latency_2@t""]; [""y@t"", ""throughput_2@t"", ""buffer_size_3@t""]",0.8706462955806893,0.44439472533682134,0.8734986193058785,0.39132462809121804,0.842868742097617,0.5089190886420749,0.0632821294113648,0.056893535429875054,0.0698221758367872,0.0001,-0.20178065795625777,-0.21443208684133022,-0.18892387764979796,0.0001,-1.0629471503592463,-1.1950240085757384,-0.9342061358620406,0.0001,-0.4429294431850881,-0.603171074472721,-0.2810950809802129,0.0001,1401,-0.04539174699144466,-0.0551948188268884,-0.03565670379500838,0.0001,0.11066164854776867,0.08445227301398044,0.13654482737249232,0.0001,4.0277256202776375,3.0657392570654407,5.058216604268204,0.0001,-0.5087118886909527,-0.7376683359008323,-0.28849049849012526,0.0001,0.006,0.006,0.006,0.006,0.0059,0.0059,0.0059,0.0059
disc=kmeans,0.9442135169556759,0.23922403057645933,4.635938100950678,0.3662065835491363,0.15845824411134904,0.9250235426076212,0.9251095156120978,5.134464945211056,4.652649068192588,3.2,0.11949821642986481,"[""y@t"", ""throughput_2@t"", ""buffer_size_3@t"", ""throughput_1@t""]; [""y@t"", ""throughput_2@t"", ""buffer_size_3@t""]",0.9497535001188762,0.22373129308481157,0.9317752541419221,0.2518630218888012,0.9510503080207146,0.2419101130007248,0.019189974348054695,0.016732745917781844,0.021745371953206732,0.0001,-0.08242959044345757,-0.09112413436165101,-0.07409645290202417,0.0001,-0.5986193869733913,-0.6861091735315938,-0.5151989546602262,0.0001,-0.4985268442603772,-0.5872375683770644,-0.411413095880459,0.0001,1401,0.03645455327027314,0.029454651239510833,0.043636798045413754,0.0001,-0.09832544477330338,-0.12015871254051291,-0.07629514067252574,0.0001,-2.3126042442943566,-2.5445928838020944,-2.10195035411335,0.0001,-1.212575272767455,-1.4194998285257339,-1.0214323830861014,0.0001,0.006,0.006,0.006,0.006,0.0059,0.0059,0.0059,0.0059
disc_x=uniform,0.9067272876316836,0.3452549949438468,5.930183969853276,0.4016285318785115,0.192005710206995,0.8750872226120998,0.8772285502352262,5.925874108819346,4.652649068192588,3.6666666666666665,0.09840498694711618,"[""y@t"", ""throughput_2@t"", ""avg_p_latency_3@t""]; [""y@t"", ""throughput_2@t"", ""data_quality_2@t+h"", ""buffer_size_3@t""]; [""y@t"", ""throughput_2@t"", ""data_quality_2@t+h"", ""data_quality_2@t""]",0.9141210819720247,0.3315733620748237,0.9088511176605165,0.3288193415364886,0.8971966366047678,0.3751851506149775,0.03164006501958383,0.02642550239224879,0.036756608424954464,0.0001,-0.14166545582082557,-0.15511483235885087,-0.12800046628875164,0.0001,-0.8220778674437401,-1.017759090640577,-0.6151447159180113,0.0001,0.0043098610339304955,-0.21597671695550555,0.23355876859287655,0.9826,1401,-0.0010316760537191216,-0.0035210443920608344,0.0010276773093248481,0.3772,0.007705519594084109,0.0021316151785572253,0.013642183024787192,0.0076,0.2652161205845882,0.1332959677619437,0.41918713336015695,0.0001,0.08167059613514294,-0.05596184663581422,0.23786571625934716,0.2784,0.006,0.006,0.006,1.0,1.0,0.0988,0.0059,1.0
disc_x=kmeans,0.9078269423401052,0.3417330960365675,5.758530270076644,0.3960263822164319,0.1934332619557459,0.8750872226120998,0.8772285502352262,5.925874108819346,4.652649068192588,3.7333333333333334,0.12063380984209433,"[""y@t"", ""throughput_2@t"", ""avg_p_latency_2@t"", ""buffer_size_3@t""]; [""y@t"", ""throughput_2@t"", ""buffer_size_3@t"", ""buffer_size_2@t""]; [""y@t"", ""throughput_2@t"", ""data_quality_2@t+h"", ""buffer_size_3@t""]",0.913520356667032,0.33065823956824686,0.9115393858298294,0.323308247680964,0.8984081484343909,0.3710531219658067,0.03273971972800538,0.02774108929796044,0.03759639473205416,0.0001,-0.1451873547281049,-0.15794349613747938,-0.13223427951531466,0.0001,-0.958013673863757,-1.1251342052275815,-0.7825213548460888,0.0001,-0.16734383874270176,-0.35840772366869555,0.02869172982680568,0.0992,1401,6.797865470242748e-05,-0.002497215874215475,0.0025132608360974966,0.9428,0.004183620686804779,-0.0014448562515576814,0.00998063976521461,0.1476,0.1292803141645713,-0.007615163706530742,0.2746794825838166,0.067,-0.08998310364148931,-0.22686241116129016,0.057877270980663774,0.2242,0.006,0.006,0.006,1.0,1.0,1.0,1.0,1.0
n_bins_x=6,0.9055456586631797,0.34544996462558386,5.9481826634798525,0.39211790570800426,0.1934332619557459,0.8750872226120998,0.8772285502352262,5.925874108819346,4.652649068192588,3.7333333333333334,0.1015356283594807,"[""y@t"", ""throughput_2@t"", ""data_quality_2@t+h"", ""avg_p_latency_2@t""]; [""y@t"", ""throughput_2@t"", ""data_quality_2@t+h"", ""buffer_size_2@t""]",0.9124215048636705,0.34016603989500116,0.9065202470830475,0.3236068340207537,0.8977052088279832,0.372368435545614,0.030458436051079896,0.025161999132272548,0.035650855631331864,0.0001,-0.14147048613908852,-0.1544726117201315,-0.12840612863811565,0.0001,-0.8153029804559129,-1.0082716067407607,-0.6073203153921526,0.0001,0.02230855466050663,-0.1978856164127533,0.2566384082435937,0.851,1401,-0.0022133050222230555,-0.005488276681122173,0.0007537633183180043,0.1538,0.007900489275821154,0.0014257893762314234,0.01475103252968013,0.016,0.27199100757241546,0.13747346047987974,0.4304894031553614,0.0001,0.09966928976171907,-0.04041180470003611,0.2623943248035482,0.1948,0.006,0.006,0.006,1.0,1.0,0.192,0.0059,1.0
n_bins_x=10,0.9065473441339419,0.3425282641488191,5.884000111976348,0.38721602475368455,0.1934332619557459,0.8750872226120998,0.8772285502352262,5.925874108819346,4.652649068192588,3.6666666666666665,0.11462991053204623,"[""y@t"", ""throughput_2@t"", ""buffer_size_3@t"", ""buffer_size_2@t""]; [""y@t"", ""throughput_2@t"", ""data_quality_2@t+h"", ""buffer_size_2@t""]; [""y@t"", ""throughput_2@t"", ""data_quality_2@t+h"", ""buffer_size_3@t""]",0.9124717468776575,0.3313563263061572,0.9088240100432762,0.3198885913399707,0.898324774888221,0.3760883428927141,0.03146012152184208,0.026433649833952126,0.036322744658177336,0.0001,-0.1443921866158533,-0.15693749144222902,-0.13187552792260376,0.0001,-0.970036974160287,-1.135617509962023,-0.7929974835579653,0.0001,-0.041873996842998196,-0.23137020973827785,0.15659625551184947,0.6666,1401,-0.001211619551460874,-0.003819200770957853,0.0012296638855399215,0.3406,0.004978788799056388,0.0009906885763625334,0.008970191507744993,0.017,0.11725701386804133,0.0015776140894091764,0.24733313829457299,0.0466,0.035486738258214245,-0.08121552956605231,0.1674406924293942,0.5864,0.006,0.006,0.006,1.0,1.0,0.192,0.9786,1.0
shared_bins=False,0.8882590866467929,0.36729183405104404,5.919924587259637,0.2679423499715007,0.192005710206995,0.8750872226120998,0.8772285502352262,5.925874108819346,4.652649068192588,3.8,0.14087728281276665,"[""y@t"", ""data_quality_2@t"", ""throughput_2@t"", ""data_quality_2@t+h""]; [""y@t"", ""throughput_2@t"", ""buffer_size_2@t"", ""buffer_size_3@t""]; [""y@t"", ""throughput_2@t"", ""buffer_size_2@t"", ""data_quality_2@t+h""]",0.8983802718067324,0.3488597909661673,0.8884262009539574,0.34239230850321906,0.8780224512591583,0.4102201124365964,0.01317186403469306,0.008839074530597369,0.017268627650917644,0.0001,-0.11962861671362834,-0.13111571776148262,-0.1084299586483277,0.0001,-1.3519509597485584,-1.513065413308206,-1.1886454158695454,0.0001,-0.005949521559708515,-0.18071825107693712,0.16716345736082708,0.9564,1401,-0.019499877038609892,-0.023966624479913302,-0.015167187503123947,0.0001,0.029742358701281335,0.02161701012952478,0.037895420304653614,0.0001,-0.26465697172023006,-0.38374883524006276,-0.15256822139182585,0.0001,0.07141121354150393,-0.04896157982107006,0.17994394726365684,0.2156,0.006,0.006,0.006,1.0,0.0059,0.0059,0.0059,1.0
ar_order=2,0.9079429059275388,0.32683263893421216,5.814406016972628,0.39268789186548325,0.1948608137044968,0.8750872226120998,0.8772285502352262,5.925874108819346,4.652649068192588,3.8666666666666667,0.10905655024917,"[""y@t"", ""throughput_2@t"", ""buffer_size_3@t"", ""y@t-1""]; [""y@t"", ""throughput_2@t"", ""y@t-1"", ""buffer_size_3@t""]",0.9152074373560909,0.3215424617089961,0.9108935452469709,0.2984425404317873,0.8977078362802453,0.3603502759702527,0.03285568331543898,0.027981063945920894,0.03767836899213643,0.0001,-0.16008781183046022,-0.1722422034080795,-0.1479259082698625,0.0001,-1.1099998293844635,-1.269159780564299,-0.9460322311140846,0.0001,-0.11146809184671813,-0.30934455320408777,0.08772248362971301,0.2636,1401,0.00018394224213602595,-0.0014156554841780104,0.0014395979662385032,0.752,-0.010716836415550546,-0.015067770184513074,-0.006652151163620058,0.0001,-0.02270584135613518,-0.08759887180536836,0.04367086290352082,0.4966,-0.03410735674550569,-0.11049657538843495,0.041988055994069115,0.3938,0.006,0.006,0.006,1.0,1.0,0.0059,1.0,1.0
ar_order=3,0.9078769266450335,0.3262867737769938,5.8291078601134085,0.39374643758651573,0.19414703783012136,0.8750872226120998,0.8772285502352262,5.925874108819346,4.652649068192588,3.8666666666666667,0.10821625683751722,"[""y@t"", ""throughput_2@t"", ""buffer_size_3@t"", ""y@t-1""]; [""y@t"", ""throughput_2@t"", ""buffer_size_3@t"", ""y@t-2""]; [""y@t"", ""throughput_2@t"", ""y@t-1"", ""buffer_size_3@t""]",0.9152074373560909,0.3215424617089961,0.9109116169917979,0.29747870617887984,0.8974914880159339,0.359670069037335,0.032789704032933686,0.027929230221710344,0.03758454845178623,0.0001,-0.1606336769876786,-0.17269688101169914,-0.1485384244080101,0.0001,-1.108644747796646,-1.2691927253013886,-0.9446564674867708,0.0001,-0.09676624870593731,-0.2940811805412633,0.10427229734881474,0.3362,1401,0.00011796295963073522,-0.001521522242015963,0.0014096073832816712,0.8222,-0.01126270157276893,-0.01567611245458777,-0.007190456495504766,0.0001,-0.021350759768317573,-0.08954081589145728,0.04767917102780868,0.5392,-0.019405513604724867,-0.1005774895714455,0.06137614950697917,0.6568,0.006,0.006,0.006,1.0,1.0,0.0059,1.0,1.0
ar_order=5,0.907716976869263,0.32700455252500354,5.8355155961782055,0.3904568031919225,0.1948608137044968,0.8750872226120998,0.8772285502352262,5.925874108819346,4.652649068192588,3.933333333333333,0.1088782466391574,"[""y@t"", ""throughput_2@t"", ""buffer_size_3@t"", ""y@t-1""]; [""y@t"", ""throughput_2@t"", ""y@t-4"", ""buffer_size_3@t""]",0.9152610758327582,0.321679743051284,0.9101890676197268,0.2993216889993696,0.8976842532940882,0.3598389520725436,0.03262975425716319,0.027799121075982116,0.03736456752579693,0.0001,-0.15991589823966884,-0.17185163217561997,-0.14794341421459423,0.0001,-1.0858733753248373,-1.2488698933757183,-0.9198242749634906,0.0001,-0.09035851264114036,-0.2873964711374831,0.11156758991271815,0.3742,1401,-4.198681613976074e-05,-0.0016854707621806186,0.0012636032285862075,0.9868,-0.010544922824759162,-0.014993851671561795,-0.006410802817600214,0.0001,0.001420612703491031,-0.07030929296289368,0.07843394316268096,0.9778,-0.012997777539927924,-0.0971688178734752,0.07240317787725425,0.7736,0.006,0.006,0.006,1.0,1.0,0.0059,1.0,1.0
other_lags=2,0.918243671487153,0.2919308852925525,5.807775722444829,0.5085905056591483,0.1934332619557459,0.8750872226120998,0.8772285502352262,5.925874108819346,4.652649068192588,3.8,0.08003305035886081,"[""y@t"", ""throughput_2@t"", ""throughput_2@t-1"", ""buffer_size_3@t""]",0.9224629865673105,0.2807681866111204,0.9201811404039996,0.26706935853843,0.9120844860479081,0.32760048493977123,0.04315644887505321,0.037356070193959104,0.04894663075794203,0.0001,-0.19498956547211987,-0.20973015951091456,-0.17987147078063445,0.0001,-1.0976580613567144,-1.2636657006412533,-0.9326248585867961,0.0001,-0.11809838637451708,-0.3160144131253622,0.0829366493061505,0.261,1401,0.01048470780175026,0.007319651629388402,0.013701697666932522,0.0001,-0.045618590057210195,-0.053745798734531544,-0.03727573329322238,0.0001,-0.01036407332838607,-0.1256929347647687,0.10835555964393852,0.8688,-0.04073765127330464,-0.17049485279790108,0.09495722166419886,0.5456,0.006,0.006,0.006,1.0,0.0059,0.0059,1.0,1.0
other_lags=3,0.9191613833256358,0.28873515365407987,5.737775857711403,0.497663056754336,0.19271948608137046,0.8750872226120998,0.8772285502352262,5.925874108819346,4.652649068192588,4.0,0.07983458158677177,"[""y@t"", ""throughput_2@t"", ""throughput_2@t-1"", ""buffer_size_3@t""]",0.9238889241351996,0.2763290777652269,0.9193646435925089,0.2690847621610512,0.9142358567769364,0.32042949801163645,0.04407416071353598,0.038565790341832586,0.04964461159196014,0.0001,-0.19818529711059252,-0.21295768524634343,-0.18311521876632733,0.0001,-1.1447428315288537,-1.3067278485122924,-0.9832414204297663,0.0001,-0.18809825110794254,-0.3858482560938081,0.01000344925319107,0.0638,1401,0.01140241964023303,0.008527322420759927,0.014499497157892349,0.0001,-0.04881432169568284,-0.05702950671871404,-0.04062743993949948,0.0001,-0.05744884350052537,-0.1738674019529726,0.05951139914486289,0.339,-0.1107375160067301,-0.2351896085225202,0.02145564205837642,0.1018,0.006,0.006,0.006,1.0,0.0059,0.0059,1.0,1.0
other_lags=5,0.9191613833256358,0.28873515365407987,5.737775857711403,0.497663056754336,0.19271948608137046,0.8750872226120998,0.8772285502352262,5.925874108819346,4.652649068192588,4.0,0.07983458158677177,"[""y@t"", ""throughput_2@t"", ""throughput_2@t-1"", ""buffer_size_3@t""]",0.9238889241351996,0.2763290777652269,0.9193646435925089,0.2690847621610512,0.9142358567769364,0.32042949801163645,0.04407416071353598,0.038565790341832586,0.04964461159196014,0.0001,-0.19818529711059252,-0.21295768524634343,-0.18311521876632733,0.0001,-1.1447428315288537,-1.3067278485122924,-0.9832414204297663,0.0001,-0.18809825110794254,-0.3858482560938081,0.01000344925319107,0.0638,1401,0.01140241964023303,0.008527322420759927,0.014499497157892349,0.0001,-0.04881432169568284,-0.05702950671871404,-0.04062743993949948,0.0001,-0.05744884350052537,-0.1738674019529726,0.05951139914486289,0.339,-0.1107375160067301,-0.2351896085225202,0.02145564205837642,0.1018,0.006,0.006,0.006,1.0,0.0059,0.0059,1.0,1.0
"ar_order=3,other_lags=3",0.918811493191138,0.2893241340954824,5.744117525061349,0.5002687077599544,0.1934332619557459,0.8750872226120998,0.8772285502352262,5.925874108819346,4.652649068192588,4.0,0.07760171711481813,"[""y@t"", ""throughput_2@t"", ""throughput_2@t-1"", ""buffer_size_3@t""]; [""y@t"", ""throughput_2@t"", ""throughput_2@t-1"", ""y@t-2""]",0.9238889241351996,0.2763290777652269,0.9183104584776028,0.27085930323288987,0.9142358567769364,0.32042949801163645,0.04372427057903816,0.03825793700777956,0.04924883586553825,0.0001,-0.19759631666918998,-0.2124248391800499,-0.18256276211000233,0.0001,-1.1308648557074505,-1.2919857132401686,-0.970946179208344,0.0001,-0.18175658375799664,-0.3800456470359359,0.017027392668217674,0.0752,1401,0.011052529505735209,0.008193277310924419,0.014069582151204466,0.0001,-0.048225341254280296,-0.05642425550931671,-0.04003405097800535,0.0001,-0.043570867679122216,-0.15772367605111995,0.07289501691622034,0.4606,-0.1043958486567842,-0.23103282911224993,0.028709950902959802,0.1292,0.006,0.006,0.006,1.0,0.0059,0.0059,1.0,1.0
velocity=sign,0.9075150402773529,0.328804477716306,5.778704740504053,0.3832912629264718,0.1948608137044968,0.8750872226120998,0.8772285502352262,5.925874108819346,4.652649068192588,3.8666666666666667,0.1125659079310821,"[""y@t"", ""throughput_2@t"", ""buffer_size_3@t"", ""d.throughput_2@t""]; [""y@t"", ""throughput_2@t"", ""data_quality_2@t+h"", ""d.buffer_size_2@t""]",0.9151783431286036,0.3101348044648094,0.9076136517292801,0.315173272627984,0.899726616796341,0.3609470727743373,0.032427817665253045,0.027703301163434668,0.037168329144648515,0.0001,-0.1581159730483664,-0.17093198080660887,-0.1454966121799487,0.0001,-1.1099952777694124,-1.2610046566475164,-0.9515999809572,0.0001,-0.14716936831529281,-0.32911261203378683,0.036149924819393615,0.1156,1401,-0.00024392340804990642,-0.0013435781164714555,0.0007398176972430801,0.669,-0.008744997633456708,-0.01226815065233196,-0.0052050192626291085,0.0001,-0.022701289741084096,-0.0798529463535862,0.029841513789300996,0.4206,-0.06980863321408037,-0.13271126274754214,-0.013329591388428824,0.0154,0.006,0.006,0.006,1.0,1.0,0.0059,1.0,0.5082
velocity=binned,0.9082248174073341,0.3261542965924516,5.720639165066573,0.38503379203647914,0.19414703783012136,0.8750872226120998,0.8772285502352262,5.925874108819346,4.652649068192588,3.8,0.11273831579455541,"[""y@t"", ""throughput_2@t"", ""buffer_size_3@t"", ""d.throughput_2@t""]; [""y@t"", ""throughput_2@t"", ""d.buffer_size_2@t"", ""buffer_size_3@t""]",0.9150861900468262,0.3128960464544456,0.9104520691827405,0.30457194679190724,0.899128583027812,0.36077650262104494,0.03313759479523426,0.028436820838256775,0.03783816881499214,0.0001,-0.1607661541722208,-0.1734460455732396,-0.14811614086272606,0.0001,-1.145513759423114,-1.2994636381218516,-0.9832363898753137,0.0001,-0.20523494375277274,-0.3878104148428427,-0.020083011260644795,0.0288,1401,0.0004658537219313086,-0.0005178873833616786,0.0014855835267726485,0.3574,-0.011395178757311109,-0.01580678115430577,-0.0072278715765213,0.0001,-0.058219771394785624,-0.12248547948059266,-0.0005282195323616762,0.0474,-0.1278742086515603,-0.1911858167666362,-0.06899721606322898,0.0001,0.006,0.006,0.006,1.0,1.0,0.0059,0.9786,0.0059
"ar_order=2,other_lags=2,velocity=binned",0.9178338001867413,0.29349491662409133,5.817521377414793,0.5092093477729827,0.19414703783012136,0.8750872226120998,0.8772285502352262,5.925874108819346,4.652649068192588,3.8,0.07838249766466483,"[""y@t"", ""throughput_2@t"", ""throughput_2@t-1"", ""buffer_size_3@t""]; [""y@t"", ""throughput_2@t"", ""throughput_2@t-1"", ""d.buffer_size_2@t""]",0.9224629865673105,0.2807681866111204,0.9189462378408237,0.27178163358248575,0.9120844860479081,0.32760048493977123,0.04274657757464151,0.03692240636440158,0.048516965672778786,0.0001,-0.19342553414058106,-0.20825516799037483,-0.17845590679770937,0.0001,-1.084280215823659,-1.2496525317851872,-0.9184333461921451,0.0001,-0.10835273140455293,-0.3053673220334326,0.09161523151744043,0.301,1401,0.010074836501338558,0.006929724066643031,0.013273931985356664,0.0001,-0.04405455872567138,-0.05221425673914456,-0.03573493415853924,0.0001,0.0030137722046692517,-0.11190220379090368,0.12202597392489706,0.9454,-0.030991996303340485,-0.15963784348856633,0.10293073520309323,0.6402,0.006,0.006,0.006,1.0,0.0059,0.0059,1.0,1.0
relative=True,0.9070371903222388,0.3391171729555723,5.848975537243611,0.3843335233287192,0.1948608137044968,0.8750872226120998,0.8772285502352262,5.925874108819346,4.652649068192588,3.6666666666666665,0.11964526831093905,"[""y@t"", ""throughput_2@t"", ""buffer_size_3@t"", ""data_quality_2@t+h""]; [""y@t"", ""throughput_2@t"", ""buffer_size_3@t""]; [""y@t"", ""throughput_2@t"", ""data_quality_2@t+h"", ""g.rps@t""]",0.9154424982072445,0.3241661072661956,0.9092381862376614,0.30994336156753094,0.8963933411387892,0.38313991650010804,0.03194996771013903,0.027241446185897633,0.03654457500344889,0.0001,-0.14780327780910008,-0.16082299497227492,-0.13497617992133698,0.0001,-1.1146100717529226,-1.277735982709298,-0.9504652435267213,0.0001,-0.0768985715757351,-0.2642131429000313,0.11608604363859598,0.4238,1401,-0.0007217733631639245,-0.003007055784483681,0.0014077579639993202,0.516,0.0015676976058096037,-0.002047817139313418,0.005298712601891558,0.3838,-0.027316083724594264,-0.09221846153373052,0.03926611800505844,0.4104,0.00046216352547734374,-0.07900706378227415,0.07962763097490869,0.9804,0.006,0.006,0.006,1.0,1.0,1.0,1.0,1.0
target_mode=delta,0.9077589636854028,0.33910341288232754,5.845068287749304,0.38332383356404204,0.1948608137044968,0.8750872226120998,0.8772285502352262,5.925874108819346,4.652649068192588,3.6,0.12466731220818987,"[""y@t"", ""throughput_2@t"", ""buffer_size_3@t"", ""data_quality_2@t+h""]; [""y@t"", ""throughput_2@t"", ""buffer_size_3@t""]; [""y@t"", ""throughput_2@t"", ""data_quality_2@t+h"", ""buffer_size_2@t""]",0.9154424982072445,0.3257480085017751,0.9086172744091916,0.31914292145768786,0.899188437672026,0.3722659097733202,0.03267174107330295,0.028025000149952968,0.037302287081856234,0.0001,-0.14781703788234485,-0.16056128598919914,-0.13524010254722638,0.0001,-1.090433580879166,-1.246851676614336,-0.9305374185172929,0.0001,-0.08080582107004197,-0.25943485971948266,0.1026861899063085,0.371,1401,0.0,0.0,0.0,2.0,0.0015539375325648308,0.0011178113965667619,0.0020885812566093535,0.0001,-0.003139592850837758,-0.00790005097962605,0.0005380476650097314,0.1032,-0.003445085968829531,-0.008169280912191712,0.00017540617500983943,0.0662,0.006,0.006,0.006,1.0,1.0,0.0059,1.0,1.0
"relative=True,target_mode=delta",0.9070371903222388,0.34067132947001677,5.845572636766279,0.3843335233287192,0.1948608137044968,0.8750872226120998,0.8772285502352262,5.925874108819346,4.652649068192588,3.6666666666666665,0.11964526831093905,"[""y@t"", ""throughput_2@t"", ""buffer_size_3@t"", ""data_quality_2@t+h""]; [""y@t"", ""throughput_2@t"", ""buffer_size_3@t""]; [""y@t"", ""throughput_2@t"", ""data_quality_2@t+h"", ""g.rps@t""]",0.9154424982072445,0.3257480085017751,0.9092381862376614,0.31184489802095927,0.8963933411387892,0.3843114575723243,0.03194996771013903,0.027241446185897633,0.03654457500344889,0.0001,-0.14624912129465562,-0.15925810181724126,-0.1334772390235567,0.0001,-1.117743455905579,-1.2814456548208228,-0.9537786853513283,0.0001,-0.08030147205306726,-0.2677606405365963,0.11203627822920356,0.404,1401,-0.0007217733631639245,-0.003007055784483681,0.0014077579639993202,0.516,0.003121854120254064,-0.0004966727171448692,0.006922589719468844,0.089,-0.03044946787725067,-0.09587460325119457,0.03578899746201951,0.3664,-0.0029407369518548165,-0.08228195160669904,0.07558824100200288,0.9492,0.006,0.006,0.006,1.0,1.0,0.8899999999999999,1.0,1.0
exog=none,0.9096503697838879,0.33566171562236913,5.764110229962392,0.39053822978584807,0.1948608137044968,0.8750872226120998,0.8772285502352262,5.925874108819346,4.652649068192588,3.466666666666667,0.1304245514266104,"[""y@t"", ""throughput_2@t"", ""buffer_size_3@t"", ""buffer_size_2@t""]; [""y@t"", ""throughput_2@t"", ""buffer_size_3@t"", ""data_quality_2@t""]; [""y@t"", ""throughput_2@t"", ""buffer_size_3@t""]",0.9150551732932936,0.32711513265343833,0.9147134763308206,0.3070804250926655,0.8991824137570836,0.3726039016440513,0.0345631471717881,0.030086502838108865,0.03908617694044068,0.0001,-0.15125873514230326,-0.16396162060655523,-0.1385591258755149,0.0001,-1.17386085084134,-1.31906309731007,-1.034271040241185,0.0001,-0.16176387885695398,-0.330849246867014,0.0033247798187696393,0.0558,1401,0.0018914060984851488,0.0006757378183250729,0.003582924961562103,0.0001,-0.0018877597273935787,-0.0060207969016873916,0.0021332514761365244,0.3618,-0.08656686281301162,-0.18044737078539086,-0.009480844659556507,0.0228,-0.08440314375574154,-0.17817906156808336,-0.0072457193874538245,0.0284,0.006,0.006,0.006,1.0,0.0059,1.0,0.5016,0.9088
exog=controls,0.9077589636854028,0.3375494753497627,5.848513373718133,0.38332383356404204,0.1948608137044968,0.8750872226120998,0.8772285502352262,5.925874108819346,4.652649068192588,3.6,0.12466731220818987,"[""y@t"", ""throughput_2@t"", ""buffer_size_3@t"", ""data_quality_2@t+h""]; [""y@t"", ""throughput_2@t"", ""buffer_size_3@t""]; [""y@t"", ""throughput_2@t"", ""data_quality_2@t+h"", ""buffer_size_2@t""]",0.9154424982072445,0.3241661072661956,0.9086172744091916,0.31724169328424706,0.899188437672026,0.37109472025375906,0.03267174107330295,0.028025000149952968,0.037302287081856234,0.0001,-0.14937097541490968,-0.16205679761423608,-0.13683478145145184,0.0001,-1.0872939880283283,-1.2429885737776825,-0.9272109949924536,0.0001,-0.07736073510121244,-0.25649785766831423,0.10598118949124853,0.391,1401,0.0,0.0,0.0,2.0,0.0,0.0,0.0,2.0,0.0,0.0,0.0,2.0,0.0,0.0,0.0,2.0,0.006,0.006,0.006,1.0,1.0,1.0,1.0,1.0
pool=all,0.9082508092458967,0.33575869971969197,5.835115981311537,0.3844638058790001,0.19414703783012136,0.8750872226120998,0.8772285502352262,5.925874108819346,4.652649068192588,3.6666666666666665,0.12238980240918143,"[""y@t"", ""throughput_2@t"", ""buffer_size_3@t"", ""python_gc_collections_rate_2@t""]; [""y@t"", ""throughput_2@t"", ""buffer_size_3@t""]; [""y@t"", ""throughput_2@t"", ""data_quality_2@t+h"", ""buffer_size_2@t""]",0.9154424982072445,0.3241661072661956,0.910902517035183,0.314532725198012,0.8983872569846973,0.368408223874211,0.033163586633796927,0.02868294355572353,0.03768226776792085,0.0001,-0.15116175104498042,-0.16377621910702672,-0.13886794033073002,0.0001,-1.1178048919563217,-1.2644337579526095,-0.973363112424622,0.0001,-0.09075812750780887,-0.26292988326885136,0.08227903281946296,0.2962,1401,0.0004918455604939753,-0.0007817545290778078,0.0021194844818726334,0.5328,-0.00179077563007074,-0.004616116546247653,0.0005985801975424152,0.16,-0.030510903927993382,-0.08918239480585748,0.024687250504266327,0.2902,-0.013397392406596431,-0.07591735904732129,0.04840084986181099,0.6794,0.006,0.006,0.006,1.0,1.0,1.0,1.0,1.0
engine=ar,0.8750872226120998,0.4869204507646724,5.925874108819346,0.013256249491083788,0.18986438258386867,0.8750872226120998,0.8772285502352262,5.925874108819346,4.652649068192588,1.0,0.0001692036533976,"[""y@t""]",0.8873020999751994,0.4782792100957991,0.8723322868383226,0.4658780824791231,0.8656745791430277,0.5162374213625796,0.0,0.0,0.0,2.0,0.0,0.0,0.0,2.0,0.0,0.0,0.0,2.0,0.0,0.0,0.0,2.0,1401,-0.03267174107330295,-0.037302287081856234,-0.02802500014995297,0.0001,0.14937097541490968,0.1368347814514518,0.16205679761423608,0.0001,1.0872939880283283,0.9272109949924535,1.2429885737776825,0.0001,0.07736073510121244,-0.10598118949124855,0.25649785766831423,0.391,1.0,1.0,1.0,1.0,0.0059,0.0059,0.0059,1.0
engine=hc-bic,0.8748313029708672,0.48392346333266845,5.970543511051344,0.019982086149336373,0.19129193433261957,0.8750872226120998,0.8772285502352262,5.925874108819346,4.652649068192588,1.0666666666666667,0.00067922845184744,"[""y@t"", ""data_quality_1@t+h""]; [""y@t""]",0.8873020999751994,0.4782792100957991,0.8723322868383226,0.4658780824791231,0.8649035180304105,0.5072077882609936,-0.0002559196412326159,-0.0018594161433309637,0.0007137758743754885,0.7872,-0.002996987432003939,-0.00617467331346333,0.0005374289488253724,0.0912,-0.05348875130403563,-0.11621983333512528,0.008965218481283245,0.0922,0.04466940223199778,-0.029439214580472762,0.11954181052482526,0.2388,1401,-0.03292766071453557,-0.03775629452351962,-0.02811292254232173,0.0001,0.14637398798290574,0.13386903019972293,0.1592381782197009,0.0001,1.0338052367242927,0.8667834303825992,1.1957353625378695,0.0001,0.12203013733321022,-0.06535753577467922,0.3053596574213525,0.1974,1.0,0.3648,0.461,1.0,0.0059,0.0059,0.0059,1.0
engine=hc-bic-obs,0.8806814660196698,0.4606025108990883,6.035562776054623,0.1113915804901881,0.1905781584582441,0.8750872226120998,0.8772285502352262,5.925874108819346,4.652649068192588,1.4666666666666666,0.007188944364445966,"[""y@t"", ""data_quality_2@t""]; [""y@t"", ""throughput_2@t""]",0.8848572876874383,0.47922805496710097,0.888675103992638,0.40907860461287343,0.8685122916702713,0.4933157779851108,0.0055942434075699765,0.002219103201594644,0.00864133662030132,0.0022,-0.02631793986558406,-0.03639057290251341,-0.01545943025252442,0.0001,-0.31920055754098975,-0.4563771320255987,-0.18066609617809642,0.0001,0.10968866723527704,-0.03875485662446645,0.25557471060392933,0.1442,1401,-0.027077497665732975,-0.03214395679756556,-0.02219098203164215,0.0001,0.12305303554932562,0.10880396039313585,0.13803438635063253,0.0001,0.7680934304873386,0.594415956954425,0.9405427891851765,0.0001,0.18704940233648948,-0.00533052715189708,0.3778857158548533,0.0574,0.0198,0.006,0.006,1.0,0.0059,0.0059,0.0059,1.0
engine=hc-aic,0.893563421085779,0.39893923121095104,6.359423546310383,0.3373340933148766,0.20199857244825126,0.8750872226120998,0.8772285502352262,5.925874108819346,4.652649068192588,2.0,0.03134879514224658,"[""y@t"", ""throughput_2@t""]",0.9120029068593807,0.36536581423107156,0.8915305037594997,0.37565427061962325,0.8771962136490377,0.45503829727754486,0.018476198473679206,0.012581799315015074,0.024048648724300608,0.0001,-0.08798121955372135,-0.1023949563104228,-0.0726940523691034,0.0001,-0.47629073587174453,-0.72002472029811,-0.21494229284516786,0.0002,0.43354943749103736,0.1860802324723088,0.6940274303625794,0.0006,1401,-0.014195542599623745,-0.019518121309908654,-0.009203010254779969,0.0001,0.06138975586118833,0.049570673803344775,0.07381910868839373,0.0001,0.6110032521565838,0.3750180695878179,0.8577317078817339,0.0001,0.5109101725922498,0.28129711890786246,0.75912917731817,0.0001,0.006,0.006,0.006,0.027599999999999996,0.0059,0.0059,0.0059,0.0059
engine=hc-bdeu,0.9025206085289219,0.3549729326166515,6.058732754062994,0.36809706049995927,0.19414703783012136,0.8750872226120998,0.8772285502352262,5.925874108819346,4.652649068192588,3.2666666666666666,0.15035681015332994,"[""y@t"", ""throughput_2@t"", ""data_quality_1@t+h"", ""cores_1@t+h""]; [""y@t"", ""throughput_2@t"", ""data_quality_1@t+h""]",0.9117673974188165,0.3388439196887489,0.9024286630689795,0.3446189811440625,0.893364721775235,0.3811088104323519,0.027433385916822095,0.022384721197544033,0.03233384717198795,0.0001,-0.13194751814802086,-0.14546691126520767,-0.11858476710035203,0.0001,-0.7303479657471943,-0.9143657258312877,-0.5440071582874764,0.0001,0.13285864524364843,-0.07867692201385941,0.3477533511445598,0.2254,1401,-0.005238355156480856,-0.008671277218953222,-0.002015267206097328,0.0014,0.01742345726688882,0.007702048124114575,0.0270432602741653,0.0001,0.35694602228113403,0.2112595370608612,0.508346592030762,0.0001,0.21021938034486087,0.04855466191102622,0.37835230755502347,0.0102,0.006,0.006,0.006,1.0,0.0336,0.0059,0.0059,0.3468
engine=cmi,0.8997054924753627,0.3580404877465002,5.802080125161453,0.3281003175637163,0.1934332619557459,0.8750872226120998,0.8772285502352262,5.925874108819346,4.652649068192588,4.0,0.17789511595075,"[""y@t"", ""throughput_2@t"", ""buffer_size_2@t"", ""data_quality_1@t+h""]; [""y@t"", ""throughput_2@t"", ""data_quality_1@t+h"", ""avg_p_latency_1@t""]; [""y@t"", ""throughput_2@t"", ""data_quality_1@t+h"", ""data_quality_1@t""]",0.9078655026412303,0.35293926350155147,0.9016291485708902,0.33545490112342036,0.8896823153878344,0.3851868608931731,0.024618269863262876,0.019923394054266942,0.029200880923390134,0.0001,-0.12887996301817217,-0.14176280485593193,-0.11636618681093433,0.0001,-0.8306084813828356,-1.0055623573718893,-0.6499955640892477,0.0001,-0.12379398365789296,-0.3210156196374315,0.08010775696637154,0.2328,1401,-0.008053471210040075,-0.010978652703051229,-0.0054441905241753115,0.0001,0.020491012396737507,0.010754864583266629,0.03054153181120025,0.0001,0.2566855066454927,0.1393776865860916,0.38193818800748797,0.0001,-0.04643324855668052,-0.1782363284323732,0.09248039851112208,0.5108,0.006,0.006,0.006,1.0,0.0059,0.0059,0.0059,1.0
engine=lasso,0.8960006557940806,0.38116562534537074,6.101288674294726,0.2841788128002606,0.19129193433261957,0.8750872226120998,0.8772285502352262,5.925874108819346,4.652649068192588,4.0,0.23010494215225935,"[""y@t"", ""throughput_2@t"", ""avg_p_latency_3@t"", ""data_quality_1@t+h""]; [""y@t"", ""throughput_2@t"", ""avg_p_latency_3@t"", ""data_quality_2@t+h""]",0.9054931055011801,0.3741010788170002,0.8952669972129781,0.3630567619019313,0.8872717240636817,0.40605231677714676,0.0209134331819808,0.016702705350519976,0.025042186753359463,0.0001,-0.10575482541930165,-0.11652443052304608,-0.0950359876354929,0.0001,-0.6147471458852589,-0.7858471385337094,-0.4348830289771318,0.0001,0.17541456547538026,-0.006911776372892219,0.3625137436951829,0.06,1401,-0.01175830789132215,-0.016039013749682543,-0.007595515008287347,0.0001,0.04361614999560803,0.032103470901132324,0.05512890635299067,0.0001,0.4725468421430694,0.319740018765829,0.632283585524479,0.0001,0.2527753005765927,0.07723477856923518,0.43953608365032815,0.0034,0.006,0.006,0.006,1.0,0.0059,0.0059,0.0059,0.119
engine=dynotears,0.8899465567811707,0.41771147177349277,5.871880803641518,0.20159596124094128,0.192005710206995,0.8750872226120998,0.8772285502352262,5.925874108819346,4.652649068192588,2.1333333333333333,0.04080617071048657,"[""y@t"", ""throughput_2@t"", ""avg_p_latency_3@t"", ""data_quality_1@t+h""]; [""y@t"", ""throughput_2@t""]; [""y@t""]",0.9140397591203033,0.33855655271364454,0.8901561539738294,0.39803460691203385,0.8656745791430277,0.5162374213625796,0.014859334169070926,0.011450354588659162,0.01830025372033173,0.0001,-0.06920897899117961,-0.07906682857465251,-0.05958930481753145,0.0001,-0.5024119693763485,-0.6358154509805288,-0.3666881095763377,0.0001,-0.05399330517782808,-0.20463167887695535,0.09762157326366597,0.4968,1401,-0.017812406904232025,-0.02190122301597299,-0.01391138182610658,0.0001,0.08016199642373006,0.06863601087756414,0.0920148788533098,0.0001,0.5848820186519799,0.4311478750794067,0.7418257684177454,0.0001,0.023367429923384364,-0.14675739179077252,0.19532933140077247,0.7904,0.006,0.006,0.006,1.0,0.0059,0.0059,0.0059,1.0
"engine=ar,prior=bdeu",0.8750872226120998,0.4869204507646724,5.925874108819346,0.013256249491083788,0.18986438258386867,0.8750872226120998,0.8772285502352262,5.925874108819346,4.652649068192588,1.0,0.0001692036533976,"[""y@t""]",0.8873020999751994,0.4782792100957991,0.8723322868383226,0.4658780824791231,0.8656745791430277,0.5162374213625796,0.0,0.0,0.0,2.0,0.0,0.0,0.0,2.0,0.0,0.0,0.0,2.0,0.0,0.0,0.0,2.0,1401,-0.03267174107330295,-0.037302287081856234,-0.02802500014995297,0.0001,0.14937097541490968,0.1368347814514518,0.16205679761423608,0.0001,1.0872939880283283,0.9272109949924535,1.2429885737776825,0.0001,0.07736073510121244,-0.10598118949124855,0.25649785766831423,0.391,1.0,1.0,1.0,1.0,0.0059,0.0059,0.0059,1.0
"engine=hc-bic,prior=bdeu",0.8744074360650755,0.48895346941272744,6.0617986207324615,0.02025893656868333,0.1948608137044968,0.8750872226120998,0.8772285502352262,5.925874108819346,4.652649068192588,1.0666666666666667,0.00067922845184744,"[""y@t"", ""data_quality_1@t+h""]; [""y@t""]",0.8873020999751994,0.4782792100957991,0.8723322868383226,0.4658780824791231,0.8636264480626386,0.5223627098054294,-0.0006797865470242748,-0.0026152288181511382,0.0006258034977016935,0.431,0.0020330186480550516,-0.0048192387677277,0.011054757485203872,0.6564,0.03682641915052365,-0.1016568141060128,0.2551090857123823,0.7942,0.1359245119131156,-0.014562994945281925,0.3606733056749189,0.0972,1401,-0.033351527620327226,-0.038300023792529184,-0.028464962001931472,0.0001,0.15140399406296473,0.13739346164819277,0.16652617428579883,0.0001,1.124120407178852,0.9071124701536873,1.3848761808127565,0.0001,0.21328524701432805,-0.02500499075232221,0.4867879252293989,0.084,1.0,1.0,1.0,1.0,0.0059,0.0059,0.0059,1.0
"engine=hc-bic-obs,prior=bdeu",0.8709745140026032,0.5181838692096061,6.927189966957565,0.11241755557365035,0.1891506067094932,0.8750872226120998,0.8772285502352262,5.925874108819346,4.652649068192588,1.4666666666666666,0.007188944364445966,"[""y@t"", ""data_quality_2@t""]; [""y@t"", ""throughput_2@t""]",0.8787617266078247,0.5438482667557307,0.8748070905323923,0.4697910286094462,0.8593827922383779,0.5405411096175665,-0.00411270860949664,-0.009693006395991698,0.001031776022328977,0.1226,0.031263418444933744,0.002773739037281542,0.06378293327292857,0.0308,0.5447703111573681,0.15046887959137856,0.9941716368185578,0.0042,1.001315858138219,0.5735493461676748,1.480265685290149,0.0001,1401,-0.03678444968279959,-0.04345685454767201,-0.03048232854883568,0.0001,0.18063439385984342,0.15019979472783887,0.21408847138599651,0.0001,1.6320642991856964,1.229665250539266,2.0917416314634294,0.0001,1.0786765932394315,0.6425395053671579,1.5667299595232842,0.0001,0.7356,0.154,0.0336,0.006,0.0059,0.0059,0.0059,0.0059
"engine=hc-aic,prior=bdeu",0.8459943577716597,0.640398658726096,12.847143481282735,0.35200716554026545,0.22698072805139186,0.8750872226120998,0.8772285502352262,5.925874108819346,4.652649068192588,2.0,0.03134879514224658,"[""y@t"", ""throughput_2@t""]",0.8577416599218045,0.641654251695127,0.8675431462907743,0.4749136440305842,0.8131658428642561,0.8020666748242471,-0.029092864840440158,-0.040799588929076286,-0.01770239144908502,0.0001,0.15347820796142364,0.10007148469293889,0.2091761167115189,0.0001,5.841893787621872,4.429092699851923,7.327028116947389,0.0001,6.92126937246339,5.493966603484715,8.418380094727686,0.0001,1401,-0.06176460591374311,-0.07278144662575954,-0.05110185401783838,0.0001,0.3028491833763333,0.2519590140515984,0.35651910673765974,0.0001,6.929187775650201,5.5317275020210595,8.394308731289893,0.0001,6.998630107564602,5.577067697461527,8.489685436929445,0.0001,0.006,0.006,0.006,0.006,0.0059,0.0059,0.0059,0.0059
"engine=hc-bdeu,prior=bdeu",0.749242737780337,1.0604590691656406,29.983657617376142,0.430388404853025,0.2819414703783012,0.8750872226120998,0.8772285502352262,5.925874108819346,4.652649068192588,3.2666666666666666,0.15035681015332994,"[""y@t"", ""throughput_2@t"", ""data_quality_1@t+h"", ""cores_1@t+h""]; [""y@t"", ""throughput_2@t"", ""data_quality_1@t+h""]",0.7998533753469358,0.9112980287772862,0.6852076360171157,1.1348241323369512,0.7630901914643688,1.1327853864779427,-0.1258444848317628,-0.14393010594673267,-0.10794390561363738,0.0001,0.5735386184009682,0.4862043593122047,0.6640838709931646,0.0001,22.468283341006455,19.693734440633264,25.28250752564197,0.0001,24.057783508556795,21.225476431141246,26.94327037169235,0.0001,1401,-0.15851622590506576,-0.17548314829143646,-0.14205309532806693,0.0001,0.7229095938158778,0.6385948341044537,0.809582023660068,0.0001,23.555577329034783,20.812758669740578,26.310842580218193,0.0001,24.135144243658008,21.322222483995503,27.000225013161515,0.0001,0.006,0.006,0.006,0.006,0.0059,0.0059,0.0059,0.0059
"engine=cmi,prior=bdeu",0.7491647622646489,0.9960560763266986,32.34965220147092,0.4057812881687159,0.19557458957887222,0.8750872226120998,0.8772285502352262,5.925874108819346,4.652649068192588,4.0,0.17789511595075,"[""y@t"", ""throughput_2@t"", ""buffer_size_2@t"", ""data_quality_1@t+h""]; [""y@t"", ""throughput_2@t"", ""data_quality_1@t+h"", ""avg_p_latency_1@t""]; [""y@t"", ""throughput_2@t"", ""data_quality_1@t+h"", ""data_quality_1@t""]",0.739298739399672,1.0681012866784367,0.7912045715105992,0.824113926652623,0.7177526055034231,1.0931183279111307,-0.12592246034745092,-0.1435491255745696,-0.10860964657097677,0.0001,0.5091356255620262,0.4343892117079066,0.5872955511957454,0.0001,24.74488567501882,21.975789879749172,27.54433643483923,0.0001,26.42377809265157,23.582619644104188,29.3299543779686,0.0001,1401,-0.15859420142075387,-0.1754993931905382,-0.1424071341598738,0.0001,0.6585066009769358,0.5873381112693269,0.733504874187827,0.0001,25.83217966304715,23.086683481203554,28.621476789342022,0.0001,26.501138827752783,23.688047971497735,29.38941045831882,0.0001,0.006,0.006,0.006,0.006,0.0059,0.0059,0.0059,0.0059
"engine=lasso,prior=bdeu",0.6896494500726772,1.3231931309179708,44.360950470892746,0.3881117172868659,0.21912919343326195,0.8750872226120998,0.8772285502352262,5.925874108819346,4.652649068192588,4.0,0.23010494215225935,"[""y@t"", ""throughput_2@t"", ""avg_p_latency_3@t"", ""data_quality_1@t+h""]; [""y@t"", ""throughput_2@t"", ""avg_p_latency_3@t"", ""data_quality_2@t+h""]",0.6769742900591946,1.4151392469403417,0.7002966457688086,1.2483388628530327,0.6927321466220897,1.3025039973570371,-0.18543777253942262,-0.20522266008473336,-0.166152328168955,0.0001,0.8362726801532984,0.7387734263102219,0.9376501903147407,0.0001,36.43815044203633,33.11188840416787,39.86096224951052,0.0001,38.4350763620734,35.057011529007056,41.93642746819304,0.0001,1401,-0.21810951361272557,-0.23704996631057848,-0.19985919421301712,0.0001,0.985643655568208,0.8894044821467836,1.0853939183480181,0.0001,37.52544443006466,34.206681226749026,40.974442045227725,0.0001,38.51243709717461,35.1304589441908,42.03520277395844,0.0001,0.006,0.006,0.006,0.006,0.0059,0.0059,0.0059,0.0059
"engine=dynotears,prior=bdeu",0.8491273740045626,0.6285772462788414,12.971142534830317,0.24574546046738865,0.20413990007137758,0.8750872226120998,0.8772285502352262,5.925874108819346,4.652649068192588,2.1333333333333333,0.04080617071048657,"[""y@t"", ""throughput_2@t"", ""avg_p_latency_3@t"", ""data_quality_1@t+h""]; [""y@t"", ""throughput_2@t""]; [""y@t""]",0.868298570858222,0.5843565730897603,0.8134240381121562,0.7848780999174083,0.8656745791430277,0.5162374213625796,-0.025959848607537195,-0.03613275431514498,-0.016492571332601572,0.0001,0.141656795514169,0.09195027160882582,0.1964335590363921,0.0001,6.363305709042738,4.86392382996215,8.018149145120862,0.0001,7.0452684260109715,5.516971133890566,8.739485166500472,0.0001,1401,-0.058631589680840146,-0.0688484315924799,-0.04918650543729263,0.0001,0.29102777092907867,0.2420307561987878,0.34600920198606516,0.0001,7.450599697071066,5.949210507995772,9.11218096096688,0.0001,7.122629161112184,5.5910300157557575,8.827837022451133,0.0001,0.006,0.006,0.006,0.006,0.0059,0.0059,0.0059,0.0059
prior=bdeu,0.8671217237787335,0.5335402265096819,9.841748625902943,0.23204950736910676,0.19271948608137046,0.8750872226120998,0.8772285502352262,5.925874108819346,4.652649068192588,1.9333333333333333,0.015346329182172333,"[""y@t"", ""buffer_size_2@t""]; [""y@t"", ""buffer_size_3@t""]; [""y@t"", ""data_quality_2@t+h"", ""data_quality_2@t""]",0.8911556752648441,0.46347998331475565,0.8646152032077987,0.4996803442255081,0.8454482593769604,0.6374534539928701,-0.00796549883336628,-0.01573925787302792,-0.0006357003900775219,0.0334,0.04661977574500953,0.01096898695014175,0.08458502942612758,0.0084,2.9160710845613576,1.8592557787722443,4.077999674780317,0.0001,3.915874517083597,2.8346972406746724,5.0956787409213025,0.0001,1401,-0.04063723990666923,-0.04859294181626965,-0.033237563405090875,0.0001,0.1959907511599192,0.16296147991757007,0.231863781876917,0.0001,4.003365072589686,2.957754651316948,5.1587289289630345,0.0001,3.9932352521848093,2.9143481468811,5.178525325288954,0.0001,0.2672,0.0504,0.006,0.006,0.0059,0.0059,0.0059,0.0059
"engine=fixed,fixed_parents=('y@t', 'throughput_2@t', 'buffer_size_3@t', 'cores_3@t+h', 'data_quality_3@t+h')",0.8838004866471928,0.4323720740167887,6.435676766221974,0.16619167820210082,0.19414703783012136,0.8750872226120998,0.8772285502352262,5.925874108819346,4.652649068192588,5.0,0.4221393613496645,"[""y@t"", ""throughput_2@t"", ""buffer_size_3@t"", ""cores_3@t+h"", ""data_quality_3@t+h""]",0.8933975328864101,0.41682819553292044,0.8838885268131502,0.4160870527084587,0.8742337932656475,0.46367019305539925,0.008713264035092982,0.0047704020937425545,0.012452140028031196,0.0002,-0.05454837674788371,-0.06267963225134184,-0.0466262763493732,0.0001,-0.16748702119509318,-0.33445606944822714,0.0060256541281717155,0.0604,0.509802657402628,0.33426700336766946,0.690711533735243,0.0001,1401,-0.02395847703820997,-0.029027235448069365,-0.019027975215782245,0.0001,0.09482259866702597,0.08168425000840121,0.10799285743344737,0.0001,0.9198069668332352,0.7124618974224421,1.1308480510267287,0.0001,0.5871633925038404,0.3609718839985235,0.8116718147912526,0.0001,0.006,0.006,0.4228,0.006,0.0059,0.0059,0.0059,0.0059
max_parents=2,0.9033763398292936,0.3644671806415189,5.865037787052144,0.43182151290611515,0.198429693076374,0.8750872226120998,0.8772285502352262,5.925874108819346,4.652649068192588,2.0,0.025517303695671758,"[""y@t"", ""throughput_2@t""]",0.9168065304364712,0.34008104561015917,0.9045229347744588,0.33928204034208986,0.88875476065512,0.41386903792044977,0.028289117217193738,0.02209466227604531,0.03423130137136932,0.0001,-0.12245327012315349,-0.13811684362467777,-0.10665015220834254,0.0001,-0.8313639915325126,-1.0221995329334186,-0.6297062343654272,0.0001,-0.06083632176720144,-0.2642494964218507,0.14904686267524042,0.5554,1401,-0.0043826238561092135,-0.008557313003716763,-0.0006957815246012578,0.0192,0.02691770529175619,0.01711444139705603,0.03758434227007111,0.0001,0.2559299964958157,0.09016165679281372,0.42745153316265855,0.0032,0.016524413334011,-0.14289355634375545,0.18661881991643875,0.855,0.006,0.006,0.006,1.0,0.42239999999999994,0.0059,0.07680000000000001,1.0
max_parents=3,0.9094464338197806,0.3339864193410161,5.915362403863738,0.41600846836576827,0.19557458957887222,0.8750872226120998,0.8772285502352262,5.925874108819346,4.652649068192588,3.0,0.08456143229044837,"[""y@t"", ""throughput_2@t"", ""buffer_size_3@t""]; [""y@t"", ""throughput_2@t"", ""data_quality_2@t+h""]",0.918096673581352,0.3173152296811521,0.9127978713791626,0.3120727139278542,0.8974294545088684,0.3723999044470921,0.03435921120768082,0.029324592078087422,0.03940972534624134,0.0001,-0.1529340314236563,-0.16621259126741875,-0.13966157103954657,0.0001,-1.0872978630745713,-1.2628826235982489,-0.9042929086775237,0.0001,-0.010511704955607826,-0.22028739825759902,0.20239576425227143,0.9144,1401,0.0016874701343778664,-0.00019593847531873543,0.003207042988501615,0.0734,-0.0035630560087466234,-0.008193926952199702,0.001030830909397592,0.1304,-3.87504624299595e-06,-0.0909372198928153,0.09362237432258629,0.9848,0.06684903014560462,-0.04146478065916166,0.1819455898354275,0.2358,0.006,0.006,0.006,1.0,1.0,1.0,1.0,1.0
max_parents=5,0.9077589636854028,0.3353827551997437,5.7739802137796215,0.3833075482452569,0.1948608137044968,0.8750872226120998,0.8772285502352262,5.925874108819346,4.652649068192588,4.0,0.1359842831359646,"[""y@t"", ""throughput_2@t"", ""buffer_size_3@t"", ""data_quality_2@t+h"", ""data_quality_2@t""]; [""y@t"", ""throughput_2@t"", ""buffer_size_3@t""]; [""y@t"", ""throughput_2@t"", ""data_quality_2@t+h"", ""buffer_size_2@t"", ""data_quality_2@t""]",0.9154425622914459,0.3215811734010209,0.9086172744091916,0.3158520512648492,0.899188437672026,0.36855426418631543,0.03267174107330295,0.028022950793450907,0.0373002877096591,0.0001,-0.1515376955649287,-0.164255825615194,-0.13904067324836936,0.0001,-1.1309240517057084,-1.2833798405583037,-0.9746034054035839,0.0001,-0.1518938950397244,-0.3273360654986541,0.02844013627502497,0.096,1401,0.0,-5.998116591410252e-06,5.998116591410252e-06,1.3044,-0.002166720150019008,-0.002760688607255153,-0.0016245866933516013,0.0001,-0.04363006367738009,-0.0750224798795501,-0.014783311435777562,0.0022,-0.07453315993851195,-0.10614496721750562,-0.046159600180851815,0.0001,0.006,0.006,0.006,1.0,1.0,0.0059,0.0594,0.0059
max_parents=6,0.9077589636854028,0.3353827551997437,5.7739802137796215,0.3833075482452569,0.1948608137044968,0.8750872226120998,0.8772285502352262,5.925874108819346,4.652649068192588,4.0,0.1359842831359646,"[""y@t"", ""throughput_2@t"", ""buffer_size_3@t"", ""data_quality_2@t+h"", ""data_quality_2@t""]; [""y@t"", ""throughput_2@t"", ""buffer_size_3@t""]; [""y@t"", ""throughput_2@t"", ""data_quality_2@t+h"", ""buffer_size_2@t"", ""data_quality_2@t""]",0.9154425622914459,0.3215811734010209,0.9086172744091916,0.3158520512648492,0.899188437672026,0.36855426418631543,0.03267174107330295,0.028022950793450907,0.0373002877096591,0.0001,-0.1515376955649287,-0.164255825615194,-0.13904067324836936,0.0001,-1.1309240517057084,-1.2833798405583037,-0.9746034054035839,0.0001,-0.1518938950397244,-0.3273360654986541,0.02844013627502497,0.096,1401,0.0,-5.998116591410252e-06,5.998116591410252e-06,1.3044,-0.002166720150019008,-0.002760688607255153,-0.0016245866933516013,0.0001,-0.04363006367738009,-0.0750224798795501,-0.014783311435777562,0.0022,-0.07453315993851195,-0.10614496721750562,-0.046159600180851815,0.0001,0.006,0.006,0.006,1.0,1.0,0.0059,0.0594,0.0059
forced=(),0.9077589636854028,0.3375494753497627,5.848513373718133,0.38332383356404204,0.1948608137044968,0.8750872226120998,0.8772285502352262,5.925874108819346,4.652649068192588,3.6,0.12466731220818987,"[""y@t"", ""throughput_2@t"", ""buffer_size_3@t"", ""data_quality_2@t+h""]; [""y@t"", ""throughput_2@t"", ""buffer_size_3@t""]; [""y@t"", ""throughput_2@t"", ""data_quality_2@t+h"", ""buffer_size_2@t""]",0.9154424982072445,0.3241661072661956,0.9086172744091916,0.31724169328424706,0.899188437672026,0.37109472025375906,0.03267174107330295,0.028025000149952968,0.037302287081856234,0.0001,-0.14937097541490968,-0.16205679761423608,-0.13683478145145184,0.0001,-1.0872939880283283,-1.2429885737776825,-0.9272109949924536,0.0001,-0.07736073510121244,-0.25649785766831423,0.10598118949124853,0.391,1401,0.0,0.0,0.0,2.0,0.0,0.0,0.0,2.0,0.0,0.0,0.0,2.0,0.0,0.0,0.0,2.0,0.006,0.006,0.006,1.0,1.0,1.0,1.0,1.0
ess=1.0,0.9061934552550499,0.3574741608444872,6.311895977469699,0.44916537741226287,0.21556031406138473,0.8750872226120998,0.8772285502352262,5.915930971178969,4.652649068192588,3.6666666666666665,0.13803275599876186,"[""y@t"", ""data_quality_2@t"", ""throughput_2@t"", ""buffer_size_3@t""]; [""y@t"", ""throughput_2@t"", ""buffer_size_3@t"", ""buffer_size_2@t""]; [""y@t"", ""throughput_2@t"", ""data_quality_2@t+h"", ""buffer_size_2@t""]",0.9135570128302979,0.34085368205215033,0.9042898605335523,0.3398748132653585,0.9005784880870673,0.3915902748552654,0.031106232642950093,0.024914176948438227,0.03719452092043089,0.0001,-0.1348927704918158,-0.14961956159920203,-0.11948184944988753,0.0001,-0.7477290825399834,-1.0583586607066313,-0.4001508396098705,0.0002,0.39596500629073006,0.06558327749684503,0.7578526451250908,0.0154,1401,-0.0015655084303528577,-0.005710256979308504,0.0022633892957612156,0.4558,0.01992468549472448,0.014498580690226732,0.025638740473591614,0.0001,0.33141319310025175,0.09763322429161732,0.5970999492320497,0.0024,0.46338260375156537,0.22508080056100704,0.7267721318428252,0.0001,0.006,0.006,0.006,0.6622,1.0,0.0059,0.06,0.0059
ess=3.0,0.9090705518467201,0.3446795780446788,6.034957363801319,0.4177509974757756,0.19771591720199858,0.8750872226120998,0.8772285502352262,5.918040832214481,4.652649068192588,3.6666666666666665,0.13331201465562964,"[""y@t"", ""throughput_2@t"", ""buffer_size_3@t"", ""buffer_size_2@t""]; [""y@t"", ""throughput_2@t"", ""data_quality_2@t+h"", ""buffer_size_2@t""]",0.9176411630769902,0.3319915873696414,0.9079246523592278,0.32597334165377967,0.9015658333797945,0.3759377478335685,0.03398332923462033,0.028724980356168217,0.03922193431262582,0.0001,-0.14503258704295724,-0.15885848640613942,-0.13117702282502194,0.0001,-0.9515387542853766,-1.1635566106447335,-0.7158347842257285,0.0001,0.11691653158683835,-0.11928507686402676,0.37500262503124415,0.3494,1401,0.0013115881613173785,-0.0009517511501389102,0.0035308913001317332,0.2448,0.007130102694916096,0.003830924074695251,0.010488946214796013,0.0001,0.12934483491713067,0.020974004466589105,0.25302999698221346,0.0182,0.1864439900831858,0.07722712180467614,0.3117676367619905,0.0004,0.006,0.006,0.006,1.0,1.0,0.0059,0.4186,0.015600000000000001
ess=30.0,0.9055116693358285,0.33520131567905376,5.735656196379994,0.35330999104307464,0.1934332619557459,0.8750872226120998,0.8772285502352262,5.948922446764163,4.652649068192588,3.466666666666667,0.11425330904114862,"[""y@t"", ""throughput_2@t"", ""buffer_size_3@t""]; [""y@t"", ""throughput_2@t"", ""data_quality_2@t+h"", ""buffer_size_3@t""]",0.9142685397197086,0.3224124618959411,0.9069987638157528,0.31381153747171686,0.8952425811322012,0.3691993652720805,0.030424446723728682,0.025537981073942784,0.03522518929056278,0.0001,-0.14943092743103714,-0.1614224549033581,-0.1376591355667853,0.0001,-1.1395424988302985,-1.2800735756507315,-1.0013050289145082,0.0001,-0.21326625038416935,-0.37483876448469067,-0.05404605157894336,0.0074,1401,-0.002247294349574269,-0.0041267042148764865,-0.0006957815246012578,0.0022,-0.002348159670708949,-0.005519313705778041,0.00082924725243036,0.1562,-0.03312073051010955,-0.10684469736212372,0.03602880902294986,0.3642,-0.11285717733813971,-0.18952995042238377,-0.04278401158345871,0.001,0.006,0.006,0.006,0.333,0.050600000000000006,1.0,1.0,0.038
ess=100.0,0.9008391365111355,0.3403619929625169,5.667770201200483,0.3048937382949271,0.19271948608137046,0.8750872226120998,0.8772285502352262,6.025784203126059,4.652649068192588,3.066666666666667,0.08015295189989359,"[""y@t"", ""throughput_2@t"", ""buffer_size_3@t""]",0.9098740937692854,0.3277428525508456,0.9006826889987293,0.3213680629068806,0.891981079780345,0.3716660787644215,0.02575191389903564,0.021069084307527453,0.030314881127326027,0.0001,-0.14236158945092792,-0.152736522876329,-0.13183413239547687,0.0001,-1.1442471404225287,-1.2810866685221742,-1.0148708252041303,0.0001,-0.358014001925576,-0.4964251073173752,-0.22249134767316198,0.0001,1401,-0.006919827174267312,-0.00916912089603861,-0.004864422571312577,0.0001,0.002812517612754195,-0.003234402903828748,0.008782812527067117,0.3532,0.0240861322213064,-0.09148841816936111,0.13419689827911666,0.6554,-0.18074317251765049,-0.29554463929430363,-0.06848522542659766,0.0018,0.006,0.006,0.006,0.006,0.0059,1.0,1.0,0.06659999999999999
cross_run=False,0.9116682305576274,0.31431028928129934,5.30956375354447,0.3977202966600853,,0.877012005870606,0.8791573434705547,5.528454079402279,4.296760339725236,3.466666666666667,0.13048812097438253,"[""y@t"", ""throughput_2@t"", ""buffer_size_3@t"", ""buffer_size_2@t""]; [""y@t"", ""throughput_2@t"", ""buffer_size_3@t"", ""data_quality_2@t""]; [""y@t"", ""throughput_2@t"", ""buffer_size_3@t""]",0.9170483318295506,0.30519812086541764,0.9167595284549084,0.28501157167920654,0.901196985237225,0.35251801341953587,0.03465622468702134,0.03017302047494163,0.039207648629790884,0.0001,-0.1562042162998682,-0.16904631665826425,-0.14347539446828025,0.0001,-1.2132360007718352,-1.3559593136303216,-1.0772872775856301,0.0001,-0.2188903258578092,-0.38804806682653853,-0.05420773105398223,0.0102,1401,0.003909266872224593,0.0026991521853149433,0.005602118322487203,0.0001,-0.02323918606846337,-0.027521008382947493,-0.018932154181935133,0.0001,-0.4742399280682461,-0.5717338066893022,-0.3950476877023081,0.0001,-0.5389496201736632,-0.6335111223430265,-0.4617430451717493,0.0001,0.006,0.006,0.006,0.44880000000000003,0.0059,0.0059,0.0059,0.0059
on_change=static,0.907776958035177,0.33349390794592726,5.830000327971411,0.38478951225470237,0.2012847965738758,0.8750872226120998,0.8772285502352262,5.925874108819346,4.652649068192588,3.6,0.12466731220818987,"[""y@t"", ""throughput_2@t"", ""buffer_size_3@t"", ""data_quality_2@t+h""]; [""y@t"", ""throughput_2@t"", ""buffer_size_3@t""]; [""y@t"", ""throughput_2@t"", ""data_quality_2@t+h"", ""buffer_size_2@t""]",0.9154126349693389,0.31942598273667594,0.9087490956117061,0.31364700183484606,0.8991405026892935,0.36727959854140857,0.03268973542307718,0.0280449438876193,0.03732832890472383,0.0001,-0.15342654281874513,-0.1663043419039003,-0.14092405252284665,0.0001,-1.1071763056399764,-1.2633441228514906,-0.9467671979992002,0.0001,-0.09587378084793485,-0.27685799771106023,0.08822454911880731,0.296,1401,1.7994349774230756e-05,-3.398932735121374e-05,7.197739909670098e-05,0.5148,-0.004055567403835447,-0.0046909839148335545,-0.0034232364728604982,0.0001,-0.019882317611648048,-0.03184778998072302,-0.007909472388756415,0.0008,-0.018513045746722412,-0.030558203800213745,-0.0064496314547800825,0.0026,0.006,0.006,0.006,1.0,1.0,0.0059,0.0224,0.09359999999999999
on_change=chain,0.9084027615328787,0.32415055406807497,5.7936846028065165,0.3903590912792118,0.42469664525339046,0.8750872226120998,0.8772285502352262,5.925874108819346,4.652649068192588,3.6,0.12466731220818987,"[""y@t"", ""throughput_2@t"", ""buffer_size_3@t"", ""data_quality_2@t+h""]; [""y@t"", ""throughput_2@t"", ""buffer_size_3@t""]; [""y@t"", ""throughput_2@t"", ""data_quality_2@t+h"", ""buffer_size_2@t""]",0.9161267893110114,0.3101625670323978,0.9094098037293159,0.304501859479132,0.899644845355209,0.3576652505817993,0.033315538920778875,0.028700787952582865,0.03794213616924292,0.0001,-0.16276989669659742,-0.17550309080513657,-0.15028919446051828,0.0001,-1.144017669149445,-1.2995226862283702,-0.982979139112572,0.0001,-0.1321895060128293,-0.3124130115028848,0.05413467208500943,0.1546,1401,0.0006437978474759243,0.0005578248429993771,0.000733769596346745,0.0001,-0.013398921281687737,-0.014109869677251348,-0.012684771334940649,0.0001,-0.0567236811211167,-0.07359968397472741,-0.03969533917126427,0.0001,-0.054828770911616864,-0.07178834507779566,-0.037926991895054066,0.0001,0.006,0.006,0.006,1.0,0.0059,0.0059,0.0059,0.0059
