config,acc,logloss,maeh,acc_change,acc_xrun,acc_ar,acc_persistence,maeh_ar,mae_persistence_continuous,n_parents,unseen_cfg_frac,parents_last_fold,acc[20260313],logloss[20260313],acc[20260316],logloss[20260316],acc[20260319],logloss[20260319],n_resampled_units_vs_ar,d_acc_vs_ar,d_acc_lo_vs_ar,d_acc_hi_vs_ar,p_acc_vs_ar,d_logloss_vs_ar,d_logloss_lo_vs_ar,d_logloss_hi_vs_ar,p_logloss_vs_ar,d_mae_vs_ar,d_mae_lo_vs_ar,d_mae_hi_vs_ar,p_mae_vs_ar,d_maeh_vs_ar,d_maeh_lo_vs_ar,d_maeh_hi_vs_ar,p_maeh_vs_ar,n_runs,p_holm_acc_vs_ar,p_holm_logloss_vs_ar,p_holm_mae_vs_ar,p_holm_maeh_vs_ar
"ar_order=2,n_bins=4,on_change=chain,other_lags=2",0.9905369713909832,0.04229153149247077,4.87125036201807,0.2857142857142857,0.7458957887223412,0.9879777749786567,0.9879777749786567,5.373444285745791,4.652649068192588,4.0,0.013520442112633927,"[""y@t"", ""y@t-1"", ""throughput_1@t"", ""avg_p_latency_3@t""]; [""y@t"", ""y@t-1"", ""throughput_2@t"", ""avg_p_latency_3@t-1""]; [""y@t"", ""y@t-1"", ""throughput_2@t-1"", ""avg_p_latency_3@t""]",0.9899184656704136,0.042802459088567495,0.9908801131983335,0.0398550932020388,0.9908051346825621,0.044178617492362404,467,0.002559196412326492,0.0019213466971370525,0.0032569773091248866,0.0001,-0.0316474983657676,-0.03757351769494246,-0.02612731307595273,0.0001,-0.6268429280009364,-0.8621517770572508,-0.41262882236110826,0.0001,-0.5021939237277202,-0.7050438544680586,-0.2679887873012592,0.0002,1401,0.0028,0.0028,0.0028,0.0028
"ar_order=2,capacity=True,n_bins=4,on_change=chain,other_lags=2",0.9907688985658504,0.03974790547510529,4.83329750146158,0.3048395143854981,0.7458957887223412,0.9879777749786567,0.9879777749786567,5.373444285745791,4.652649068192588,4.0,0.010571906639571828,"[""y@t"", ""y@t-1"", ""throughput_1@t"", ""capacity_1@t+h""]; [""y@t"", ""y@t-1"", ""throughput_2@t"", ""capacity_3@t+h""]; [""y@t"", ""y@t-1"", ""throughput_2@t-1"", ""capacity_3@t+h""]",0.9900515685569584,0.03594801512508129,0.9913273568407,0.039522711831888845,0.9909191404770556,0.04377239394072478,467,0.002791123587193689,0.002239296860785722,0.0034449682799601138,0.0001,-0.03419112438313308,-0.04020278519192666,-0.02867833618774349,0.0001,-0.647864499887902,-0.8343713378421992,-0.46712885621531336,0.0001,-0.5401467842842109,-0.728588035303474,-0.32893380562149116,0.0001,1401,0.0028,0.0028,0.0028,0.0028
"ar_order=2,capacity=True,n_bins=4,on_change=capchain,other_lags=2",0.9910048244851116,0.03859993446459967,4.777333209828746,0.31664726426076834,0.8301213418986438,0.9879777749786567,0.9879777749786567,5.373444285745791,4.652649068192588,4.0,0.010571906639571828,"[""y@t"", ""y@t-1"", ""throughput_1@t"", ""capacity_1@t+h""]; [""y@t"", ""y@t-1"", ""throughput_2@t"", ""capacity_3@t+h""]; [""y@t"", ""y@t-1"", ""throughput_2@t-1"", ""capacity_3@t+h""]",0.9902966906277495,0.03482524637665046,0.9915309523489103,0.038516729430303556,0.9911765667145376,0.04245929961396044,467,0.0030270495064549374,0.0024772221522442184,0.003672896710432926,0.0001,-0.035339095393638706,-0.04137349170478814,-0.029822967264958405,0.0001,-0.706249613989911,-0.8942265694412943,-0.526229099672847,0.0001,-0.5961110759170447,-0.7843800185138579,-0.38291861092599555,0.0001,1401,0.0028,0.0028,0.0028,0.0028
"ar_order=2,capacity=True,n_bins=4,on_change=capchain,other_lags=2,pool=local",0.9911367830501223,0.03630492855942222,4.623608258656306,0.33859970064859474,0.8301213418986438,0.9879777749786567,0.9879777749786567,5.373444285745791,4.652649068192588,3.933333333333333,0.004216783182425681,"[""y@t"", ""y@t-1"", ""throughput_2@t"", ""capacity_3@t+h""]; [""y@t"", ""y@t-1"", ""throughput_2@t-1"", ""capacity_3@t+h""]",0.9902966906277495,0.03482524637665046,0.991727626763357,0.03707478405394304,0.9913739460552009,0.037029667872340445,467,0.00315900807146563,0.002601183228466253,0.003816851508626328,0.0001,-0.037634101298816156,-0.04355320470400313,-0.03224381517430705,0.0001,-0.5965440773163486,-0.7638653144693823,-0.432858301013147,0.0001,-0.7498360270894846,-0.8930580004032682,-0.6013316056862118,0.0001,1401,0.0028,0.0028,0.0028,0.0028
"ar_order=2,n_bins=10,on_change=chain,other_lags=2",0.9395089941758288,0.21866004145575582,6.349892366578979,0.39461447523972154,0.5417558886509636,0.9238339161503288,0.9238938973162427,6.022321637556496,4.652649068192588,3.933333333333333,0.04584120233924419,"[""y@t"", ""data_quality_2@t"", ""throughput_2@t"", ""throughput_2@t-1""]; [""y@t"", ""throughput_2@t"", ""throughput_2@t-1"", ""y@t-1""]; [""y@t"", ""y@t-1"", ""data_quality_2@t+h"", ""throughput_2@t""]",0.9452227470718327,0.20485317738483805,0.9380901754433184,0.21502353376234118,0.9352199722259069,0.235813067591993,467,0.015675078025499944,0.008299393990287115,0.022787094852216357,0.0002,-0.1262670148732408,-0.1470927673012346,-0.10644770188740847,0.0001,-0.8024788087694255,-1.1301751114307554,-0.44985600604709547,0.0001,0.3275707290224821,-0.045330523487189196,0.7435593701288771,0.0936,1401,0.0028,0.0028,0.0028,0.6736
"ar_order=2,capacity=True,n_bins=10,on_change=chain,other_lags=2",0.9396289565076565,0.2206047877744659,6.35715277315095,0.3852620517535794,0.5417558886509636,0.9238339161503288,0.9238938973162427,6.022321637556496,4.652649068192588,4.0,0.05298902600771868,"[""y@t"", ""data_quality_2@t"", ""throughput_2@t"", ""throughput_2@t-1""]; [""y@t"", ""throughput_2@t"", ""throughput_2@t-1"", ""y@t-1""]; [""y@t"", ""y@t-1"", ""data_quality_2@t+h"", ""throughput_2@t""]",0.9452227470718327,0.20485317738483805,0.9380901754433184,0.21502353376234118,0.9355775620703554,0.24161006672499896,467,0.015795040357327705,0.008455295037358302,0.02286482044637983,0.0002,-0.12432226855453071,-0.14503638090471827,-0.10454107323755583,0.0001,-0.7929798760547797,-1.1185770344931794,-0.4434327490882398,0.0001,0.3348311355944533,-0.03972157049310547,0.7511795107739053,0.0842,1401,0.0028,0.0028,0.0028,0.6736
"ar_order=2,capacity=True,n_bins=10,on_change=capchain,other_lags=2",0.9401627888842903,0.2189986156506743,6.2551407866404585,0.3909102850387495,0.7323340471092077,0.9238339161503288,0.9238938973162427,6.022321637556496,4.652649068192588,4.0,0.05298902600771868,"[""y@t"", ""data_quality_2@t"", ""throughput_2@t"", ""throughput_2@t-1""]; [""y@t"", ""throughput_2@t"", ""throughput_2@t-1"", ""y@t-1""]; [""y@t"", ""y@t-1"", ""data_quality_2@t+h"", ""throughput_2@t""]",0.9457376636309981,0.2032833980739369,0.9386108595806203,0.21344462164085898,0.9361407981174625,0.23994624597335523,467,0.01632887273396144,0.008980880003678849,0.02340265156740784,0.0002,-0.1259284406783223,-0.14662583292750592,-0.10621080560474193,0.0001,-0.8974750139258525,-1.2235654127206594,-0.5448705501092791,0.0001,0.2328191490839604,-0.140831844735555,0.6471285047958617,0.2412,1401,0.0028,0.0028,0.0028,1.0
"ar_order=2,capacity=True,n_bins=10,on_change=capchain,other_lags=2,pool=local",0.9461709023366663,0.20025153675342147,5.88766006463899,0.46370681728622093,0.7323340471092077,0.9238339161503288,0.9238938973162427,6.022321637556496,4.652649068192588,3.8666666666666667,0.03232409260508896,"[""y@t"", ""throughput_2@t"", ""throughput_2@t-1"", ""y@t-1""]; [""y@t"", ""y@t-1"", ""data_quality_3@t"", ""throughput_2@t""]; [""y@t"", ""y@t-1"", ""throughput_2@t"", ""buffer_size_3@t""]",0.9513037610377026,0.18421177915546522,0.9473539953615855,0.19060734374204408,0.9399156139234461,0.22547785190996303,467,0.022336986186337504,0.01637670771377783,0.02882899769472392,0.0001,-0.14467551957557515,-0.16428981440685478,-0.12626408950792328,0.0001,-1.1945295523443384,-1.4566092480143824,-0.9161543489030666,0.0001,-0.1346615729175067,-0.46992030784505756,0.21910158381323255,0.4302,1401,0.0028,0.0028,0.0028,1.0
"ar_order=2,on_change=chain,other_lags=2",0.9188914680790232,0.2771038738185326,5.752935467267155,0.5156257633743181,0.42469664525339046,0.8750872226120998,0.8772285502352262,5.925874108819344,4.652649068192588,3.8,0.08003305035886081,"[""y@t"", ""throughput_2@t"", ""throughput_2@t-1"", ""buffer_size_3@t""]",0.9231532375018183,0.2655992142715256,0.9209796295548648,0.25266937601124667,0.9125408937310912,0.3126970607799323,467,0.04380424546692341,0.03531890986230324,0.052200109165722035,0.0001,-0.2098165769461398,-0.23248514609758258,-0.1877648609706894,0.0001,-1.1546090204379542,-1.3872394265788233,-0.9180308124590313,0.0001,-0.1729386415521894,-0.4687844389307621,0.13355789077427813,0.2666,1401,0.0028,0.0028,0.0028,1.0
"ar_order=2,capacity=True,on_change=chain,other_lags=2",0.9188914680790232,0.2771038738185326,5.752935467267155,0.5156257633743181,0.42469664525339046,0.8750872226120998,0.8772285502352262,5.925874108819344,4.652649068192588,3.8,0.08003305035886081,"[""y@t"", ""throughput_2@t"", ""throughput_2@t-1"", ""buffer_size_3@t""]",0.9231532375018183,0.2655992142715256,0.9209796295548648,0.25266937601124667,0.9125408937310912,0.3126970607799323,467,0.04380424546692341,0.03531890986230324,0.052200109165722035,0.0001,-0.2098165769461398,-0.23248514609758258,-0.1877648609706894,0.0001,-1.1546090204379542,-1.3872394265788233,-0.9180308124590313,0.0001,-0.1729386415521894,-0.4687844389307621,0.13355789077427813,0.2666,1401,0.0028,0.0028,0.0028,1.0
"ar_order=2,capacity=True,on_change=capchain,other_lags=2",0.9195272684377106,0.27520077187922287,5.616812601249215,0.5196156664766712,0.6516773733047823,0.8750872226120998,0.8772285502352262,5.925874108819344,4.652649068192588,3.8,0.08003305035886081,"[""y@t"", ""throughput_2@t"", ""throughput_2@t-1"", ""buffer_size_3@t""]",0.923782736613291,0.26362363312670467,0.9216204715700054,0.2505806529201116,0.9131764808417074,0.3110551324945875,467,0.044440045825610786,0.035972604602154984,0.05281556591230355,0.0001,-0.2117196788854495,-0.23434528532990437,-0.18963306680454986,0.0001,-1.2921776972442025,-1.5223253191512616,-1.055417133871598,0.0001,-0.30906150757012885,-0.6029194365450748,-0.005940639175110493,0.045,1401,0.0028,0.0028,0.0028,0.40499999999999997
"ar_order=2,capacity=True,on_change=capchain,other_lags=2,pool=local",0.9221564428769367,0.2683672116499214,5.470356648207966,0.5329533425616807,0.6516773733047823,0.8750872226120998,0.8772285502352262,5.925874108819344,4.652649068192588,3.8,0.07165177670244481,"[""y@t"", ""throughput_2@t"", ""throughput_2@t-1"", ""buffer_size_3@t""]",0.9264814505074508,0.25641586669442223,0.9236866743952215,0.24899730616771154,0.9163330122714836,0.29925739002066487,467,0.04706922026483684,0.03985348600539429,0.05487756844350872,0.0001,-0.218553239114751,-0.24078250092425518,-0.19697791814640045,0.0001,-1.4353822832880674,-1.6545313104879724,-1.218972371658253,0.0001,-0.4555174606113779,-0.7339775742891917,-0.1735967950145298,0.0016,1401,0.0028,0.0028,0.0028,0.016
"ar_order=2,granularity=30,n_bins=4,on_change=chain,other_lags=2",0.9492505353319057,0.19447389421768327,17.543376385801288,0.46215494211932323,0.7444682369735903,0.9201284796573875,0.9198429693076374,25.320873740190926,17.58389245776826,3.8666666666666667,0.0480019827651948,"[""y@t"", ""data_quality_1@t+h"", ""avg_p_latency_1@t-1"", ""y@t-1""]; [""y@t"", ""data_quality_1@t+h"", ""rps@t+h"", ""avg_p_latency_1@t-1""]",0.9488560970029744,0.20495895328643393,0.9612377030427821,0.13852562641442973,0.9377099061999543,0.23983689846704698,467,0.0291220556745182,0.02441113490364022,0.03383297644539618,0.0001,-0.14226249815979464,-0.1580992215555948,-0.12643604058015478,0.0001,-5.509513652041704,-6.584977990439491,-4.445956974623524,0.0001,-7.7774973543896415,-8.811685441703785,-6.776581922084153,0.0001,1401,0.0028,0.0028,0.0028,0.0028
"ar_order=2,capacity=True,granularity=30,n_bins=4,on_change=chain,other_lags=2",0.9493219129193433,0.18814411898372221,17.38491384683539,0.46749777382012464,0.7444682369735903,0.9201284796573875,0.9198429693076374,25.320873740190926,17.58389245776826,3.933333333333333,0.03461069168001218,"[""y@t"", ""capacity_1@t+h"", ""capacity_1@t"", ""rps@t+h""]; [""y@t"", ""capacity_1@t+h"", ""capacity_1@t"", ""y@t-1""]",0.9497071608327614,0.19700184247159921,0.9610249370853353,0.1386909979400139,0.9372866620910546,0.2286456018906895,467,0.02919343326195578,0.024197002141327695,0.034047109207708814,0.0001,-0.14859227339375566,-0.1644313612708506,-0.1327130700851661,0.0001,-5.645212320399537,-6.753838275285878,-4.532510312760637,0.0001,-7.9359598933555375,-9.010810670180653,-6.861204194525569,0.0001,1401,0.0028,0.0028,0.0028,0.0028
"ar_order=2,capacity=True,granularity=30,n_bins=4,on_change=capchain,other_lags=2",0.9584582441113491,0.14993148132617534,15.31819903488172,0.5253784505788067,0.8358315488936474,0.9201284796573875,0.9198429693076374,25.320873740190926,17.58389245776826,3.933333333333333,0.03461069168001218,"[""y@t"", ""capacity_1@t+h"", ""capacity_1@t"", ""rps@t+h""]; [""y@t"", ""capacity_1@t+h"", ""capacity_1@t"", ""y@t-1""]",0.9599542438801191,0.1515552082712343,0.9689270189887897,0.10877331928049647,0.9464790665751543,0.1894825501165566,467,0.03832976445396152,0.033618843683083544,0.04289793004996423,0.0001,-0.18680491105130254,-0.20145699333986145,-0.17216436389608838,0.0001,-7.903165694884834,-8.956313927640531,-6.8710676382159255,0.0001,-10.002674705309204,-11.007621024838146,-8.99154564476197,0.0001,1401,0.0028,0.0028,0.0028,0.0028
"ar_order=2,capacity=True,granularity=30,n_bins=4,on_change=capchain,other_lags=2,pool=local",0.9586723768736617,0.16658879306030883,16.15486444478449,0.5191451469278717,0.8358315488936474,0.9201284796573875,0.9198429693076374,25.320873740190926,17.58389245776826,3.8,0.008336002440326373,"[""y@t"", ""capacity_3@t+h"", ""capacity_3@t"", ""throughput_2@t""]; [""y@t"", ""capacity_3@t+h"", ""capacity_3@t"", ""throughput_2@t-1""]; [""y@t"", ""capacity_3@t+h"", ""capacity_3@t"", ""y@t-1""]",0.9601670098375659,0.17043259369110803,0.9689270189887897,0.11801809713157356,0.946902310684054,0.21124804815629283,467,0.03854389721627416,0.03418986438258387,0.04289793004996434,0.0001,-0.17014759931716908,-0.18431109708747878,-0.1559863305163927,0.0001,-7.390638139751005,-8.32308368053839,-6.4761213601794045,0.0001,-9.166009295406436,-9.987917958717203,-8.382537122998846,0.0001,1401,0.0028,0.0028,0.0028,0.0028
"ar_order=2,granularity=30,n_bins=10,on_change=chain,other_lags=2",0.9135617416131335,0.37713885751652626,18.673571974640815,0.3559423769507803,0.6031406138472519,0.8798715203426124,0.8810849393290506,25.1543857315646,17.58389245776826,3.6666666666666665,0.1512811713566689,"[""y@t"", ""data_quality_1@t+h"", ""avg_p_latency_1@t"", ""y@t-1""]; [""y@t"", ""data_quality_1@t+h"", ""avg_p_latency_1@t-1"", ""y@t-1""]; [""y@t"", ""data_quality_1@t+h"", ""rps@t+h""]",0.9013200640585678,0.42945690453008645,0.9393983070235643,0.2566197549618887,0.9000388927018989,0.4451244123009686,467,0.033690221270521126,0.02876516773733051,0.03861527480371163,0.0001,-0.20163448893916586,-0.22077640783116403,-0.18242780265930678,0.0001,-4.2423156467592875,-5.3556905407588555,-3.1424686086698355,0.0001,-6.480813756923784,-7.559451048733586,-5.426662536485316,0.0001,1401,0.0028,0.0028,0.0028,0.0028
"ar_order=2,capacity=True,granularity=30,n_bins=10,on_change=chain,other_lags=2",0.9137044967880086,0.3767337412471043,18.809035901036996,0.35714285714285715,0.6031406138472519,0.8798715203426124,0.8810849393290506,25.1543857315646,17.58389245776826,3.7333333333333334,0.15436360863265458,"[""y@t"", ""capacity_1@t+h"", ""rps@t+h"", ""throughput_1@t""]; [""y@t"", ""capacity_1@t+h"", ""throughput_1@t"", ""y@t-1""]",0.9013200640585678,0.4281625643666098,0.9393983070235643,0.2543774602179959,0.9004690002287805,0.44742828952895125,467,0.03383297644539618,0.028979300499643035,0.038829407566024265,0.0001,-0.20203960520858782,-0.22093894985619536,-0.18277636459795374,0.0001,-4.239021067248245,-5.37307060452575,-3.1205752485764378,0.0001,-6.345349830527599,-7.415057550679529,-5.275037972794886,0.0001,1401,0.0028,0.0028,0.0028,0.0028
"ar_order=2,capacity=True,granularity=30,n_bins=10,on_change=capchain,other_lags=2",0.9259814418272663,0.3498040397164851,14.990898840758279,0.4225690276110444,0.7259100642398287,0.8798715203426124,0.8810849393290506,25.1543857315646,17.58389245776826,3.7333333333333334,0.15436360863265458,"[""y@t"", ""capacity_1@t+h"", ""rps@t+h"", ""throughput_1@t""]; [""y@t"", ""capacity_1@t+h"", ""throughput_1@t"", ""y@t-1""]",0.9143376801647219,0.4034954815179638,0.952212308396248,0.22307586455815667,0.9113406543125144,0.4227834682477418,467,0.04610992148465387,0.041684511063526,0.05046395431834405,0.0001,-0.228969306739207,-0.2541282319076525,-0.2023732044630525,0.0001,-8.085489852939663,-9.066791711208385,-7.112125625472277,0.0001,-10.163486890806317,-11.109361358959934,-9.245000094609912,0.0001,1401,0.0028,0.0028,0.0028,0.0028
"ar_order=2,capacity=True,granularity=30,n_bins=10,on_change=capchain,other_lags=2,pool=local",0.9258386866523911,0.3585415609052467,15.381365526990466,0.42136854741896757,0.7259100642398287,0.8798715203426124,0.8810849393290506,25.1543857315646,17.58389245776826,3.2,0.04226035232212306,"[""y@t"", ""data_quality_3@t+h"", ""data_quality_3@t"", ""throughput_2@t-1""]; [""y@t"", ""data_quality_3@t+h"", ""data_quality_3@t"", ""y@t-1""]; [""y@t"", ""y@t-1"", ""throughput_2@t"", ""throughput_2@t-1""]",0.9143376801647219,0.41240417818211705,0.952212308396248,0.22483144060348925,0.9109105467856325,0.4384173440044609,467,0.045967166309778706,0.041541755888650944,0.050321199143469,0.0001,-0.22023178555044542,-0.24512737935461099,-0.193590498840987,0.0001,-7.811072264800007,-8.662058144488736,-6.9903665815586455,0.0001,-9.773020204574129,-10.574289776488866,-8.98417018079891,0.0001,1401,0.0028,0.0028,0.0028,0.0028
"ar_order=2,granularity=30,on_change=chain,other_lags=2",0.864739471805853,0.6104435953970995,20.144765934603505,0.23609226594301222,0.44682369735902927,0.8367594575303354,0.8421841541755889,25.346508310031453,17.58389245776826,3.533333333333333,0.15488141538930827,"[""y@t"", ""data_quality_1@t+h"", ""cores_1@t+h"", ""throughput_1@t-1""]; [""y@t"", ""data_quality_1@t+h"", ""throughput_2@t-1"", ""data_quality_1@t""]; [""y@t"", ""rps@t+h"", ""data_quality_1@t+h""]",0.8432807137954702,0.6593392420534353,0.902125371768474,0.4357002230599565,0.8488835506749028,0.7361269077195616,467,0.02798001427551755,0.023124553890078472,0.032905067808708055,0.0001,-0.25392242630605955,-0.2766909020635538,-0.23091135531443663,0.0001,-3.8175449497816736,-4.842808238466661,-2.7622396946088177,0.0001,-5.201742375427951,-6.189728854126843,-4.207912110401954,0.0001,1401,0.0028,0.0028,0.0028,0.0028
"ar_order=2,capacity=True,granularity=30,on_change=chain,other_lags=2",0.8646680942184154,0.6122992633297148,20.421161671151417,0.23518769787426505,0.44682369735902927,0.8367594575303354,0.8421841541755889,25.346508310031453,17.58389245776826,3.6,0.1631083657439182,"[""y@t"", ""capacity_1@t+h"", ""throughput_1@t"", ""y@t-1""]; [""y@t"", ""capacity_1@t+h"", ""throughput_2@t-1"", ""throughput_2@t""]; [""y@t"", ""rps@t+h"", ""capacity_1@t+h"", ""throughput_1@t""]",0.8432807137954702,0.6588965298183195,0.902125371768474,0.4367290443382501,0.848668496911462,0.7410374429966231,467,0.02790863668807997,0.023054960742326935,0.03283369022127047,0.0001,-0.25206675837344417,-0.2747689544802605,-0.22900432678959615,0.0001,-3.4773113159710896,-4.532118258199452,-2.391304846156029,0.0001,-4.925346638880033,-5.925444076725547,-3.8933565323040593,0.0001,1401,0.0028,0.0028,0.0028,0.0028
"ar_order=2,capacity=True,granularity=30,on_change=capchain,other_lags=2",0.8897216274089935,0.5769918923314212,14.200228509833195,0.3618272274988693,0.6973590292648109,0.8367594575303354,0.8421841541755889,25.346508310031453,17.58389245776826,3.6,0.1631083657439182,"[""y@t"", ""capacity_1@t+h"", ""throughput_1@t"", ""y@t-1""]; [""y@t"", ""capacity_1@t+h"", ""throughput_2@t-1"", ""throughput_2@t""]; [""y@t"", ""rps@t+h"", ""capacity_1@t+h"", ""throughput_1@t""]",0.8704278197208877,0.6400387807089455,0.9297140242507436,0.38833193081516093,0.8689979409746054,0.7026661846289985,467,0.052962169878658094,0.04846359743040681,0.05745895788722333,0.0001,-0.2873741293717377,-0.32667365151689526,-0.24625053836916153,0.0001,-9.754239399374093,-10.655668496335952,-8.857602011769087,0.0001,-11.146279800198254,-12.037720449590447,-10.242756149198499,0.0001,1401,0.0028,0.0028,0.0028,0.0028
"ar_order=2,capacity=True,granularity=30,on_change=capchain,other_lags=2,pool=local",0.8887223411848679,0.6144361801113803,17.410321771333923,0.35911352329262775,0.6973590292648109,0.8367594575303354,0.8421841541755889,25.346508310031453,17.58389245776826,2.2,0.057446808510638284,"[""y@t"", ""capacity_3@t+h"", ""capacity_3@t"", ""y@t-1""]; [""y@t""]",0.868494623655914,0.6868434768404807,0.9301372683596429,0.4121036634072632,0.8675131548844659,0.7446646415660821,467,0.0519628836545325,0.04760885082084221,0.05624553890078521,0.0001,-0.24992984159177856,-0.28906439023852776,-0.2092862039817253,0.0001,-7.6098517104046195,-8.460388365122906,-6.741552755147908,0.0001,-7.93618653869753,-8.799680348810499,-7.052943840045515,0.0001,1401,0.0028,0.0028,0.0028,0.0028
"ar_order=2,on_change=chain,other_lags=2,target=throughput_1",0.9249615620695102,0.21528101993543372,1.828420500755406,0.33272339127782863,0.6659528907922913,0.9121495850303005,0.9147727613529352,1.935065367237354,1.5716345067648758,3.6666666666666665,0.08808490985809403,"[""y@t"", ""avg_p_latency_1@t"", ""cores_1@t+h"", ""y@t-1""]; [""y@t"", ""data_quality_1@t+h"", ""cores_1@t+h"", ""y@t-1""]; [""y@t"", ""data_quality_1@t+h"", ""cores_1@t+h""]",0.9235792051892823,0.2098673483978281,0.9079981569383644,0.24749911294816768,0.9433134864561243,0.1881529913254564,467,0.012811977039209665,0.009444984274937663,0.01621490851872509,0.0001,-0.10876483246491334,-0.11946001262265331,-0.09857716876082442,0.0001,-0.7109236375715295,-0.7835942658824404,-0.6427124689425422,0.0001,-0.10664486648194815,-0.15947113917410446,-0.0524262521983856,0.0001,1401,0.0028,0.0028,0.0028,0.0028
"ar_order=2,capacity=True,on_change=capchain,other_lags=2,target=throughput_1",0.9271368790199878,0.21248791672179174,1.7224293721206538,0.32709315691932345,0.8629550321199143,0.9121495850303005,0.9147727613529352,1.935065367237354,1.5716345067648758,3.8,0.08671688304697302,"[""y@t"", ""avg_p_latency_1@t"", ""capacity_1@t+h"", ""y@t-1""]; [""y@t"", ""data_quality_1@t+h"", ""capacity_1@t+h"", ""y@t-1""]; [""y@t"", ""data_quality_1@t+h"", ""cores_1@t+h""]",0.9237573592694914,0.21485026887523198,0.9081357457190151,0.24741882880687402,0.9494945358605579,0.17487329333466192,467,0.014987293989687234,0.01250607309304885,0.017826402509611983,0.0001,-0.11155793567855532,-0.12233178714860761,-0.10153077343641825,0.0001,-0.778883928489948,-0.851911902915704,-0.7034690357188179,0.0001,-0.21263599511670006,-0.2726775638929013,-0.1471140719134303,0.0001,1401,0.0028,0.0028,0.0028,0.0028
"ar_order=2,on_change=chain,other_lags=2,target=throughput_2",0.899187655076306,0.325850463063007,5.223147300654726,0.23712820885753763,0.5253390435403283,0.88758529821636,0.8900265316690559,5.250151166635097,4.207434865452248,3.8666666666666667,0.1068279580573173,"[""y@t"", ""y@t-1"", ""buffer_size_2@t"", ""data_quality_2@t+h""]; [""y@t"", ""y@t-1"", ""buffer_size_3@t-1"", ""buffer_size_2@t""]; [""y@t"", ""y@t-1"", ""data_quality_2@t"", ""avg_p_latency_2@t""]",0.9083465827419964,0.30924458924789855,0.9026914082951872,0.3053522569077651,0.8866233201127625,0.36252738607524804,467,0.01160235685994604,0.007747517279574223,0.01527530355468389,0.0001,-0.12025658781771154,-0.13311502914920662,-0.1073852829616935,0.0001,-1.1832260041487608,-1.4017542240720882,-0.9632040629658065,0.0001,-0.027003865980370634,-0.2390230171578169,0.1887337969040988,0.8152,1401,0.0028,0.0028,0.0028,1.0
"ar_order=2,capacity=True,on_change=capchain,other_lags=2,target=throughput_2",0.8980720053903074,0.3344362327260927,5.250054979835292,0.23003781543160498,0.7016416845110636,0.88758529821636,0.8900265316690559,5.250151166635097,4.207434865452248,4.0,0.1434908501645148,"[""y@t"", ""y@t-1"", ""buffer_size_2@t"", ""data_quality_2@t+h""]; [""y@t"", ""y@t-1"", ""buffer_size_3@t-1"", ""buffer_size_2@t""]; [""y@t"", ""y@t-1"", ""data_quality_2@t"", ""avg_p_latency_2@t""]",0.9088138847394369,0.30923666373676184,0.9000410779731706,0.31896041753052373,0.8854882607355457,0.3745074869369503,467,0.010486707173947396,0.006479865322288814,0.014241528160157668,0.0001,-0.11167081815462582,-0.12528637130237116,-0.09799982999655722,0.0001,-1.1969970880128322,-1.4410745410940156,-0.9432420117817341,0.0001,-9.618679980505362e-05,-0.23517562599995975,0.2470385371975184,0.979,1401,0.0028,0.0028,0.0028,1.0
