config,acc,logloss,maeh,acc_change,acc_xrun,acc_ar,acc_persistence,maeh_ar,mae_persistence_continuous,n_parents,unseen_cfg_frac,parents_last_fold,acc[20260313],logloss[20260313],acc[20260316],logloss[20260316],acc[20260319],logloss[20260319],n_resampled_units_vs_ar,d_acc_vs_ar,d_acc_lo_vs_ar,d_acc_hi_vs_ar,p_acc_vs_ar,d_logloss_vs_ar,d_logloss_lo_vs_ar,d_logloss_hi_vs_ar,p_logloss_vs_ar,d_mae_vs_ar,d_mae_lo_vs_ar,d_mae_hi_vs_ar,p_mae_vs_ar,d_maeh_vs_ar,d_maeh_lo_vs_ar,d_maeh_hi_vs_ar,p_maeh_vs_ar,n_runs,n_resampled_units_vs_ref,d_acc_vs_ref,d_acc_lo_vs_ref,d_acc_hi_vs_ref,p_acc_vs_ref,d_logloss_vs_ref,d_logloss_lo_vs_ref,d_logloss_hi_vs_ref,p_logloss_vs_ref,d_mae_vs_ref,d_mae_lo_vs_ref,d_mae_hi_vs_ref,p_mae_vs_ref,d_maeh_vs_ref,d_maeh_lo_vs_ref,d_maeh_hi_vs_ref,p_maeh_vs_ref,p_holm_acc_vs_ar,p_holm_logloss_vs_ar,p_holm_mae_vs_ar,p_holm_maeh_vs_ar,p_holm_acc_vs_ref,p_holm_logloss_vs_ref,p_holm_mae_vs_ref,p_holm_maeh_vs_ref
ref,0.9077589636854028,0.3375494753497627,5.848513373718133,0.38332383356404204,0.1948608137044968,0.8750872226120998,0.8772285502352262,5.925874108819346,4.652649068192588,3.6,0.12466731220818987,"[""y@t"", ""throughput_2@t"", ""buffer_size_3@t"", ""data_quality_2@t+h""]; [""y@t"", ""throughput_2@t"", ""buffer_size_3@t""]; [""y@t"", ""throughput_2@t"", ""data_quality_2@t+h"", ""buffer_size_2@t""]",0.9154424982072445,0.3241661072661956,0.9086172744091916,0.31724169328424706,0.899188437672026,0.37109472025375906,467,0.03267174107330295,0.026061766605285912,0.039427819664625316,0.0001,-0.14937097541490968,-0.1679069530172592,-0.13124885906498032,0.0001,-1.0872939880283266,-1.3077359929029735,-0.8629327303203158,0.0001,-0.07736073510121244,-0.3321563816961357,0.18348603469972807,0.5732,1401,,,,,,,,,,,,,,,,,,0.0016,0.0016,0.0016,1.0,,,,
pool=local,0.9147147795592184,0.32352447705741144,5.626681493717416,0.4403224493119453,0.19557458957887222,0.8750872226120998,0.8772285502352262,5.925874108819346,4.652649068192588,3.0,0.07778653595198468,"[""y@t"", ""throughput_2@t"", ""buffer_size_3@t""]",0.9214821137789364,0.31171246786951234,0.9179061512502507,0.30021931214922387,0.9048087503132116,0.358335248382889,467,0.039627556947118614,0.03339731324364154,0.04623558202724345,0.0001,-0.16339597370726094,-0.1818723657115328,-0.14528442916762038,0.0001,-1.3994161218822523,-1.6187850191423285,-1.1954942136587492,0.0001,-0.29919261510192996,-0.5522592471247028,-0.0415621324864131,0.0232,1401,467.0,0.006955815873815663,0.003992746277668877,0.01082680038467924,0.0001,-0.014024998292351265,-0.024393092957776318,-0.004361511932946421,0.005,-0.31212213385392573,-0.4662460830130067,-0.1760590725022278,0.0001,-0.22183188000071752,-0.3736413374655691,-0.08679257698021522,0.0006,0.0016,0.0016,0.0016,0.2784,0.0015,0.03,0.0015,0.0078
"ar_order=2,other_lags=2,pool=local",0.9208748452985762,0.28606782030676614,5.6665442771428545,0.5219444670629427,0.19414703783012136,0.8750872226120998,0.8772285502352262,5.925874108819346,4.652649068192588,3.8,0.07165177670244481,"[""y@t"", ""throughput_2@t"", ""throughput_2@t-1"", ""buffer_size_3@t""]",0.9251617004614703,0.27439770643381234,0.9222473432292156,0.26656160029549464,0.9152470413926267,0.31681387595122584,467,0.045787622686476404,0.038555643527932226,0.05361336540326338,0.0001,-0.20085263045790624,-0.2230936851842666,-0.1793999634456526,0.0001,-1.235590417173686,-1.4517126192236065,-1.0216277413739685,0.0001,-0.2593298316764914,-0.5344361915454918,0.020968373593898984,0.0672,1401,467.0,0.013115881613173452,0.009285084483472206,0.01713471969801485,0.0001,-0.051481655042996566,-0.06425415674624724,-0.03926860074242407,0.0001,-0.14829642914535945,-0.3070341093732368,-0.003505507293681203,0.0428,-0.18196909657527893,-0.3477024836464896,-0.03060074363069243,0.0174,0.0016,0.0016,0.0016,0.6048,0.0015,0.0015,0.192,0.174
"ar_order=2,other_lags=2",0.918243671487153,0.2919308852925525,5.807775722444829,0.5085905056591483,0.1934332619557459,0.8750872226120998,0.8772285502352262,5.925874108819346,4.652649068192588,3.8,0.08003305035886081,"[""y@t"", ""throughput_2@t"", ""throughput_2@t-1"", ""buffer_size_3@t""]",0.9224629865673105,0.2807681866111204,0.9201811404039996,0.26706935853843,0.9120844860479081,0.32760048493977123,467,0.04315644887505321,0.03465311892065892,0.05158415257609113,0.0001,-0.19498956547211987,-0.2177086387613442,-0.17289261536841952,0.0001,-1.0976580613567144,-1.3279698340948465,-0.8623394402306339,0.0001,-0.11809838637451797,-0.4100343688628005,0.1810281380957195,0.4432,1401,467.0,0.01048470780175026,0.006905831568887355,0.014157604512183074,0.0001,-0.045618590057210195,-0.05642624733575714,-0.03542525223974698,0.0001,-0.010364073328387846,-0.13898174638281172,0.11493036320770138,0.8878,-0.04073765127330553,-0.18979126528805995,0.11955186217238259,0.5912,0.0016,0.0016,0.0016,1.0,0.0015,0.0015,1.0,1.0
"forced=('y@t', 'throughput_2@t')",0.9077589636854028,0.3375494753497627,5.848513373718133,0.38332383356404204,0.1948608137044968,0.8750872226120998,0.8772285502352262,5.925874108819346,4.652649068192588,3.6,0.12466731220818987,"[""y@t"", ""throughput_2@t"", ""buffer_size_3@t"", ""data_quality_2@t+h""]; [""y@t"", ""throughput_2@t"", ""buffer_size_3@t""]; [""y@t"", ""throughput_2@t"", ""data_quality_2@t+h"", ""buffer_size_2@t""]",0.9154424982072445,0.3241661072661956,0.9086172744091916,0.31724169328424706,0.899188437672026,0.37109472025375906,467,0.03267174107330295,0.026061766605285912,0.039427819664625316,0.0001,-0.14937097541490968,-0.1679069530172592,-0.13124885906498032,0.0001,-1.0872939880283266,-1.3077359929029735,-0.8629327303203158,0.0001,-0.07736073510121244,-0.3321563816961357,0.18348603469972807,0.5732,1401,467.0,0.0,0.0,0.0,2.0,0.0,0.0,0.0,2.0,0.0,0.0,0.0,2.0,0.0,0.0,0.0,2.0,0.0016,0.0016,0.0016,1.0,1.0,1.0,1.0,1.0
"forced=('y@t', 'throughput_2@t', 'buffer_size_3@t')",0.9103501500528834,0.3311141459576174,5.80120654029298,0.39340444589202833,0.1948608137044968,0.8750872226120998,0.8772285502352262,5.925874108819346,4.652649068192588,3.533333333333333,0.12120356111635529,"[""y@t"", ""throughput_2@t"", ""buffer_size_3@t"", ""buffer_size_2@t""]; [""y@t"", ""throughput_2@t"", ""buffer_size_3@t"", ""data_quality_2@t+h""]; [""y@t"", ""throughput_2@t"", ""buffer_size_3@t""]",0.9175026771175183,0.32061225345854905,0.9124605321423924,0.30266525435399705,0.9010919947937994,0.3698359883069341,467,0.03526292744078363,0.029340437102749837,0.04153520794470538,0.0001,-0.15580630480705498,-0.17372761137036824,-0.13808182658956528,0.0001,-1.1987551312015423,-1.4067340819580476,-1.0048013263723192,0.0001,-0.12466756852636607,-0.3721579508289196,0.1277280177291387,0.3446,1401,467.0,0.00259118636748068,0.000519836771253887,0.005982271566728068,0.0034,-0.006435329392145306,-0.01338799847217071,-0.0008352584490394499,0.0202,-0.11146114317321576,-0.24488044635542958,-0.006476544250123864,0.032,-0.04730683342515363,-0.18307653776787342,0.061201803918807494,0.4568,0.0016,0.0016,0.0016,1.0,0.0136,0.0808,0.192,1.0
"forced=('y@t', 'throughput_2@t', 'cores_3@t+h', 'data_quality_3@t+h'),max_parents=5",0.8837185123871104,0.4365110617532095,6.309487711786631,0.18417067014086802,0.1891506067094932,0.8750872226120998,0.8772285502352262,5.925874108819346,4.652649068192588,5.0,0.3989889221913122,"[""y@t"", ""throughput_2@t"", ""cores_3@t+h"", ""data_quality_3@t+h"", ""avg_p_latency_3@t""]; [""y@t"", ""throughput_2@t"", ""cores_3@t+h"", ""data_quality_3@t+h"", ""data_quality_2@t+h""]",0.8938406751398797,0.4157407684349591,0.8820706502688012,0.42956383779693075,0.875343859804274,0.4637159486078847,467,0.008631289775010598,0.0020313621522842747,0.014107620207254985,0.0116,-0.05040938901146297,-0.06291873980242438,-0.03784345156190527,0.0001,-0.1408427789614617,-0.3421694063952567,0.07086655894717224,0.191,0.3836136029672854,0.17439843117671497,0.6043243612025806,0.0006,1401,467.0,-0.024040451298292353,-0.031871992194450915,-0.016846660148713267,0.0001,0.09896158640344671,0.07818285802755297,0.12071469463380262,0.0001,0.9464512090668649,0.6985112186597956,1.2065151497953517,0.0001,0.46097433806849786,0.18230340980432286,0.742961451594398,0.0008,0.0464,0.0016,0.573,0.0084,0.0015,0.0015,0.0015,0.0088
"forced=('y@t', 'throughput_2@t', 'cores_3@t+h', 'data_quality_3@t+h'),max_parents=6",0.8836165444050568,0.4354474926480752,6.125588795610096,0.17467632928914584,0.18986438258386867,0.8750872226120998,0.8772285502352262,5.925874108819346,4.652649068192588,5.866666666666666,0.43121791384135444,"[""y@t"", ""throughput_2@t"", ""cores_3@t+h"", ""data_quality_3@t+h"", ""avg_p_latency_3@t"", ""buffer_size_3@t""]; [""y@t"", ""throughput_2@t"", ""cores_3@t+h"", ""data_quality_3@t+h"", ""avg_p_latency_3@t"", ""cores_3@t""]; [""y@t"", ""throughput_2@t"", ""cores_3@t+h"", ""data_quality_3@t+h"", ""data_quality_2@t+h"", ""data_quality_2@t""]",0.8954791800041912,0.41397516839393783,0.8824818785899169,0.42263094715959443,0.8729824851468843,0.4692474670106158,467,0.008529321792956956,0.002617028253128562,0.013529751657979427,0.0044,-0.05147295811659719,-0.06312706440430293,-0.03991522968748736,0.0001,-0.30815026764855524,-0.47288035003322026,-0.14097901288682413,0.0004,0.19971468679074977,0.03054066408700886,0.3742806222272598,0.0202,1401,467.0,-0.024142419280345995,-0.03146631957565331,-0.017162560955859874,0.0001,0.09789801729831249,0.07774984563580295,0.11877144099378945,0.0001,0.7791437203797713,0.5542368296022245,1.0089003625386388,0.0001,0.2770754218919622,0.026023900663938875,0.5274077766996911,0.0288,0.022000000000000002,0.0016,0.002,0.2626,0.0015,0.0015,0.0015,0.2592
"forced=('y@t', 'cores_3@t+h', 'data_quality_3@t+h')",0.8795978062888253,0.4432425408435809,6.864348392612057,0.21096001954238255,0.19271948608137046,0.8750872226120998,0.8772285502352262,5.925874108819346,4.652649068192588,4.0,0.31377536906625686,"[""y@t"", ""cores_3@t+h"", ""data_quality_3@t+h"", ""throughput_2@t""]",0.8943000306963326,0.42101616825932686,0.878010531597677,0.43295017452338025,0.8665474700518505,0.47521617409109035,467,0.004510583676725521,-0.003262975425716297,0.011156546844290911,0.2166,-0.04367790992109144,-0.05859171111200561,-0.02850736496095146,0.0001,0.14175482060438682,-0.27160523087516414,0.6391185572981785,0.5612,0.9384742837927114,0.5064463475798061,1.4543761470850454,0.0001,1401,467.0,-0.02816115739657743,-0.03725630152132231,-0.019891554052027652,0.0001,0.10569306549381824,0.08283758109771229,0.12975631115841255,0.0001,1.2290488086327134,0.7966402146522833,1.734623888089577,0.0001,1.0158350188939238,0.5470845631320098,1.539002978635493,0.0001,0.4332,0.0016,1.0,0.0016,0.0015,0.0015,0.0015,0.0015
"forced=('y@t', 'cores_3@t+h', 'data_quality_3@t+h'),max_parents=5",0.8814872130151132,0.43711495391726823,6.333242693863429,0.1886491328067747,0.18986438258386867,0.8750872226120998,0.8772285502352262,5.925874108819346,4.652649068192588,5.0,0.39406738368343597,"[""y@t"", ""cores_3@t+h"", ""data_quality_3@t+h"", ""throughput_2@t"", ""avg_p_latency_3@t""]; [""y@t"", ""cores_3@t+h"", ""data_quality_3@t+h"", ""throughput_2@t"", ""data_quality_2@t+h""]",0.8938406751398797,0.4157407684349591,0.8782093207907735,0.4315763313275299,0.8724825002066716,0.46352292372641735,467,0.0063999904030134225,-0.0005479279506235501,0.012204267859892055,0.0698,-0.04980549684740421,-0.06272467641772486,-0.036442875915409116,0.0001,-0.20059814443003354,-0.4067275634803159,0.017934750354546815,0.0708,0.40736858504408335,0.19542535330304198,0.6300655539497827,0.0002,1401,467.0,-0.02627175067028953,-0.03465316890496385,-0.018530081554391932,0.0001,0.09956547856750547,0.07750504920878125,0.12248895623077617,0.0001,0.886695843598293,0.6241031543260926,1.1625242331408414,0.0001,0.4847293201452958,0.2010765247385325,0.7716382877866756,0.0002,0.2094,0.0016,0.2832,0.003,0.0015,0.0015,0.0015,0.0028
exog=none,0.9096503697838879,0.33566171562236913,5.764110229962392,0.39053822978584807,0.1948608137044968,0.8750872226120998,0.8772285502352262,5.925874108819346,4.652649068192588,3.466666666666667,0.1304245514266104,"[""y@t"", ""throughput_2@t"", ""buffer_size_3@t"", ""buffer_size_2@t""]; [""y@t"", ""throughput_2@t"", ""buffer_size_3@t"", ""data_quality_2@t""]; [""y@t"", ""throughput_2@t"", ""buffer_size_3@t""]",0.9150551732932936,0.32711513265343833,0.9147134763308206,0.3070804250926655,0.8991824137570836,0.3726039016440513,467,0.0345631471717881,0.02840663031808012,0.04108319987523914,0.0001,-0.15125873514230326,-0.1696084793731888,-0.1333316979748427,0.0001,-1.17386085084134,-1.3816658745367,-0.9735334182176906,0.0001,-0.16176387885695398,-0.4060625767610825,0.08369375896512726,0.1954,1401,467.0,0.0018914060984851488,0.0006817359349163721,0.0036328592821853745,0.0001,-0.0018877597273935787,-0.006164358195432917,0.002274373961698214,0.3698,-0.0865668628130134,-0.18590098619628037,-0.0063429054162665675,0.033,-0.08440314375574154,-0.18492966556050264,-0.0033346786084426363,0.0394,0.0016,0.0016,0.0016,1.0,0.0015,0.7396,0.192,0.3152
"exog=none,pool=local",0.9147147795592184,0.32352447705741144,5.626681493717416,0.4403224493119453,0.19557458957887222,0.8750872226120998,0.8772285502352262,5.925874108819346,4.652649068192588,3.0,0.07778653595198468,"[""y@t"", ""throughput_2@t"", ""buffer_size_3@t""]",0.9214821137789364,0.31171246786951234,0.9179061512502507,0.30021931214922387,0.9048087503132116,0.358335248382889,467,0.039627556947118614,0.03339731324364154,0.04623558202724345,0.0001,-0.16339597370726094,-0.1818723657115328,-0.14528442916762038,0.0001,-1.3994161218822523,-1.6187850191423285,-1.1954942136587492,0.0001,-0.29919261510192996,-0.5522592471247028,-0.0415621324864131,0.0232,1401,467.0,0.006955815873815663,0.003992746277668877,0.01082680038467924,0.0001,-0.014024998292351265,-0.024393092957776318,-0.004361511932946421,0.005,-0.31212213385392573,-0.4662460830130067,-0.1760590725022278,0.0001,-0.22183188000071752,-0.3736413374655691,-0.08679257698021522,0.0006,0.0016,0.0016,0.0016,0.2784,0.0015,0.03,0.0015,0.0078
"engine=hc-bic,pool=local",0.8750872226120998,0.4869204507646724,5.925874108819346,0.013256249491083788,0.18986438258386867,0.8750872226120998,0.8772285502352262,5.925874108819346,4.652649068192588,1.0,0.0001692036533976,"[""y@t""]",0.8873020999751994,0.4782792100957991,0.8723322868383226,0.4658780824791231,0.8656745791430277,0.5162374213625796,467,0.0,0.0,0.0,2.0,0.0,0.0,0.0,2.0,0.0,0.0,0.0,2.0,0.0,0.0,0.0,2.0,1401,467.0,-0.03267174107330295,-0.039427819664625316,-0.026061766605285912,0.0001,0.14937097541490968,0.13124885906498032,0.16790695301725916,0.0001,1.0872939880283266,0.8629327303203158,1.3077359929029733,0.0001,0.07736073510121244,-0.18348603469972807,0.3321563816961357,0.5732,1.0,1.0,1.0,1.0,0.0015,0.0015,0.0015,1.0
"engine=hc-aic,pool=local",0.9015029280805827,0.3994717563456816,6.015455959690146,0.38754173112938683,0.19700214132762311,0.8750872226120998,0.8772285502352262,5.925874108819346,4.652649068192588,1.9333333333333333,0.021027244116589617,"[""y@t"", ""throughput_2@t""]",0.9126942472253143,0.388335173312906,0.9005000490244143,0.3649278113065527,0.8914111789762804,0.4440659120667544,467,0.02641570546848293,0.017340155191269885,0.03470110385339009,0.0001,-0.08744869441899078,-0.11022550868454785,-0.06343851620576701,0.0001,-0.588746796181475,-0.8773077480176987,-0.2839317566089187,0.0001,0.0895818508707995,-0.2085069240869139,0.40588952831479624,0.5544,1401,467.0,-0.0062560356048200205,-0.012796231983157214,-0.0008335882532884664,0.0206,0.0619222809959189,0.0422170749769022,0.0838020678718072,0.0001,0.4985471918468516,0.26475963882050935,0.7499987272383325,0.0001,0.16694258597201195,-0.06622316679092699,0.42066598720758497,0.1708,0.0016,0.0016,0.0016,1.0,0.0618,0.0015,0.0015,1.0
"engine=hc-bdeu,pool=local",0.910282171398181,0.34846012047618385,5.762808137106337,0.4267730640827294,0.1948608137044968,0.8750872226120998,0.8772285502352262,5.925874108819346,4.652649068192588,2.8666666666666667,0.08766248816311391,"[""y@t"", ""throughput_2@t"", ""buffer_size_3@t""]; [""y@t"", ""throughput_2@t"", ""data_quality_3@t+h""]",0.9168275500545677,0.3389570132064678,0.9108497116531351,0.3327895005354907,0.9032698322980529,0.3730693684072125,467,0.035194948786081204,0.028670947322540708,0.04189294561507686,0.0001,-0.13846033028848853,-0.15746451795949712,-0.1194173010162667,0.0001,-1.1372090576450926,-1.3674546893895874,-0.9084997737035394,0.0001,-0.16306597171300918,-0.42718046652225355,0.10024989748965095,0.2282,1401,467.0,0.0025232077127782526,-0.00025197088114337903,0.005198517665453015,0.0716,0.010910645126421148,-0.001692021753985849,0.024383240021106888,0.0926,-0.04991506961676606,-0.20769733617982636,0.09449574730773602,0.5186,-0.08570523661179674,-0.24319841628622174,0.061007671743208175,0.2638,0.0016,0.0016,0.0016,1.0,0.1432,0.2778,1.0,1.0
"engine=dynotears,pool=local",0.891304130503022,0.4159490788373193,5.757268874072707,0.224167413077111,0.19271948608137046,0.8750872226120998,0.8772285502352262,5.925874108819346,4.652649068192588,1.8666666666666667,0.020866884083000966,"[""y@t"", ""throughput_2@t"", ""avg_p_latency_3@t""]; [""y@t"", ""throughput_2@t""]; [""y@t""]",0.9151903268742867,0.33994377570852763,0.8930901209717472,0.391332977320414,0.8656745791430277,0.5162374213625796,467,0.016216907890922228,0.012164030494424685,0.020211703525093064,0.0001,-0.07097137192735309,-0.0812301419039689,-0.06075655706385268,0.0001,-0.552245611779588,-0.7009620055705741,-0.40596974370702726,0.0001,-0.16860523474663847,-0.3414937385232167,-0.0028909612550843716,0.0468,1401,467.0,-0.016454833182380724,-0.020943573717852635,-0.01213199055496579,0.0001,0.07839960348755659,0.06495921510933847,0.09229177445247841,0.0001,0.5350483762487386,0.36206870701243365,0.7007069024304521,0.0001,-0.09124449964542602,-0.2718790940582084,0.08206676206919593,0.3062,0.0016,0.0016,0.0016,0.468,0.0015,0.0015,0.0015,1.0
