config,acc,logloss,maeh,acc_change,acc_xrun,acc_ar,acc_persistence,maeh_ar,mae_persistence_continuous,n_parents,unseen_cfg_frac,parents_last_fold,acc[20260313],logloss[20260313],acc[20260316],logloss[20260316],acc[20260319],logloss[20260319],d_acc_vs_ar,d_acc_lo_vs_ar,d_acc_hi_vs_ar,p_acc_vs_ar,d_logloss_vs_ar,d_logloss_lo_vs_ar,d_logloss_hi_vs_ar,p_logloss_vs_ar,d_mae_vs_ar,d_mae_lo_vs_ar,d_mae_hi_vs_ar,p_mae_vs_ar,d_maeh_vs_ar,d_maeh_lo_vs_ar,d_maeh_hi_vs_ar,p_maeh_vs_ar,n_runs,p_holm_acc_vs_ar,p_holm_logloss_vs_ar,p_holm_mae_vs_ar,p_holm_maeh_vs_ar
n_bins=10,0.9349104381224296,0.2471046088513381,6.509809876592352,0.3312229081833705,0.22341184867951464,0.9238339161503288,0.9238938973162427,6.022321637556499,4.652649068192588,3.933333333333333,0.08595639582760575,"[""y@t"", ""data_quality_2@t"", ""throughput_2@t"", ""buffer_size_2@t""]; [""y@t"", ""data_quality_2@t+h"", ""throughput_2@t"", ""buffer_size_2@t""]; [""y@t"", ""throughput_2@t"", ""data_quality_2@t+h"", ""data_quality_2@t""]",0.9433584094813858,0.23558587824737182,0.9333247460503303,0.22984856232598494,0.9281183532667242,0.27551520288437326,0.011076521972100739,0.005793680784233705,0.01610899177658221,0.0004,-0.09782244747765859,-0.11134289642308358,-0.08403422017329701,0.0001,-0.604732562612277,-0.838617817973931,-0.3589580527722586,0.0001,0.48748823903585325,0.2313010712132104,0.7554644342160496,0.0002,1401,0.0021000000000000003,0.0021000000000000003,0.0021000000000000003,0.0021000000000000003
"ar_order=2,n_bins=10,on_change=chain,other_lags=2",0.9395089941758288,0.21866004145575582,6.349892366578979,0.39461447523972154,0.5417558886509636,0.9238339161503288,0.9238938973162427,6.022321637556499,4.652649068192588,3.933333333333333,0.04584120233924419,"[""y@t"", ""data_quality_2@t"", ""throughput_2@t"", ""throughput_2@t-1""]; [""y@t"", ""throughput_2@t"", ""throughput_2@t-1"", ""y@t-1""]; [""y@t"", ""y@t-1"", ""data_quality_2@t+h"", ""throughput_2@t""]",0.9452227470718327,0.20485317738483805,0.9380901754433184,0.21502353376234118,0.9352199722259069,0.235813067591993,0.015675078025499944,0.010734579342086539,0.020419638233594616,0.0001,-0.12626701487324085,-0.1400693284041364,-0.11277998095514433,0.0001,-0.8024788087694219,-1.0310264796790778,-0.5616901025200165,0.0001,0.3275707290224803,0.05624710659426802,0.610380499084381,0.016,1401,0.0021000000000000003,0.0021000000000000003,0.0021000000000000003,0.08
"ar_order=3,max_parents=6,n_bins=10,on_change=chain,other_lags=3,velocity=binned",0.9425000549827354,0.20138188630260057,5.861013513229096,0.39172468146591355,0.5417558886509636,0.9238339161503288,0.9238938973162427,6.022321637556499,4.652649068192588,5.333333333333333,0.07357927995418402,"[""y@t"", ""data_quality_2@t"", ""y@t-2"", ""throughput_2@t"", ""throughput_2@t-1"", ""data_quality_2@t+h""]; [""y@t"", ""throughput_2@t"", ""throughput_2@t-1"", ""y@t-2""]; [""y@t"", ""y@t-1"", ""data_quality_2@t+h"", ""throughput_2@t"", ""throughput_2@t-1"", ""data_quality_2@t""]",0.9475916195807997,0.18722464455950583,0.9414128131234192,0.19427041659569508,0.9385365859910655,0.2222924602897129,0.01866613883240653,0.014635404482992387,0.022628944511423506,0.0001,-0.1435451700263961,-0.15681472455366244,-0.13063854195974953,0.0001,-1.1426779519224297,-1.3278166768878252,-0.9529670295076887,0.0001,-0.1613081243274026,-0.37628348719937244,0.057094363553179026,0.1548,1401,0.0021000000000000003,0.0021000000000000003,0.0021000000000000003,0.4644
ref,0.9077589636854028,0.3375494753497627,5.848513373718133,0.38332383356404204,0.1948608137044968,0.8750872226120998,0.8772285502352262,5.925874108819346,4.652649068192588,3.6,0.12466731220818987,"[""y@t"", ""throughput_2@t"", ""buffer_size_3@t"", ""data_quality_2@t+h""]; [""y@t"", ""throughput_2@t"", ""buffer_size_3@t""]; [""y@t"", ""throughput_2@t"", ""data_quality_2@t+h"", ""buffer_size_2@t""]",0.9154424982072445,0.3241661072661956,0.9086172744091916,0.31724169328424706,0.899188437672026,0.37109472025375906,0.03267174107330295,0.028025000149952968,0.037302287081856234,0.0001,-0.14937097541490968,-0.16205679761423608,-0.13683478145145184,0.0001,-1.0872939880283283,-1.2429885737776825,-0.9272109949924536,0.0001,-0.07736073510121244,-0.25649785766831423,0.10598118949124853,0.391,1401,0.0021000000000000003,0.0021000000000000003,0.0021000000000000003,0.782
"ar_order=2,on_change=chain,other_lags=2",0.9188914680790232,0.2771038738185326,5.752935467267153,0.5156257633743181,0.42469664525339046,0.8750872226120998,0.8772285502352262,5.925874108819346,4.652649068192588,3.8,0.08003305035886081,"[""y@t"", ""throughput_2@t"", ""throughput_2@t-1"", ""buffer_size_3@t""]",0.9231532375018183,0.2655992142715256,0.9209796295548648,0.25266937601124667,0.9125408937310912,0.3126970607799323,0.04380424546692341,0.03802391049210548,0.04959047858972288,0.0001,-0.2098165769461398,-0.22454846047519572,-0.19470887903171943,0.0001,-1.1546090204379578,-1.3212400659332764,-0.9852315470353434,0.0001,-0.17293864155219296,-0.37456611916792004,0.03033127478396197,0.096,1401,0.0021000000000000003,0.0021000000000000003,0.0021000000000000003,0.384
"ar_order=3,max_parents=6,on_change=chain,other_lags=3,velocity=binned",0.9182996539086726,0.2744224096965935,5.586990332998123,0.4720951062617051,0.42469664525339046,0.8750872226120998,0.8772285502352262,5.925874108819346,4.652649068192588,4.866666666666666,0.10097395169461056,"[""y@t"", ""throughput_2@t"", ""throughput_2@t-1"", ""buffer_size_3@t"", ""y@t-2""]; [""y@t"", ""throughput_2@t"", ""throughput_2@t-1"", ""buffer_size_3@t""]; [""y@t"", ""throughput_2@t"", ""throughput_2@t-1"", ""d.buffer_size_2@t"", ""buffer_size_3@t""]",0.9252249515683648,0.2578760386437534,0.9156008502691856,0.2626192232770071,0.9140521914553972,0.3025516805170708,0.04321243129657282,0.03771610714235728,0.04868886169742706,0.0001,-0.2124980410680789,-0.22686597888242208,-0.1981397435326369,0.0001,-1.2236999732424234,-1.3670071724913209,-1.0800371316607744,0.0001,-0.3388837758212224,-0.5214355662684667,-0.15983681280383377,0.0001,1401,0.0021000000000000003,0.0021000000000000003,0.0021000000000000003,0.0021000000000000003
n_bins=30,0.8859458130147134,0.4046217093803428,5.318389778017862,0.3961755992458928,0.15631691648822268,0.8467381242289921,0.8515266206411187,5.303623623258878,4.652649068192588,3.2,0.11868146328156823,"[""y@t"", ""throughput_2@t"", ""buffer_size_3@t""]",0.8993532622383202,0.38742122189596073,0.8834077030491905,0.37512155980413253,0.8751362269913685,0.45095211265688107,0.03920768878572134,0.03467501204621757,0.04385447969337624,0.0001,-0.1552147011251116,-0.16619557177438612,-0.1443759255979241,0.0001,-0.8928343959062568,-0.9914277626722028,-0.7918876031431943,0.0001,0.014766154758984129,-0.08993429397723837,0.12832966377216884,0.8026,1401,0.0021000000000000003,0.0021000000000000003,0.0021000000000000003,0.8026
"ar_order=2,n_bins=30,on_change=chain,other_lags=2",0.8964325201886607,0.33510008872443825,5.111396743659396,0.4930514408833827,0.3554603854389722,0.8467381242289921,0.8515266206411187,5.303623623258878,4.652649068192588,3.6666666666666665,0.09107140453985295,"[""y@t"", ""throughput_2@t"", ""throughput_2@t-1"", ""buffer_size_3@t""]",0.908915009609426,0.31946853029885885,0.8903166208144204,0.3204934591888893,0.8901469258488113,0.36488539917521123,0.049694395959668625,0.044222114256123546,0.055288689351543636,0.0001,-0.22473632178101616,-0.23777702426813363,-0.21229243171392767,0.0001,-1.048877748311278,-1.133087833790238,-0.9627343712813559,0.0001,-0.19222687959948193,-0.29182613335832225,-0.08998649515904902,0.0004,1401,0.0021000000000000003,0.0021000000000000003,0.0021000000000000003,0.0024000000000000002
"ar_order=3,max_parents=6,n_bins=30,on_change=chain,other_lags=3,velocity=binned",0.8978400782154403,0.3310905560562072,5.087283616628743,0.49414220307029355,0.3554603854389722,0.8467381242289921,0.8515266206411187,5.303623623258878,4.652649068192588,4.333333333333333,0.0906329404330938,"[""y@t"", ""throughput_2@t"", ""throughput_2@t-1"", ""buffer_size_3@t"", ""d.buffer_size_2@t""]; [""y@t"", ""throughput_2@t"", ""throughput_2@t-1"", ""buffer_size_3@t""]",0.9111497538846243,0.3143134170688583,0.8917360858779568,0.3155206611522473,0.8907172752422863,0.3630171042581773,0.051101953986448234,0.045961568067626746,0.0565283001137642,0.0001,-0.22874585444924722,-0.24170422583068626,-0.21622858035867498,0.0001,-1.0630609003235563,-1.1418104952058,-0.9855794335351673,0.0001,-0.2163400066301353,-0.3095550162198535,-0.12169994423757999,0.0001,1401,0.0021000000000000003,0.0021000000000000003,0.0021000000000000003,0.0021000000000000003
n_bins=50,0.8622552518509188,0.5072448031231434,4.987956827332016,0.425480871753316,0.1256245538900785,0.8060489006451974,0.812482880375562,5.4725190911416,4.652649068192588,3.2,0.14491313493291766,"[""y@t"", ""throughput_2@t"", ""buffer_size_3@t""]",0.8746350885355287,0.4774620445205121,0.8760059777743173,0.4202669367934878,0.8361825810168497,0.6236012860586653,0.05620635120572137,0.05084598436091058,0.0618626251357073,0.0001,-0.17396429813609404,-0.18510680937582438,-0.16312936424389277,0.0001,-0.8282785304191878,-0.9040139583527035,-0.7553233887871108,0.0001,-0.48456226380958434,-0.5610879656551331,-0.4090931384992884,0.0001,1401,0.0021000000000000003,0.0021000000000000003,0.0021000000000000003,0.0021000000000000003
"ar_order=2,n_bins=50,on_change=chain,other_lags=2",0.8761628848541558,0.4208455606627392,4.844734187437675,0.5340661918369087,0.30692362598144185,0.8060489006451974,0.812482880375562,5.4725190911416,4.652649068192588,3.4,0.0972395730197821,"[""y@t"", ""throughput_2@t"", ""throughput_2@t-1"", ""buffer_size_3@t""]",0.8920181204488202,0.3753444171388316,0.882263095125948,0.3676093184974543,0.8542835482397031,0.5191411058525933,0.07011398420895842,0.06390773297184678,0.07666002875097223,0.0001,-0.2603635405964982,-0.273980078636683,-0.2471242095688289,0.0001,-0.9353989115967778,-1.0166691427499133,-0.8553186842781891,0.0001,-0.6277849037039251,-0.7117247341289525,-0.5411996153659733,0.0001,1401,0.0021000000000000003,0.0021000000000000003,0.0021000000000000003,0.0021000000000000003
"ar_order=3,max_parents=6,n_bins=50,on_change=chain,other_lags=3,velocity=binned",0.8752791623430243,0.4232125258494666,4.892573378259799,0.5189896362007933,0.30692362598144185,0.8060489006451974,0.812482880375562,5.4725190911416,4.652649068192588,3.8666666666666667,0.10171952865642554,"[""y@t"", ""throughput_2@t"", ""throughput_2@t-1"", ""buffer_size_3@t""]; [""y@t"", ""throughput_2@t"", ""throughput_2@t-1"", ""d.buffer_size_2@t""]",0.8915954210556334,0.3751368276087132,0.8801503671704325,0.3737799077173786,0.85417082412924,0.5203229833399508,0.06923026169782687,0.0629641292634113,0.07580849613221446,0.0001,-0.2579965754097708,-0.2714241983935069,-0.245099347726451,0.0001,-0.8747736510442392,-0.9463657433499367,-0.8031305878873704,0.0001,-0.5799457128818011,-0.6563138897049576,-0.502239477818962,0.0001,1401,0.0021000000000000003,0.0021000000000000003,0.0021000000000000003,0.0021000000000000003
"granularity=30,n_bins=4",0.9211991434689507,0.2649405504090573,19.52598362616279,0.028495102404274265,0.46395431834404,0.9201284796573875,0.9198429693076374,25.320873740190926,17.58389245776826,3.7333333333333334,0.045273392816289136,"[""y@t"", ""data_quality_1@t+h"", ""avg_p_latency_1@t""]; [""y@t"", ""data_quality_1@t+h"", ""rps@t+h"", ""avg_p_latency_1@t""]",0.9201212537176848,0.276898524178384,0.9331548844657973,0.20460734391588836,0.9102791123312743,0.31336809129922016,0.0010706638115631772,-7.137758743758216e-05,0.001998572448251301,0.0752,-0.07179584196842048,-0.0789900986582404,-0.06437112514257987,0.0001,-3.193850398490504,-3.6788024920604045,-2.714180967495769,0.0001,-5.794890114028135,-6.234503584650146,-5.349637406740207,0.0001,1401,0.0752,0.0021000000000000003,0.0021000000000000003,0.0021000000000000003
"ar_order=2,granularity=30,n_bins=4,on_change=chain,other_lags=2",0.9492505353319057,0.19447389421768327,17.543376385801288,0.46215494211932323,0.7444682369735903,0.9201284796573875,0.9198429693076374,25.320873740190926,17.58389245776826,3.8666666666666667,0.0480019827651948,"[""y@t"", ""data_quality_1@t+h"", ""avg_p_latency_1@t-1"", ""y@t-1""]; [""y@t"", ""data_quality_1@t+h"", ""rps@t+h"", ""avg_p_latency_1@t-1""]",0.9488560970029744,0.20495895328643393,0.9612377030427821,0.13852562641442973,0.9377099061999543,0.23983689846704698,0.0291220556745182,0.02598144182726625,0.03226266952177015,0.0001,-0.1422624981597945,-0.1530216411286402,-0.13140222014039196,0.0001,-5.509513652041704,-6.2421754811022065,-4.769582972401092,0.0001,-7.777497354389638,-8.480554198590582,-7.077790788488004,0.0001,1401,0.0021000000000000003,0.0021000000000000003,0.0021000000000000003,0.0021000000000000003
"ar_order=3,granularity=30,max_parents=6,n_bins=4,on_change=chain,other_lags=3,velocity=binned",0.9492505353319057,0.19388006348918874,17.554008364285753,0.46215494211932323,0.7444682369735903,0.9201284796573875,0.9198429693076374,25.320873740190926,17.58389245776826,4.466666666666667,0.06003431708991073,"[""y@t"", ""data_quality_1@t+h"", ""avg_p_latency_1@t-1"", ""y@t-1""]; [""y@t"", ""data_quality_1@t+h"", ""rps@t+h"", ""avg_p_latency_1@t-1""]; [""y@t"", ""data_quality_1@t+h"", ""rps@t+h"", ""avg_p_latency_1@t-2"", ""y@t-1"", ""rps@t-1""]",0.9488560970029744,0.20178138928808442,0.9612377030427821,0.14081955787803854,0.9377099061999543,0.23892309607396117,0.0291220556745182,0.02598144182726625,0.03226266952177015,0.0001,-0.14285632888828903,-0.15382102400824813,-0.13187188102115985,0.0001,-5.55883365549289,-6.288930414919651,-4.824576159696098,0.0001,-7.766865375905173,-8.469634287489004,-7.069119103968218,0.0001,1401,0.0021000000000000003,0.0021000000000000003,0.0021000000000000003,0.0021000000000000003
"granularity=30,n_bins=10",0.8805852962169879,0.5097228246744255,20.283810057124892,0.012605042016806723,0.27337615988579583,0.8798715203426124,0.8810849393290506,25.1543857315646,17.58389245776826,3.3333333333333335,0.13564554259132156,"[""y@t"", ""data_quality_1@t+h"", ""avg_p_latency_1@t"", ""throughput_2@t""]; [""y@t"", ""data_quality_1@t+h"", ""avg_p_latency_1@t""]; [""y@t"", ""data_quality_1@t+h"", ""rps@t+h""]",0.8648798901853123,0.5654581699728523,0.9050995195607412,0.36712717772481396,0.871725005719515,0.5964267069847713,0.0007137758743754885,0.0002855103497502176,0.0012134189864382305,0.0001,-0.06905052178126647,-0.07703184839178732,-0.06096000083832054,0.0001,-2.4125563596430304,-2.8341567980028777,-1.985961340786068,0.0001,-4.870575674439706,-5.273439510238731,-4.448503806852007,0.0001,1401,0.0021000000000000003,0.0021000000000000003,0.0021000000000000003,0.0021000000000000003
"ar_order=2,granularity=30,n_bins=10,on_change=chain,other_lags=2",0.9135617416131335,0.37713885751652626,18.67357197464081,0.3559423769507803,0.6031406138472519,0.8798715203426124,0.8810849393290506,25.1543857315646,17.58389245776826,3.6666666666666665,0.1512811713566689,"[""y@t"", ""data_quality_1@t+h"", ""avg_p_latency_1@t"", ""y@t-1""]; [""y@t"", ""data_quality_1@t+h"", ""avg_p_latency_1@t-1"", ""y@t-1""]; [""y@t"", ""data_quality_1@t+h"", ""rps@t+h""]",0.9013200640585678,0.42945690453008645,0.9393983070235643,0.2566197549618887,0.9000388927018989,0.4451244123009686,0.033690221270521126,0.030478229835831594,0.036902212705210546,0.0001,-0.20163448893916575,-0.21484895446377814,-0.18846044640913565,0.0001,-4.242315646759284,-4.981249298066357,-3.499057861411695,0.0001,-6.480813756923787,-7.200316438293344,-5.7580931463165435,0.0001,1401,0.0021000000000000003,0.0021000000000000003,0.0021000000000000003,0.0021000000000000003
"ar_order=3,granularity=30,max_parents=6,n_bins=10,on_change=chain,other_lags=3,velocity=binned",0.9135617416131335,0.37788453148680656,18.698900808324336,0.3559423769507803,0.6031406138472519,0.8798715203426124,0.8810849393290506,25.1543857315646,17.58389245776826,3.8666666666666667,0.15555174254556542,"[""y@t"", ""data_quality_1@t+h"", ""avg_p_latency_1@t"", ""y@t-1""]; [""y@t"", ""data_quality_1@t+h"", ""avg_p_latency_1@t-1"", ""y@t-2""]; [""y@t"", ""data_quality_1@t+h"", ""rps@t+h""]",0.9013200640585678,0.4315512977144113,0.9393983070235643,0.2567600057579085,0.9000388927018989,0.4451306353370372,0.033690221270521126,0.030478229835831594,0.036902212705210546,0.0001,-0.20088881496888544,-0.21397826019583738,-0.18775414577490224,0.0001,-4.219413076370049,-4.954633330972689,-3.4701071125056306,0.0001,-6.455484923240263,-7.176572515898094,-5.725709616793331,0.0001,1401,0.0021000000000000003,0.0021000000000000003,0.0021000000000000003,0.0021000000000000003
granularity=30,0.8386152748037117,0.7900954091639654,20.249469558886233,0.017186793306196293,0.1841541755888651,0.8367594575303354,0.8421841541755889,25.34650831003145,17.58389245776826,3.066666666666667,0.14153893083199875,"[""y@t"", ""data_quality_1@t+h"", ""cores_1@t+h"", ""throughput_1@t""]; [""y@t"", ""data_quality_1@t+h"", ""cores_1@t+h""]; [""y@t"", ""rps@t+h"", ""data_quality_1@t+h""]",0.8151956074124914,0.8606333163180027,0.8731777625257378,0.5783302902763309,0.8274490963166323,0.9309050991630166,0.001855817273376248,0.0006423982869379063,0.0035688793718772205,0.0002,-0.07427061253919354,-0.08249373831585388,-0.0660078664264905,0.0001,-3.6643557711755115,-4.01108018118117,-3.306371610032074,0.0001,-5.097038751145217,-5.428338082722123,-4.757045703423176,0.0001,1401,0.0021000000000000003,0.0021000000000000003,0.0021000000000000003,0.0021000000000000003
"ar_order=2,granularity=30,on_change=chain,other_lags=2",0.864739471805853,0.6104435953970995,20.144765934603505,0.23609226594301222,0.44682369735902927,0.8367594575303354,0.8421841541755889,25.34650831003145,17.58389245776826,3.533333333333333,0.15488141538930827,"[""y@t"", ""data_quality_1@t+h"", ""cores_1@t+h"", ""throughput_1@t-1""]; [""y@t"", ""data_quality_1@t+h"", ""throughput_2@t-1"", ""data_quality_1@t""]; [""y@t"", ""rps@t+h"", ""data_quality_1@t+h""]",0.8432807137954702,0.6593392420534353,0.902125371768474,0.4357002230599565,0.8488835506749028,0.7361269077195616,0.02798001427551755,0.0244825124910778,0.0314793004996431,0.0001,-0.25392242630605943,-0.27010700875433175,-0.23735858169310217,0.0001,-3.81754494978167,-4.504648450896334,-3.134730997321948,0.0001,-5.201742375427944,-5.861444187603009,-4.536676958383336,0.0001,1401,0.0021000000000000003,0.0021000000000000003,0.0021000000000000003,0.0021000000000000003
"ar_order=3,granularity=30,max_parents=6,on_change=chain,other_lags=3,velocity=binned",0.8648108493932906,0.6100905147479697,20.025065639690308,0.2365445499773858,0.44682369735902927,0.8367594575303354,0.8421841541755889,25.34650831003145,17.58389245776826,3.8,0.14842522687409435,"[""y@t"", ""data_quality_1@t+h"", ""cores_1@t+h"", ""throughput_1@t-1"", ""y@t-1""]; [""y@t"", ""data_quality_1@t+h"", ""throughput_2@t-1"", ""data_quality_1@t"", ""throughput_2@t""]; [""y@t"", ""rps@t+h"", ""data_quality_1@t+h""]",0.8437108213223519,0.6583777211297404,0.902125371768474,0.43518260026439404,0.848668496911462,0.7365403459889899,0.028051391862955133,0.024625267665952855,0.03155067808708068,0.0001,-0.2542755069551892,-0.2702951492744378,-0.2378435229962779,0.0001,-3.9106458882737627,-4.59036137828565,-3.2255112377699158,0.0001,-5.321442670341142,-5.9724340691406335,-4.661049980914347,0.0001,1401,0.0021000000000000003,0.0021000000000000003,0.0021000000000000003,0.0021000000000000003
