regime_kind,fold,regime,parents,n_train
bottleneck,1,ALL,"[""y@t"", ""throughput_2@t"", ""throughput_2@t-1""]",33200
bottleneck,1,none,"[""y@t"", ""throughput_2@t"", ""cores_1@t"", ""throughput_2@t-1""]",7140
bottleneck,1,s1,"[""y@t"", ""throughput_2@t"", ""throughput_2@t-1"", ""buffer_size_3@t""]",23561
bottleneck,1,s23,"[""y@t"", ""data_quality_3@t+h"", ""buffer_size_3@t"", ""avg_p_latency_3@t""]",2499
bottleneck,2,ALL,"[""y@t"", ""throughput_2@t"", ""throughput_2@t-1""]",66758
bottleneck,2,none,"[""y@t"", ""y@t-1"", ""avg_p_latency_2@t-1"", ""avg_p_latency_3@t""]",16065
bottleneck,2,s1,"[""y@t"", ""throughput_2@t"", ""throughput_2@t-1"", ""buffer_size_3@t""]",44624
bottleneck,2,s23,"[""y@t"", ""avg_p_latency_2@t-1"", ""data_quality_2@t+h"", ""y@t-1""]",6069
bottleneck,3,ALL,"[""y@t"", ""data_quality_1@t+h"", ""throughput_2@t"", ""throughput_2@t-1""]",99959
bottleneck,3,none,"[""y@t"", ""throughput_2@t"", ""avg_p_latency_2@t"", ""throughput_2@t-1""]",24276
bottleneck,3,s1,"[""y@t"", ""throughput_2@t"", ""throughput_2@t-1"", ""buffer_size_3@t""]",67829
bottleneck,3,s23,"[""y@t"", ""data_quality_2@t+h"", ""y@t-1"", ""avg_p_latency_1@t-1""]",7854
bottleneck,4,ALL,"[""y@t"", ""throughput_2@t"", ""throughput_2@t-1""]",133160
bottleneck,4,none,"[""y@t"", ""buffer_size_2@t"", ""rps@t-1"", ""buffer_size_2@t-1""]",30702
bottleneck,4,s1,"[""y@t"", ""throughput_2@t"", ""throughput_2@t-1""]",89963
bottleneck,4,s23,"[""y@t"", ""throughput_2@t"", ""throughput_2@t-1"", ""cores_2@t+h""]",12495
bottleneck,5,ALL,"[""y@t"", ""throughput_2@t"", ""throughput_2@t-1"", ""buffer_size_3@t""]",166718
bottleneck,5,none,"[""y@t"", ""throughput_2@t"", ""throughput_2@t-1""]",40698
bottleneck,5,s1,"[""y@t"", ""throughput_2@t"", ""throughput_2@t-1"", ""buffer_size_3@t""]",111026
bottleneck,5,s23,"[""y@t"", ""throughput_2@t"", ""buffer_size_3@t"", ""throughput_2@t-1""]",14994
