granularity,fold,detector,n_changes,n_ordinary,auc,caught_at_1pct_false_alarms,realised_false_alarms
30,1,dbn,94,846,0.8772571802223228,0.5957446808510638,0.0070921985815602835
30,1,ar,94,846,0.8772571802223228,0.5957446808510638,0.0070921985815602835
30,2,dbn,93,837,0.8873986716511864,0.14893617021276595,0.0070921985815602835
30,2,ar,93,837,0.8873986716511864,0.14893617021276595,0.0070921985815602835
30,3,dbn,93,837,0.9091352886011227,0.0851063829787234,0.016548463356973995
30,3,ar,93,837,0.9091352886011227,0.0851063829787234,0.016548463356973995
30,4,dbn,94,846,0.8662290629244002,0.1702127659574468,0.0070921985815602835
30,4,ar,94,846,0.8662290629244002,0.1702127659574468,0.0070921985815602835
30,5,dbn,93,837,0.8509076193779628,0.0425531914893617,0.004728132387706856
30,5,ar,93,837,0.8509076193779628,0.0425531914893617,0.004728132387706856
