granularity,fold,detector,n_changes,n_ordinary,auc,caught_at_1pct_false_alarms
1,1,dbn,94,33464,0.8783775578455858,0.7446808510638298
1,1,ar,94,33464,0.8828577614050793,0.6702127659574468
1,2,dbn,93,33108,0.8726476464772832,0.7741935483870968
1,2,ar,93,33108,0.8755146077808567,0.6881720430107527
1,3,dbn,93,33108,0.8952223482353615,0.8172043010752689
1,3,ar,93,33108,0.890795811946825,0.7526881720430108
1,4,dbn,94,33464,0.8702648384291027,0.7553191489361702
1,4,ar,94,33464,0.855235190817951,0.6702127659574468
1,5,dbn,93,33108,0.8701213753359809,0.7634408602150538
1,5,ar,93,33108,0.8726817479711235,0.6236559139784946
