regime_kind,fold,unseen_regime,n_runs_novel,n_runs_known,auc_dbn_surprise,auc_ar_surprise,surprise_known,surprise_novel
bottleneck,1,none,25,69,0.673623188405797,0.6498550724637682,0.43979062732458085,1.1953042136777292
bottleneck,1,s1,54,40,0.6907407407407408,0.6708333333333334,0.9303616667682792,1.532999174835962
bottleneck,1,s23,15,79,0.8118143459915612,0.7932489451476793,0.31849044485964495,1.062231276825068
bottleneck,2,none,22,71,0.4782330345710627,0.5339308578745199,0.3920000497375755,0.34439152470121837
bottleneck,2,s1,57,36,0.7673001949317739,0.6712962962962963,0.34765936320150775,0.7698449408187958
bottleneck,2,s23,14,79,0.7540687160940326,0.726491862567812,0.30879693396872054,0.6463540931820856
bottleneck,3,none,27,66,0.4657687991021324,0.5420875420875421,0.26500238681871063,0.195501179387669
bottleneck,3,s1,54,39,0.8309591642924976,0.6799620132953466,0.23686570051406677,0.6818880644414099
bottleneck,3,s23,12,81,0.8076131687242799,0.7561728395061729,0.18914347580272448,0.5854751414293049
bottleneck,4,none,37,57,0.404457088667615,0.44950213371266007,0.31093288273860703,0.17436625470795655
bottleneck,4,s1,52,42,0.8896520146520146,0.8443223443223443,0.16961411893349193,0.9280621951881878
bottleneck,4,s23,5,89,0.69438202247191,0.7528089887640449,0.24414221102276973,0.22262463144539116
bottleneck,5,none,23,70,0.5173913043478261,0.546583850931677,0.24746114638316463,0.23095834963867135
bottleneck,5,s1,63,30,0.735978835978836,0.7005291005291006,0.24790771880579576,0.5159835342013505
bottleneck,5,s23,7,86,0.8870431893687707,0.8986710963455149,0.19032175252774924,0.7574887582180357
