regime_kind,fold,regime,variant,n,correct,ll
bottleneck,1,none,ar,8925,7707.0,4156.556406131909
bottleneck,1,s1,ar,21063,18323.0,11907.800653298247
bottleneck,1,s23,ar,3570,2424.0,3647.124105085788
bottleneck,1,ALL,ar,33558,28454.0,19711.481164515946
bottleneck,1,none,global,8925,8501.0,3054.359627306846
bottleneck,1,s1,global,21063,19337.0,7721.37513389879
bottleneck,1,s23,global,3570,2649.0,2876.8796830698357
bottleneck,1,ALL,global,33558,30487.0,13652.614444275472
bottleneck,1,none,+regime parent,8925,7707.0,3169.6936443215177
bottleneck,1,s1,+regime parent,21063,19173.0,7988.302338886822
bottleneck,1,s23,+regime parent,3570,2565.0,3268.961012538839
bottleneck,1,ALL,+regime parent,33558,29445.0,14426.956995747176
bottleneck,1,none,regime tables,8925,7657.0,6524.899081482023
bottleneck,1,s1,regime tables,21063,18987.0,9099.188242177257
bottleneck,1,s23,regime tables,3570,1692.0,7967.803385847577
bottleneck,1,ALL,regime tables,33558,28336.0,23591.890709506857
bottleneck,1,none,regime structure,8925,7657.0,6666.066077458355
bottleneck,1,s1,regime structure,21063,18708.0,9574.904778045788
bottleneck,1,s23,regime structure,3570,1491.0,8239.086729310195
bottleneck,1,ALL,regime structure,33558,27856.0,24480.057584814334
bottleneck,1,none,leave-regime-out,8925,5823.0,13976.903792989242
bottleneck,1,s1,leave-regime-out,21063,17411.0,25488.200556462732
bottleneck,1,s23,leave-regime-out,3570,2383.0,5213.86938083896
bottleneck,1,ALL,leave-regime-out,33558,25617.0,44678.97373029094
bottleneck,2,none,ar,8211,7521.0,3474.960949085875
bottleneck,2,s1,ar,23205,19284.0,13701.393978460905
bottleneck,2,s23,ar,1785,1526.0,823.9296139389078
bottleneck,2,ALL,ar,33201,28331.0,18000.284541485686
bottleneck,2,none,global,8211,7689.0,2241.2554758968
bottleneck,2,s1,global,23205,20383.0,8564.759090619864
bottleneck,2,s23,global,1785,1532.0,717.8511546367014
bottleneck,2,ALL,global,33201,29604.0,11523.865721153365
bottleneck,2,none,+regime parent,8211,7524.0,2904.6480862468147
bottleneck,2,s1,+regime parent,23205,20519.0,8891.196240273686
bottleneck,2,s23,+regime parent,1785,1526.0,1090.6760219363857
bottleneck,2,ALL,+regime parent,33201,29569.0,12886.520348456888
bottleneck,2,none,regime tables,8211,6420.0,7791.4792096590445
bottleneck,2,s1,regime tables,23205,20561.0,8862.198339078946
bottleneck,2,s23,regime tables,1785,1565.0,1053.6948648496327
bottleneck,2,ALL,regime tables,33201,28546.0,17707.372413587625
bottleneck,2,none,regime structure,8211,6424.0,7627.901530359582
bottleneck,2,s1,regime structure,23205,20621.0,8079.4192304905
bottleneck,2,s23,regime structure,1785,1565.0,845.7256073833806
bottleneck,2,ALL,regime structure,33201,28610.0,16553.04636823346
bottleneck,2,none,leave-regime-out,8211,6734.0,8565.110337425067
bottleneck,2,s1,leave-regime-out,23205,18496.0,26007.685264262363
bottleneck,2,s23,leave-regime-out,1785,1532.0,841.2001927982109
bottleneck,2,ALL,leave-regime-out,33201,26762.0,35413.99579448564
bottleneck,3,none,ar,6426,6172.0,2205.7821476099907
bottleneck,3,s1,ar,22134,19714.0,9413.92261169957
bottleneck,3,s23,ar,4641,3334.0,3585.6751782742695
bottleneck,3,ALL,ar,33201,29220.0,15205.37993758383
bottleneck,3,none,global,6426,6174.0,1683.0500374498483
bottleneck,3,s1,global,22134,20114.0,6802.189838772119
bottleneck,3,s23,global,4641,3893.0,2189.9398386915414
bottleneck,3,ALL,global,33201,30181.0,10675.179714913509
bottleneck,3,none,+regime parent,6426,6180.0,1733.9922518210724
bottleneck,3,s1,+regime parent,22134,19836.0,8219.014596150142
bottleneck,3,s23,+regime parent,4641,3106.0,3431.22084455414
bottleneck,3,ALL,+regime parent,33201,29122.0,13384.227692525355
bottleneck,3,none,regime tables,6426,6177.0,1646.700648630138
bottleneck,3,s1,regime tables,22134,20075.0,6735.98111774015
bottleneck,3,s23,regime tables,4641,3609.0,3863.154144731185
bottleneck,3,ALL,regime tables,33201,29861.0,12245.835911101472
bottleneck,3,none,regime structure,6426,6178.0,1647.3824664728563
bottleneck,3,s1,regime structure,22134,20343.0,5492.389757335601
bottleneck,3,s23,regime structure,4641,3139.0,4377.146919365795
bottleneck,3,ALL,regime structure,33201,29660.0,11516.919143174251
bottleneck,3,none,leave-regime-out,6426,5664.0,4875.059489884838
bottleneck,3,s1,leave-regime-out,22134,19213.0,17220.79025014136
bottleneck,3,s23,leave-regime-out,4641,3937.0,2080.7461848979237
bottleneck,3,ALL,leave-regime-out,33201,28814.0,24176.595924924124
bottleneck,4,none,ar,9996,9467.0,3313.2840810939824
bottleneck,4,s1,ar,21063,17471.0,12583.602872038067
bottleneck,4,s23,ar,2499,1825.0,2160.6595808140924
bottleneck,4,ALL,ar,33558,28763.0,18057.54653394614
bottleneck,4,none,global,9996,9709.0,1556.722367979802
bottleneck,4,s1,global,21063,18916.0,8186.425288659393
bottleneck,4,s23,global,2499,2027.0,1590.4481765196647
bottleneck,4,ALL,global,33558,30652.0,11333.595833158859
bottleneck,4,none,+regime parent,9996,9584.0,1623.0995472133116
bottleneck,4,s1,+regime parent,21063,18772.0,8211.85758678514
bottleneck,4,s23,+regime parent,2499,1989.0,1708.6461203183444
bottleneck,4,ALL,+regime parent,33558,30345.0,11543.603254316795
bottleneck,4,none,regime tables,9996,9589.0,2508.0749700056776
bottleneck,4,s1,regime tables,21063,18818.0,8037.216391198769
bottleneck,4,s23,regime tables,2499,1336.0,5225.935178703394
bottleneck,4,ALL,regime tables,33558,29743.0,15771.226539907842
bottleneck,4,none,regime structure,9996,9478.0,3087.1920528326414
bottleneck,4,s1,regime structure,21063,18818.0,8037.216391198769
bottleneck,4,s23,regime structure,2499,1335.0,5250.707120554833
bottleneck,4,ALL,regime structure,33558,29631.0,16375.115564586242
bottleneck,4,none,leave-regime-out,9996,8956.0,6565.337704563178
bottleneck,4,s1,leave-regime-out,21063,16408.0,22342.08416756458
bottleneck,4,s23,leave-regime-out,2499,1970.0,1587.8189325307726
bottleneck,4,ALL,leave-regime-out,33558,27334.0,30495.24080465853
bottleneck,5,none,ar,7497,7178.0,2481.4593740698124
bottleneck,5,s1,ar,23562,20844.0,10828.438163788458
bottleneck,5,s23,ar,2142,1525.0,1815.2015849100621
bottleneck,5,ALL,ar,33201,29547.0,15125.099122768333
bottleneck,5,none,global,7497,7281.0,1487.7692044491491
bottleneck,5,s1,global,23562,21998.0,5009.69951176957
bottleneck,5,s23,global,2142,1858.0,966.4048203390912
bottleneck,5,ALL,global,33201,31137.0,7463.873536557809
bottleneck,5,none,+regime parent,7497,7229.0,1414.0181189974005
bottleneck,5,s1,+regime parent,23562,21824.0,5708.973141349183
bottleneck,5,s23,+regime parent,2142,1890.0,852.2611013303637
bottleneck,5,ALL,+regime parent,33201,30943.0,7975.252361676946
bottleneck,5,none,regime tables,7497,7194.0,1499.8740045760624
bottleneck,5,s1,regime tables,23562,22005.0,5166.29710673008
bottleneck,5,s23,regime tables,2142,1904.0,847.4300740782454
bottleneck,5,ALL,regime tables,33201,31103.0,7513.6011853843875
bottleneck,5,none,regime structure,7497,7196.0,1363.1062038087107
bottleneck,5,s1,regime structure,23562,22005.0,5166.29710673008
bottleneck,5,s23,regime structure,2142,1904.0,847.4300740782454
bottleneck,5,ALL,regime structure,33201,31105.0,7376.833384617035
bottleneck,5,none,leave-regime-out,7497,5449.0,13487.541302201756
bottleneck,5,s1,leave-regime-out,23562,18818.0,22729.996908254485
bottleneck,5,s23,leave-regime-out,2142,1781.0,1102.5116513251162
bottleneck,5,ALL,leave-regime-out,33201,26048.0,37320.04986178136
