fold,unseen_regime,nodes,auc_surprise,auc_miscalibration
1,none,target only,0.9286458333333334,0.890625
1,none,throughputs,0.5666666666666667,0.6807291666666666
1,none,all nodes,0.5687500000000001,0.6427083333333333
1,s1,target only,0.654891304347826,0.7667572463768116
1,s1,throughputs,0.9841485507246377,0.9456521739130435
1,s1,all nodes,0.995018115942029,0.9515398550724637
1,s23,target only,0.8942307692307693,0.8709935897435898
1,s23,throughputs,0.7612179487179487,0.8309294871794871
1,s23,all nodes,0.7227564102564102,0.7147435897435898
2,none,target only,0.5120551090700345,0.616532721010333
2,none,throughputs,0.3553386911595867,0.6521239954075775
2,none,all nodes,0.19804822043628012,0.685419058553387
2,s1,target only,0.8323836657169991,0.8570750237416904
2,s1,throughputs,1.0,0.9829059829059829
2,s1,all nodes,0.9995251661918328,0.9938271604938271
2,s23,target only,0.7798076923076923,0.7846153846153846
2,s23,throughputs,0.6913461538461539,0.8105769230769231
2,s23,all nodes,0.625,0.6451923076923076
3,none,target only,0.8194444444444444,0.9335748792270532
3,none,throughputs,0.6660628019323671,0.9311594202898551
3,none,all nodes,0.356280193236715,0.9148550724637682
3,s1,target only,0.760377358490566,0.7849056603773585
3,s1,throughputs,1.0,0.9877358490566037
3,s1,all nodes,1.0,0.9938679245283019
3,s23,target only,0.8506493506493507,0.7215909090909091
3,s23,throughputs,0.7938311688311689,0.8449675324675325
3,s23,all nodes,0.6891233766233766,0.726461038961039
4,none,target only,0.4858420268256334,0.8474913065077
4,none,throughputs,0.36015896671634373,0.8350720317933432
4,none,all nodes,0.24441132637853946,0.8718330849478391
4,s1,target only,0.8156702898550725,0.8718297101449275
4,s1,throughputs,0.9990942028985507,0.9778079710144928
4,s1,all nodes,1.0,0.998641304347826
4,s23,target only,0.8852320675105486,0.7628691983122363
4,s23,throughputs,0.8227848101265822,0.849789029535865
4,s23,all nodes,0.7544303797468355,0.7282700421940927
5,none,target only,0.5211352657004831,0.9033816425120773
5,none,throughputs,0.42632850241545894,0.9776570048309179
5,none,all nodes,0.16304347826086957,0.9740338164251209
5,s1,target only,0.8504486540378864,0.9546360917248256
5,s1,throughputs,1.0,1.0
5,s1,all nodes,1.0,1.0
5,s23,target only,0.8469879518072291,0.8602409638554217
5,s23,throughputs,0.7771084337349398,0.8385542168674699
5,s23,all nodes,0.655421686746988,0.846987951807229
