fold,score,auc,caught_at_1pct_false_alarms,realised_false_alarms
1,target only,0.8870704497942533,0.6382978723404256,0.01165431508486732
1,throughputs,0.9594542054719968,0.8723404255319149,0.01201290939517093
1,all nodes,0.9793255120777615,0.9574468085106383,0.010638297872340425
1,service 1,0.9542091278782916,0.9574468085106383,0.00878556060243844
1,service 2,0.969140225634661,0.8936170212765957,0.008367200573750896
1,service 3,0.9462548829863531,0.8936170212765957,0.0133277551996175
2,target only,0.8856893568263395,0.8297872340425532,0.012610566579010279
2,throughputs,0.9108502509220394,0.8936170212765957,0.006514463303848912
2,all nodes,0.9620317215343464,0.9787234042553191,0.011953143676786996
2,service 1,0.936008222032553,0.9361702127659575,0.009502749223045661
2,service 2,0.9548894072315953,0.9361702127659575,0.015060961032751613
2,service 3,0.9374115796981141,0.8936170212765957,0.01057853215395649
3,target only,0.8839365400429484,0.8085106382978723,0.012670332297394215
3,throughputs,0.9097906687920017,0.851063829787234,0.01249103514224241
3,all nodes,0.9945976738234336,0.9361702127659575,0.007709777671527611
3,service 1,0.9692776394231455,0.9574468085106383,0.01368634950992111
3,service 2,0.9420451607706808,0.851063829787234,0.006275400430313173
3,service 3,0.9537468447998795,0.8936170212765957,0.010040640688501076
4,target only,0.866382927858963,0.6382978723404256,0.012670332297394215
4,throughputs,0.8895618537036943,0.8297872340425532,0.014642601004064068
4,all nodes,0.974996630230772,1.0,0.014044943820224719
4,service 1,0.9263371625780132,0.8723404255319149,0.009203920631125986
4,service 2,0.9819099025437308,0.9148936170212766,0.01105665790102797
4,service 3,0.9293883932431677,0.851063829787234,0.016256275400430314
5,target only,0.8750425456732674,0.723404255319149,0.009562514941429595
5,throughputs,0.9216493820809315,0.8297872340425532,0.010877360745876165
5,all nodes,0.9951329048886602,0.8723404255319149,0.00938321778627779
5,service 1,0.9499273151017005,0.9148936170212766,0.008426966292134831
5,service 2,0.9878131004298736,0.8297872340425532,0.007231651924456132
5,service 3,0.9326945311596717,0.8085106382978723,0.015060961032751613
