fold,score,auc,caught_at_1pct_false_alarms
1,target only,0.8870704497942533,0.5957446808510638
1,throughputs,0.9594542054719968,0.8297872340425532
1,all nodes,0.9793255120777615,0.9361702127659575
1,service 1,0.9542091278782916,0.9148936170212766
1,service 2,0.969140225634661,0.8404255319148937
1,service 3,0.9462548829863531,0.851063829787234
2,target only,0.8856893568263395,0.7849462365591398
2,throughputs,0.9108502509220394,0.8494623655913979
2,all nodes,0.9620317215343464,0.9139784946236559
2,service 1,0.936008222032553,0.8924731182795699
2,service 2,0.9548894072315953,0.8709677419354839
2,service 3,0.9374115796981141,0.8494623655913979
3,target only,0.8839365400429484,0.8064516129032258
3,throughputs,0.9097906687920017,0.8387096774193549
3,all nodes,0.9945976738234336,0.9247311827956989
3,service 1,0.9692776394231455,0.956989247311828
3,service 2,0.9420451607706808,0.8387096774193549
3,service 3,0.9537468447998795,0.8817204301075269
4,target only,0.866382927858963,0.6702127659574468
4,throughputs,0.8895618537036943,0.7978723404255319
4,all nodes,0.974996630230772,0.9361702127659575
4,service 1,0.9263371625780132,0.8723404255319149
4,service 2,0.9819099025437308,0.9148936170212766
4,service 3,0.9293883932431677,0.851063829787234
5,target only,0.8750425456732674,0.7419354838709677
5,throughputs,0.9216493820809315,0.8387096774193549
5,all nodes,0.9951329048886602,0.9247311827956989
5,service 1,0.9499273151017005,0.9139784946236559
5,service 2,0.9878131004298736,0.8709677419354839
5,service 3,0.9326945311596717,0.8602150537634409
