regime,variant,runs_of_regime_seen,n,correct,ll,bucket
none,static,0,357,353.0,53.81277598824383,0
none,updated,0,357,353.0,53.81277598824383,0
none,restructured,0,357,353.0,53.81277598824383,0
none,informed,0,357,354.0,18.783445874791205,0
none,static,1,357,352.0,360.8919479641074,1-5
none,updated,1,357,352.0,332.1001201476596,1-5
none,restructured,1,357,352.0,332.1001201476596,1-5
none,informed,1,357,352.0,24.526753736293763,1-5
none,static,2,357,356.0,420.73732825305717,1-5
none,updated,2,357,356.0,31.764203308643815,1-5
none,restructured,2,357,356.0,31.764203308643815,1-5
none,informed,2,357,356.0,8.532893253534558,1-5
none,static,3,714,713.0,544.9419495438585,1-5
none,updated,3,714,713.0,465.9436091592923,1-5
none,restructured,3,714,713.0,465.9436091592923,1-5
none,informed,3,714,713.0,9.841234089819467,1-5
none,static,5,357,345.0,452.850131742297,1-5
none,updated,5,357,345.0,66.66425789591756,1-5
none,restructured,5,357,345.0,52.34806854376441,1-5
none,informed,5,357,349.0,22.131562435389736,1-5
none,static,6,357,354.0,330.4879692354913,6-10
none,updated,6,357,354.0,34.75206118299367,6-10
none,restructured,6,357,354.0,30.21293599571682,6-10
none,informed,6,357,355.0,22.11940714018216,6-10
none,static,7,714,667.0,503.31038747695,6-10
none,updated,7,714,667.0,232.4952699261676,6-10
none,restructured,7,714,667.0,239.60201022059763,6-10
none,informed,7,714,672.0,133.56901004555255,6-10
none,static,9,714,644.0,608.5588496743648,6-10
none,updated,9,714,644.0,313.76898733771844,6-10
none,restructured,9,714,681.0,122.95795607824058,6-10
none,informed,9,714,693.0,95.01402525102914,6-10
none,static,11,357,356.0,40.161546676196274,11-20
none,updated,11,357,356.0,15.363015698406137,11-20
none,restructured,11,357,356.0,24.79744607111268,11-20
none,informed,11,357,356.0,9.488150692949402,11-20
none,static,12,714,674.0,673.5946891045973,11-20
none,updated,12,714,674.0,172.82353497951837,11-20
none,restructured,12,714,643.0,374.42790585094525,11-20
none,informed,12,714,701.0,97.93630960101552,11-20
none,static,14,357,354.0,55.12710739542814,11-20
none,updated,14,357,354.0,36.58701018522236,11-20
none,restructured,14,357,354.0,35.26010724923286,11-20
none,informed,14,357,354.0,28.680140032518484,11-20
none,static,15,714,685.0,608.4182447346834,11-20
none,updated,15,714,695.0,97.77035544835614,11-20
none,restructured,15,714,701.0,83.26910851734338,11-20
none,informed,15,714,699.0,70.02048715272358,11-20
none,static,17,714,705.0,428.8298027511754,11-20
none,updated,17,714,705.0,65.31150915091901,11-20
none,restructured,17,714,703.0,69.54311310671969,11-20
none,informed,17,714,703.0,64.32248856982609,11-20
none,static,19,714,710.0,853.6576822968854,11-20
none,updated,19,714,710.0,44.05620399179609,11-20
none,restructured,19,714,710.0,39.423425827921506,11-20
none,informed,19,714,710.0,26.34704023730323,11-20
none,static,21,357,328.0,490.1053872051475,21-40
none,updated,21,357,333.0,78.00269180316948,21-40
none,restructured,21,357,335.0,69.2597564188666,21-40
none,informed,21,357,338.0,49.190671279294804,21-40
none,static,22,357,271.0,375.5939486377846,21-40
none,updated,22,357,271.0,288.58740954679496,21-40
none,restructured,22,357,265.0,300.3366745487484,21-40
none,informed,22,357,269.0,256.1024826784658,21-40
none,static,23,1071,1068.0,933.563070817089,21-40
none,updated,23,1071,1068.0,46.30037904457313,21-40
none,restructured,23,1071,1068.0,42.668233129929035,21-40
none,informed,23,1071,1068.0,31.80158900725421,21-40
none,static,26,357,316.0,311.07279630607104,21-40
none,updated,26,357,316.0,241.33206579395414,21-40
none,restructured,26,357,333.0,111.3140521579215,21-40
none,informed,26,357,340.0,81.14561094785265,21-40
none,static,27,714,665.0,398.7446483655355,21-40
none,updated,27,714,666.0,133.12068346484563,21-40
none,restructured,27,714,678.0,112.65302488795446,21-40
none,informed,27,714,694.0,89.94762297338004,21-40
none,static,29,357,356.0,428.3363375015801,21-40
none,updated,29,357,356.0,18.26188658423581,21-40
none,restructured,29,357,356.0,12.12630593627713,21-40
none,informed,29,357,356.0,9.344157985385039,21-40
none,static,30,357,356.0,206.43906879443892,21-40
none,updated,30,357,356.0,10.608837142283308,21-40
none,restructured,30,357,356.0,13.314855670636188,21-40
none,informed,30,357,356.0,9.652880408188281,21-40
none,static,31,714,712.0,545.1842446290084,21-40
none,updated,31,714,712.0,46.95376742314519,21-40
none,restructured,31,714,712.0,22.757627462941933,21-40
none,informed,31,714,712.0,16.884180637552785,21-40
none,static,33,357,311.0,444.1148646192336,21-40
none,updated,33,357,334.0,83.6948372628314,21-40
none,restructured,33,357,337.0,72.9899359874027,21-40
none,informed,33,357,335.0,65.37202486276382,21-40
none,static,34,714,712.0,72.71805196889999,21-40
none,updated,34,714,712.0,25.14412553622355,21-40
none,restructured,34,714,712.0,27.806062604909126,21-40
none,informed,34,714,712.0,17.941433662221392,21-40
none,static,36,1071,1070.0,641.4024054283866,21-40
none,updated,36,1071,1070.0,20.733924734277018,21-40
none,restructured,36,1071,1070.0,17.216544473623458,21-40
none,informed,36,1071,1070.0,11.68364023537135,21-40
none,static,39,357,356.0,119.14761160338749,21-40
none,updated,39,357,356.0,8.860665846522874,21-40
none,restructured,39,357,356.0,9.96987217980275,21-40
none,informed,39,357,356.0,8.403592756107344,21-40
none,static,40,1071,1069.0,980.8213387798615,21-40
none,updated,40,1071,1069.0,29.27711419455783,21-40
none,restructured,40,1071,1069.0,29.850653531155736,21-40
none,informed,40,1071,1069.0,30.00305874011268,21-40
none,static,43,714,698.0,475.2046087079448,>40
none,updated,43,714,703.0,44.66049321881441,>40
none,restructured,43,714,701.0,43.76189803309583,>40
none,informed,43,714,708.0,25.587177358252948,>40
none,static,45,714,710.0,457.94572151078955,>40
none,updated,45,714,710.0,34.005557639211766,>40
none,restructured,45,714,710.0,30.088432618299706,>40
none,informed,45,714,710.0,24.614467461421704,>40
none,static,47,357,338.0,270.80481191435734,>40
none,updated,47,357,338.0,93.18366820467648,>40
none,restructured,47,357,346.0,48.67879426952405,>40
none,informed,47,357,348.0,45.363847259007116,>40
none,static,48,357,354.0,314.6449687179597,>40
none,updated,48,357,354.0,47.304672141590245,>40
none,restructured,48,357,354.0,31.851880934456478,>40
none,informed,48,357,354.0,23.999748235794826,>40
none,static,49,357,354.0,335.00178316724595,>40
none,updated,49,357,354.0,28.87061223268785,>40
none,restructured,49,357,354.0,32.759927185509426,>40
none,informed,49,357,354.0,32.40082057898345,>40
none,static,50,1071,951.0,1173.603264107298,>40
none,updated,50,1071,969.0,471.442812125276,>40
none,restructured,50,1071,1010.0,274.0354452421921,>40
none,informed,50,1071,1011.0,279.67396729860906,>40
none,static,53,1428,1424.0,395.3601055558573,>40
none,updated,53,1428,1424.0,34.84868925940172,>40
none,restructured,53,1428,1424.0,35.803316572002686,>40
none,informed,53,1428,1424.0,30.578331217567865,>40
none,static,57,1071,970.0,456.316524885445,>40
none,updated,57,1071,976.0,282.6184085064022,>40
none,restructured,57,1071,979.0,285.93869054506416,>40
none,informed,57,1071,1035.0,98.52557973189164,>40
none,static,60,714,712.0,453.2572026601794,>40
none,updated,60,714,712.0,26.403110577717854,>40
none,restructured,60,714,712.0,19.642637531710182,>40
none,informed,60,714,712.0,17.117232183544502,>40
none,static,62,357,356.0,355.5363153033252,>40
none,updated,62,357,356.0,15.0062659366093,>40
none,restructured,62,357,356.0,14.808329736158882,>40
none,informed,62,357,356.0,13.368805325178485,>40
none,static,63,357,356.0,350.93302488073243,>40
none,updated,63,357,356.0,13.969532717046109,>40
none,restructured,63,357,356.0,9.913295260843174,>40
none,informed,63,357,356.0,8.209373351197693,>40
none,static,64,714,701.0,579.5319403618471,>40
none,updated,64,714,701.0,95.62631718142308,>40
none,restructured,64,714,704.0,68.25386571323111,>40
none,informed,64,714,704.0,60.62280487944055,>40
none,static,66,714,712.0,758.9964006064802,>40
none,updated,66,714,713.0,12.897933716750607,>40
none,restructured,66,714,713.0,11.63351910556093,>40
none,informed,66,714,713.0,9.731783886451279,>40
none,static,68,714,709.0,449.07498691059175,>40
none,updated,68,714,710.0,28.985989129775945,>40
none,restructured,68,714,710.0,25.67590592323534,>40
none,informed,68,714,710.0,23.57311451039605,>40
none,static,70,714,655.0,332.78057090793385,>40
none,updated,70,714,669.0,145.6533820035827,>40
none,restructured,70,714,693.0,96.84885211154192,>40
none,informed,70,714,697.0,83.90890565567541,>40
none,static,72,1428,1309.0,1041.6219211816592,>40
none,updated,72,1428,1344.0,269.36694525795104,>40
none,restructured,72,1428,1396.0,129.4261957849156,>40
none,informed,72,1428,1396.0,115.36670860078189,>40
none,static,76,357,356.0,36.5352345872641,>40
none,updated,76,357,356.0,9.497862340209831,>40
none,restructured,76,357,356.0,9.203580603634359,>40
none,informed,76,357,356.0,8.30126894358145,>40
none,static,77,1071,1069.0,1267.4248158240348,>40
none,updated,77,1071,1069.0,20.063156828291582,>40
none,restructured,77,1071,1069.0,26.592106485591113,>40
none,informed,77,1071,1069.0,18.706795373184182,>40
none,static,80,357,352.0,127.57503811804376,>40
none,updated,80,357,352.0,26.345211434630016,>40
none,restructured,80,357,353.0,26.709422316513304,>40
none,informed,80,357,353.0,24.433281483719348,>40
s1,static,0,357,344.0,212.22030987307312,0
s1,updated,0,357,344.0,212.22030987307312,0
s1,restructured,0,357,344.0,212.22030987307312,0
s1,informed,0,357,350.0,24.22940911842237,0
s1,static,1,1071,958.0,613.608584430143,1-5
s1,updated,1,1071,958.0,574.6845198779105,1-5
s1,restructured,1,1071,958.0,574.6845198779105,1-5
s1,informed,1,1071,1025.0,176.8688003980807,1-5
s1,static,4,1071,542.0,1381.5791698873697,1-5
s1,updated,4,1071,542.0,1237.2277474746365,1-5
s1,restructured,4,1071,542.0,1237.2277474746365,1-5
s1,informed,4,1071,1041.0,130.39510659522242,1-5
s1,static,7,1071,1022.0,390.59920808139947,6-10
s1,updated,7,1071,1023.0,274.24251424000624,6-10
s1,restructured,7,1071,1023.0,274.24251424000624,6-10
s1,informed,7,1071,1040.0,112.72308190907954,6-10
s1,static,10,1428,1212.0,1216.9875701758979,6-10
s1,updated,10,1428,1213.0,773.4116909827449,6-10
s1,restructured,10,1428,1277.0,482.3551257778968,6-10
s1,informed,10,1428,1324.0,337.17581841182096,6-10
s1,static,14,714,488.0,493.4576247460345,11-20
s1,updated,14,714,671.0,221.78369969548123,11-20
s1,restructured,14,714,668.0,190.12279459592799,11-20
s1,informed,14,714,678.0,148.54020897888998,11-20
s1,static,16,1428,1223.0,594.085966887624,11-20
s1,updated,16,1428,1230.0,646.4750558748055,11-20
s1,restructured,16,1428,1231.0,694.2039265314368,11-20
s1,informed,16,1428,1353.0,458.4617243423637,11-20
s1,static,20,1071,734.0,770.2374597789943,11-20
s1,updated,20,1071,718.0,696.7861263320685,11-20
s1,restructured,20,1071,799.0,450.1025914343205,11-20
s1,informed,20,1071,824.0,506.90562920248817,11-20
s1,static,23,714,622.0,328.1241872692986,21-40
s1,updated,23,714,692.0,215.5284096736383,21-40
s1,restructured,23,714,701.0,83.11089017894989,21-40
s1,informed,23,714,701.0,63.223138725874485,21-40
s1,static,25,1428,1333.0,406.86705698741025,21-40
s1,updated,25,1428,1330.0,335.480658993114,21-40
s1,restructured,25,1428,1404.0,174.5463218442924,21-40
s1,informed,25,1428,1378.0,183.78263409228416,21-40
s1,static,29,1428,1216.0,984.0200883052136,21-40
s1,updated,29,1428,1228.0,735.2679000368341,21-40
s1,restructured,29,1428,1223.0,559.8039957965733,21-40
s1,informed,29,1428,1222.0,484.5463447640957,21-40
s1,static,33,714,710.0,146.37334346966867,21-40
s1,updated,33,714,710.0,93.97709776635071,21-40
s1,restructured,33,714,709.0,118.56635011969811,21-40
s1,informed,33,714,708.0,61.486554866605346,21-40
s1,static,35,1071,1047.0,443.43939314264344,21-40
s1,updated,35,1071,1052.0,251.93954415276497,21-40
s1,restructured,35,1071,1060.0,186.34953346091913,21-40
s1,informed,35,1071,1062.0,90.69879845853727,21-40
s1,static,38,1071,829.0,1226.7604437403352,21-40
s1,updated,38,1071,829.0,1132.8994152297653,21-40
s1,restructured,38,1071,832.0,1055.026179427949,21-40
s1,informed,38,1071,1033.0,180.08704854967172,21-40
s1,static,41,714,578.0,982.9814026889329,>40
s1,updated,41,714,581.0,894.7533680760755,>40
s1,restructured,41,714,582.0,867.2500505010759,>40
s1,informed,41,714,683.0,131.78765062494804,>40
s1,static,43,1071,1041.0,224.1153034633146,>40
s1,updated,43,1071,1044.0,173.74699352909093,>40
s1,restructured,43,1071,1048.0,109.04301992777562,>40
s1,informed,43,1071,1049.0,100.6826074837131,>40
s1,static,46,714,480.0,483.4802041041761,>40
s1,updated,46,714,550.0,346.9333386304458,>40
s1,restructured,46,714,633.0,295.5847106416755,>40
s1,informed,46,714,647.0,224.17048834084557,>40
s1,static,48,1428,1328.0,828.6344071725753,>40
s1,updated,48,1428,1339.0,333.20444155041764,>40
s1,restructured,48,1428,1375.0,208.56900069835564,>40
s1,informed,48,1428,1394.0,159.1542864475182,>40
s1,static,52,357,0.0,710.8821277042957,>40
s1,updated,52,357,1.0,534.7660520218019,>40
s1,restructured,52,357,345.0,139.6978472756103,>40
s1,informed,52,357,348.0,29.977740141475195,>40
s1,static,53,1071,223.0,2561.6142375917925,>40
s1,updated,53,1071,660.0,1076.4484810650347,>40
s1,restructured,53,1071,719.0,962.8532182872207,>40
s1,informed,53,1071,840.0,733.3526061724554,>40
s1,static,56,1071,971.0,549.7445141780908,>40
s1,updated,56,1071,987.0,314.20922323820525,>40
s1,restructured,56,1071,1024.0,213.117832599629,>40
s1,informed,56,1071,1018.0,229.43844610126695,>40
s1,static,59,1071,652.0,1807.254513970358,>40
s1,updated,59,1071,811.0,923.1454511160355,>40
s1,restructured,59,1071,839.0,926.8633960230106,>40
s1,informed,59,1071,953.0,362.3849672295095,>40
s1,static,62,357,0.0,766.6773286206312,>40
s1,updated,62,357,329.0,307.2726431066018,>40
s1,restructured,62,357,343.0,71.8877555060765,>40
s1,informed,62,357,336.0,57.85678688082265,>40
s1,static,63,1071,702.0,1007.9272168535153,>40
s1,updated,63,1071,1048.0,386.0572528723645,>40
s1,restructured,63,1071,1052.0,152.27210124526573,>40
s1,informed,63,1071,1056.0,109.25650898710128,>40
s1,static,66,357,346.0,201.21244028089836,>40
s1,updated,66,357,353.0,19.706920915702216,>40
s1,restructured,66,357,348.0,31.909725016134935,>40
s1,informed,66,357,348.0,25.874444608146153,>40
s1,static,67,1071,699.0,937.7108302696938,>40
s1,updated,67,1071,1049.0,298.75469523930593,>40
s1,restructured,67,1071,1053.0,130.29193141143662,>40
s1,informed,67,1071,1057.0,112.27439448617827,>40
s1,static,70,714,698.0,282.40322953336613,>40
s1,updated,70,714,702.0,142.93338003726154,>40
s1,restructured,70,714,704.0,71.08281975526035,>40
s1,informed,70,714,705.0,66.18196852368266,>40
s1,static,72,1785,1212.0,1427.5743334595857,>40
s1,updated,72,1785,1575.0,602.5871149965494,>40
s1,restructured,72,1785,1648.0,375.78906690490965,>40
s1,informed,72,1785,1719.0,305.7118823813455,>40
s1,static,77,1428,864.0,1227.330589486692,>40
s1,updated,77,1428,1365.0,275.4966963261419,>40
s1,restructured,77,1428,1285.0,410.68810908259616,>40
s1,informed,77,1428,1313.0,336.2120070204674,>40
s1,static,81,357,346.0,53.38265636942503,>40
s1,updated,81,357,346.0,36.175361310767556,>40
s1,restructured,81,357,346.0,50.430121750410635,>40
s1,informed,81,357,346.0,43.711070461144075,>40
s1,static,82,714,699.0,263.04284948782845,>40
s1,updated,82,714,705.0,78.31522474465488,>40
s1,restructured,82,714,705.0,76.73859541487154,>40
s1,informed,82,714,705.0,70.05756022954372,>40
s1,static,84,1071,584.0,1879.6139423564534,>40
s1,updated,84,1071,872.0,485.2303564559697,>40
s1,restructured,84,1071,1044.0,167.95964278972957,>40
s1,informed,84,1071,1042.0,125.57639109266927,>40
s1,static,87,1071,886.0,541.3381249688803,>40
s1,updated,87,1071,889.0,696.1728484458263,>40
s1,restructured,87,1071,971.0,364.0766876638447,>40
s1,informed,87,1071,979.0,287.8476258853649,>40
s1,static,90,1071,551.0,1308.7196433420895,>40
s1,updated,90,1071,678.0,1086.420793468971,>40
s1,restructured,90,1071,718.0,964.6850305728888,>40
s1,informed,90,1071,763.0,878.2814639434291,>40
s1,static,93,1071,895.0,568.0677413300643,>40
s1,updated,93,1071,981.0,244.43750459654188,>40
s1,restructured,93,1071,943.0,333.5963026304506,>40
s1,informed,93,1071,955.0,309.05616516711564,>40
s1,static,96,714,366.0,730.2151645883393,>40
s1,updated,96,714,403.0,749.04953362826,>40
s1,restructured,96,714,399.0,886.4173300692003,>40
s1,informed,96,714,522.0,894.2442682917183,>40
s1,static,98,714,688.0,390.9146267936168,>40
s1,updated,98,714,694.0,71.86433896638556,>40
s1,restructured,98,714,702.0,46.99252685724723,>40
s1,informed,98,714,703.0,41.45505972949043,>40
s1,static,100,1428,1416.0,165.39086074693626,>40
s1,updated,100,1428,1417.0,110.37043968046069,>40
s1,restructured,100,1428,1420.0,196.98226138470244,>40
s1,informed,100,1428,1420.0,181.16706633103007,>40
s1,static,104,714,644.0,284.9916954608534,>40
s1,updated,104,714,648.0,253.46237141717694,>40
s1,restructured,104,714,648.0,240.7690255172762,>40
s1,informed,104,714,648.0,234.70856214978087,>40
s1,static,106,1071,1045.0,346.43009435566387,>40
s1,updated,106,1071,1050.0,192.99046286532297,>40
s1,restructured,106,1071,1052.0,151.1568717221115,>40
s1,informed,106,1071,1052.0,137.491373138762,>40
s1,static,109,1428,1191.0,584.2857956076909,>40
s1,updated,109,1428,1284.0,349.12155858689727,>40
s1,restructured,109,1428,1293.0,325.10628686646044,>40
s1,informed,109,1428,1293.0,347.397490971678,>40
s1,static,113,1071,715.0,1503.0313619481185,>40
s1,updated,113,1071,1024.0,427.70749220149594,>40
s1,restructured,113,1071,971.0,499.25344441274245,>40
s1,informed,113,1071,971.0,405.69580767220407,>40
s1,static,116,1428,691.0,1549.5727371287217,>40
s1,updated,116,1428,1365.0,446.52704008568713,>40
s1,restructured,116,1428,1389.0,224.3516375449658,>40
s1,informed,116,1428,1391.0,192.47185465261586,>40
s1,static,120,1071,893.0,678.4869848276439,>40
s1,updated,120,1071,821.0,458.64530976979796,>40
s1,restructured,120,1071,909.0,405.0140414674618,>40
s1,informed,120,1071,912.0,415.7099257487446,>40
s1,static,123,714,688.0,402.08687106609307,>40
s1,updated,123,714,694.0,94.1890910176651,>40
s1,restructured,123,714,690.0,92.14089074654011,>40
s1,informed,123,714,688.0,91.7973177219227,>40
s1,static,125,1071,216.0,1809.0572204796101,>40
s1,updated,125,1071,911.0,541.0800671214537,>40
s1,restructured,125,1071,1033.0,256.1543092237263,>40
s1,informed,125,1071,1031.0,199.65490526094183,>40
s1,static,128,1071,775.0,960.6183207943981,>40
s1,updated,128,1071,757.0,717.5094781755251,>40
s1,restructured,128,1071,864.0,571.3797065977217,>40
s1,informed,128,1071,865.0,558.3677174152521,>40
s1,static,131,1428,1151.0,1069.1704251534034,>40
s1,updated,131,1428,1215.0,625.9939772117385,>40
s1,restructured,131,1428,1367.0,349.3820723068921,>40
s1,informed,131,1428,1353.0,344.8796810863462,>40
s1,static,135,1071,1050.0,403.02045845781583,>40
s1,updated,135,1071,1057.0,125.08134126279991,>40
s1,restructured,135,1071,1057.0,124.59861226624844,>40
s1,informed,135,1071,1057.0,94.67557684120126,>40
s1,static,138,357,195.0,264.0551608850318,>40
s1,updated,138,357,192.0,260.17922536079453,>40
s1,restructured,138,357,176.0,259.07374650098853,>40
s1,informed,138,357,168.0,292.9733843510811,>40
s1,static,139,1428,875.0,1348.2420130963876,>40
s1,updated,139,1428,1341.0,289.2061109684655,>40
s1,restructured,139,1428,1307.0,348.17343475517055,>40
s1,informed,139,1428,1364.0,218.59666817294757,>40
s1,static,143,1785,1032.0,1942.8761026376924,>40
s1,updated,143,1785,1707.0,479.25536516147844,>40
s1,restructured,143,1785,1747.0,230.9325780866726,>40
s1,informed,143,1785,1750.0,205.7890287354896,>40
s1,static,148,714,702.0,261.0237011893173,>40
s1,updated,148,714,702.0,50.270478493548374,>40
s1,restructured,148,714,705.0,66.54351344693518,>40
s1,informed,148,714,705.0,54.575778031023006,>40
s1,static,150,1428,842.0,1816.7630275338936,>40
s1,updated,150,1428,1177.0,646.3479470846634,>40
s1,restructured,150,1428,1262.0,497.7469313843291,>40
s1,informed,150,1428,1354.0,359.9000425722065,>40
s1,static,154,1428,1030.0,1282.011530295925,>40
s1,updated,154,1428,1399.0,139.2813179630748,>40
s1,restructured,154,1428,1396.0,125.79707584088037,>40
s1,informed,154,1428,1399.0,119.34379475362404,>40
s23,static,0,1071,985.0,327.85411234095903,0
s23,updated,0,1071,985.0,327.85411234095903,0
s23,restructured,0,1071,985.0,327.85411234095903,0
s23,informed,0,1071,998.0,305.2414551297319,0
s23,static,3,357,303.0,236.09669733524458,1-5
s23,updated,3,357,303.0,236.1991032480592,1-5
s23,restructured,3,357,303.0,236.1991032480592,1-5
s23,informed,3,357,304.0,178.9058451942758,1-5
s23,static,4,357,215.0,375.68463070495824,1-5
s23,updated,4,357,215.0,365.66856928904036,1-5
s23,restructured,4,357,215.0,365.66856928904036,1-5
s23,informed,4,357,215.0,264.0762621383091,1-5
s23,static,5,714,636.0,257.35507372633856,1-5
s23,updated,5,714,636.0,260.5897258132818,1-5
s23,restructured,5,714,636.0,260.5897258132818,1-5
s23,informed,5,714,636.0,190.83068393544988,1-5
s23,static,7,357,324.0,166.1353377298655,6-10
s23,updated,7,357,324.0,164.51124259235328,6-10
s23,restructured,7,357,324.0,164.51124259235328,6-10
s23,informed,7,357,337.0,117.9664510143956,6-10
s23,static,8,357,335.0,92.26010794913212,6-10
s23,updated,8,357,340.0,70.16624136838351,6-10
s23,restructured,8,357,335.0,70.43964871856238,6-10
s23,informed,8,357,339.0,63.38905703119006,6-10
s23,static,9,357,241.0,236.55088736810893,6-10
s23,updated,9,357,279.0,207.61594934170404,6-10
s23,restructured,9,357,246.0,276.38892501841565,6-10
s23,informed,9,357,272.0,240.30047908642175,6-10
s23,static,10,357,184.0,275.33044027715596,6-10
s23,updated,10,357,281.0,157.39572094294442,6-10
s23,restructured,10,357,213.0,308.8788025989252,6-10
s23,informed,10,357,263.0,200.1409550776641,6-10
s23,static,11,357,258.0,307.8148343043985,11-20
s23,updated,11,357,258.0,285.66665446928977,11-20
s23,restructured,11,357,261.0,244.26248674195128,11-20
s23,informed,11,357,264.0,254.78874455935116,11-20
s23,static,12,357,324.0,120.64783276631742,11-20
s23,updated,12,357,327.0,120.53952741535736,11-20
s23,restructured,12,357,312.0,155.78420129022913,11-20
s23,informed,12,357,340.0,105.95300991041549,11-20
s23,static,13,714,485.0,497.8197230675819,11-20
s23,updated,13,714,659.0,276.9259840183088,11-20
s23,restructured,13,714,518.0,489.5381132519212,11-20
s23,informed,13,714,598.0,319.49566126108994,11-20
s23,static,15,357,320.0,137.88341827924623,11-20
s23,updated,15,357,320.0,130.97535323343214,11-20
s23,restructured,15,357,306.0,157.98875002475694,11-20
s23,informed,15,357,331.0,120.7509513237915,11-20
s23,static,16,357,296.0,200.59283327013122,11-20
s23,updated,16,357,299.0,153.993128729229,11-20
s23,restructured,16,357,260.0,235.22694591028457,11-20
s23,informed,16,357,316.0,120.38367816025766,11-20
s23,static,17,357,268.0,341.44252589824293,11-20
s23,updated,17,357,268.0,337.6883135243892,11-20
s23,restructured,17,357,268.0,200.17604803691538,11-20
s23,informed,17,357,268.0,338.40857022925553,11-20
s23,static,18,1071,715.0,923.7232339049658,11-20
s23,updated,18,1071,730.0,1036.6616554336729,11-20
s23,restructured,18,1071,714.0,933.1332217563044,11-20
s23,informed,18,1071,722.0,1105.2422246791434,11-20
s23,static,21,1071,838.0,766.8484841004502,21-40
s23,updated,21,1071,856.0,637.9766226264582,21-40
s23,restructured,21,1071,846.0,653.2567348956247,21-40
s23,informed,21,1071,870.0,593.0783329298763,21-40
s23,static,24,357,352.0,17.093350633600267,21-40
s23,updated,24,357,349.0,18.639229726674994,21-40
s23,restructured,24,357,345.0,33.05307621549295,21-40
s23,informed,24,357,347.0,19.442827163709715,21-40
s23,static,25,357,351.0,31.7795430995496,21-40
s23,updated,25,357,351.0,32.147414197346635,21-40
s23,restructured,25,357,351.0,30.806292954345412,21-40
s23,informed,25,357,351.0,32.49876531983879,21-40
s23,static,26,357,307.0,219.87141202398476,21-40
s23,updated,26,357,295.0,210.49100706411235,21-40
s23,restructured,26,357,295.0,210.49100706411235,21-40
s23,informed,26,357,307.0,184.54882525521066,21-40
s23,static,27,357,312.0,199.1651913076985,21-40
s23,updated,27,357,315.0,176.3269746124454,21-40
s23,restructured,27,357,315.0,176.3269746124454,21-40
s23,informed,27,357,315.0,172.84963350941734,21-40
s23,static,28,357,336.0,85.58909667978747,21-40
s23,updated,28,357,343.0,66.56756850776841,21-40
s23,restructured,28,357,343.0,66.56756850776841,21-40
s23,informed,28,357,343.0,63.600019806013385,21-40
s23,static,29,357,311.0,180.79862133205938,21-40
s23,updated,29,357,326.0,128.7819766055755,21-40
s23,restructured,29,357,332.0,108.53112773208085,21-40
s23,informed,29,357,326.0,123.66538553579932,21-40
s23,static,30,1071,838.0,765.7030872975823,21-40
s23,updated,30,1071,802.0,659.9112173962312,21-40
s23,restructured,30,1071,839.0,577.0632789575052,21-40
s23,informed,30,1071,840.0,569.5965854633473,21-40
s23,static,33,357,327.0,118.31531603625052,21-40
s23,updated,33,357,342.0,84.55909447169734,21-40
s23,restructured,33,357,342.0,82.16935480548868,21-40
s23,informed,33,357,342.0,83.18004077418746,21-40
s23,static,34,714,601.0,390.64454158156155,21-40
s23,updated,34,714,604.0,384.9326825450168,21-40
s23,restructured,34,714,604.0,384.9326825450168,21-40
s23,informed,34,714,594.0,385.86224651670864,21-40
s23,static,36,714,556.0,410.1942567394941,21-40
s23,updated,36,714,597.0,241.88996041160266,21-40
s23,restructured,36,714,597.0,241.88996041160266,21-40
s23,informed,36,714,625.0,222.38972515004997,21-40
s23,static,38,357,219.0,417.0527825500253,21-40
s23,updated,38,357,204.0,357.9473628398913,21-40
s23,restructured,38,357,204.0,357.9473628398913,21-40
s23,informed,38,357,218.0,318.06334796795284,21-40
s23,static,39,357,357.0,52.97015260311997,21-40
s23,updated,39,357,357.0,9.299300784521865,21-40
s23,restructured,39,357,357.0,9.299300784521865,21-40
s23,informed,39,357,357.0,3.7222122509513222,21-40
s23,static,40,357,233.0,346.3924551065917,21-40
s23,updated,40,357,232.0,303.1132225205652,21-40
s23,restructured,40,357,232.0,303.1132225205652,21-40
s23,informed,40,357,232.0,284.5360581720214,21-40
