fold,unseen_regime,nodes,false_alarm_runs,detected_runs,median_seconds_to_alarm,n_new_runs
1,none,target only,0.03125,0.13333333333333333,324.0,30
1,none,throughputs,0.03125,0.0,,30
1,none,all nodes,0.0625,0.13333333333333333,225.5,30
1,none,service 1,0.0625,0.0,,30
1,none,service 2,0.125,0.23333333333333334,217.0,30
1,none,service 3,0.03125,0.13333333333333333,227.0,30
1,s1,target only,0.13043478260869565,0.20833333333333334,39.0,48
1,s1,throughputs,0.13043478260869565,0.8125,32.0,48
1,s1,all nodes,0.13043478260869565,0.8125,33.0,48
1,s1,service 1,0.17391304347826086,0.9791666666666666,8.0,48
1,s1,service 2,0.13043478260869565,0.25,167.0,48
1,s1,service 3,0.17391304347826086,0.4583333333333333,187.0,48
1,s23,target only,0.05128205128205128,0.3125,142.0,16
1,s23,throughputs,0.07692307692307693,0.1875,88.0,16
1,s23,all nodes,0.0,0.1875,111.0,16
1,s23,service 1,0.0,0.0,,16
1,s23,service 2,0.05128205128205128,0.1875,114.0,16
1,s23,service 3,0.0,0.0,,16
2,none,target only,0.0,0.038461538461538464,187.0,26
2,none,throughputs,0.0,0.0,,26
2,none,all nodes,0.0,0.19230769230769232,145.0,26
2,none,service 1,0.0,0.0,,26
2,none,service 2,0.058823529411764705,0.2692307692307692,135.0,26
2,none,service 3,0.0,0.23076923076923078,283.5,26
2,s1,target only,0.1,0.4444444444444444,93.0,54
2,s1,throughputs,0.05,0.8888888888888888,18.0,54
2,s1,all nodes,0.05,0.9629629629629629,39.0,54
2,s1,service 1,0.15,1.0,2.0,54
2,s1,service 2,0.05,0.2777777777777778,141.0,54
2,s1,service 3,0.0,0.2777777777777778,69.0,54
2,s23,target only,0.0,0.3076923076923077,246.5,13
2,s23,throughputs,0.0,0.0,,13
2,s23,all nodes,0.0,0.07692307692307693,195.0,13
2,s23,service 1,0.0,0.0,,13
2,s23,service 2,0.0,0.15384615384615385,212.5,13
2,s23,service 3,0.0,0.0,,13
3,none,target only,0.02857142857142857,0.75,90.5,24
3,none,throughputs,0.02857142857142857,0.875,198.0,24
3,none,all nodes,0.0,0.25,189.5,24
3,none,service 1,0.08571428571428572,0.08333333333333333,1.0,24
3,none,service 2,0.0,0.20833333333333334,242.0,24
3,none,service 3,0.02857142857142857,0.5,205.5,24
3,s1,target only,0.0,0.16981132075471697,35.0,53
3,s1,throughputs,0.0,0.9811320754716981,12.0,53
3,s1,all nodes,0.0,1.0,21.0,53
3,s1,service 1,0.05,1.0,1.0,53
3,s1,service 2,0.0,0.32075471698113206,56.0,53
3,s1,service 3,0.0,0.18867924528301888,80.5,53
3,s23,target only,0.1794871794871795,0.375,168.0,16
3,s23,throughputs,0.2564102564102564,0.6875,122.0,16
3,s23,all nodes,0.10256410256410256,0.375,209.5,16
3,s23,service 1,0.07692307692307693,0.3125,181.0,16
3,s23,service 2,0.0,0.1875,91.0,16
3,s23,service 3,0.20512820512820512,0.375,160.5,16
4,none,target only,0.12903225806451613,0.6363636363636364,190.0,33
4,none,throughputs,0.0,0.030303030303030304,355.0,33
4,none,all nodes,0.0,0.45454545454545453,212.0,33
4,none,service 1,0.03225806451612903,0.0,,33
4,none,service 2,0.0,0.0,,33
4,none,service 3,0.03225806451612903,0.6060606060606061,99.0,33
4,s1,target only,0.2916666666666667,0.8478260869565217,18.0,46
4,s1,throughputs,0.3333333333333333,0.9347826086956522,2.0,46
4,s1,all nodes,0.25,1.0,4.0,46
4,s1,service 1,0.08333333333333333,1.0,1.0,46
4,s1,service 2,0.041666666666666664,0.45652173913043476,55.0,46
4,s1,service 3,0.3333333333333333,0.7391304347826086,58.0,46
4,s23,target only,0.0,0.0,,15
4,s23,throughputs,0.0,0.0,,15
4,s23,all nodes,0.0,0.0,,15
4,s23,service 1,0.025,0.0,,15
4,s23,service 2,0.0,0.0,,15
4,s23,service 3,0.0,0.0,,15
5,none,target only,0.11428571428571428,0.125,238.0,24
5,none,throughputs,0.05714285714285714,0.8333333333333334,103.0,24
5,none,all nodes,0.0,0.8333333333333334,60.0,24
5,none,service 1,0.02857142857142857,0.0,,24
5,none,service 2,0.05714285714285714,0.875,66.0,24
5,none,service 3,0.02857142857142857,0.7916666666666666,67.0,24
5,s1,target only,0.0,0.4067796610169492,161.0,59
5,s1,throughputs,0.058823529411764705,1.0,10.0,59
5,s1,all nodes,0.058823529411764705,1.0,8.0,59
5,s1,service 1,0.0,1.0,2.0,59
5,s1,service 2,0.0,0.3728813559322034,60.5,59
5,s1,service 3,0.0,0.3728813559322034,187.5,59
5,s23,target only,0.023809523809523808,0.3,200.0,10
5,s23,throughputs,0.023809523809523808,0.3,81.0,10
5,s23,all nodes,0.11904761904761904,0.4,1.0,10
5,s23,service 1,0.11904761904761904,0.0,,10
5,s23,service 2,0.023809523809523808,0.0,,10
5,s23,service 3,0.0,0.2,106.5,10
