dataset,target,K,n_bins,fs,disc,score,folds_ok,time_s,accuracy,f1,log_loss,ar_dbn_accuracy,static_bn_accuracy,gain
20260313_192652,throughput_3,4,4,markov,classic_uniform,bic,5,16.2,0.929,0.89,0.2879,0.927,0.933,0.0020000000000000018
20260313_192652,throughput_3,4,10,markov,classic_uniform,bic,5,14.6,0.875,0.763,0.5899,0.875,0.867,0.0
20260313_192652,throughput_3,4,20,markov,classic_uniform,bic,5,14.2,0.825,0.618,0.8811,0.824,0.834,0.0010000000000000009
20260313_192652,throughput_3,4,4,markov,classic_uniform,aic,5,40.3,0.928,0.89,0.2566,0.927,0.913,0.0010000000000000009
20260313_192652,throughput_3,4,10,markov,classic_uniform,aic,5,29.1,0.876,0.764,0.562,0.875,0.909,0.0010000000000000009
20260313_192652,throughput_3,4,20,markov,classic_uniform,aic,5,33.7,0.824,0.617,0.8738,0.824,0.831,0.0
20260313_192652,throughput_3,4,4,markov,classic_quantile,bic,5,24.1,0.901,0.899,0.3788,0.9,0.866,0.0010000000000000009
20260313_192652,throughput_3,4,10,markov,classic_quantile,bic,5,20.5,0.793,0.779,0.8582,0.793,0.756,0.0
20260313_192652,throughput_3,4,20,markov,classic_quantile,bic,5,15.9,0.673,0.634,1.2725,0.67,0.661,0.0030000000000000027
20260313_192652,throughput_3,4,4,markov,classic_quantile,aic,5,50.4,0.902,0.9,0.3504,0.9,0.862,0.0020000000000000018
20260313_192652,throughput_3,4,10,markov,classic_quantile,aic,5,38.7,0.796,0.782,0.7727,0.793,0.766,0.0030000000000000027
20260313_192652,throughput_3,4,20,markov,classic_quantile,aic,5,37.8,0.675,0.641,1.2857,0.67,0.691,0.0050000000000000044
20260313_192652,throughput_3,4,4,markov,kmeans,bic,5,19.4,0.934,0.893,0.2751,0.932,0.929,0.0020000000000000018
20260313_192652,throughput_3,4,10,markov,kmeans,bic,5,17.9,0.878,0.773,0.5846,0.878,0.862,0.0
20260313_192652,throughput_3,4,20,markov,kmeans,bic,5,18.6,0.812,0.614,0.9108,0.811,0.833,0.0010000000000000009
20260313_192652,throughput_3,4,4,markov,kmeans,aic,5,50.1,0.933,0.892,0.2453,0.932,0.926,0.0010000000000000009
20260313_192652,throughput_3,4,10,markov,kmeans,aic,5,39.9,0.879,0.773,0.562,0.878,0.92,0.0010000000000000009
20260313_192652,throughput_3,4,20,markov,kmeans,aic,5,34.1,0.812,0.614,0.917,0.811,0.839,0.0010000000000000009
20260313_192652,throughput_3,4,4,markov,decision_tree,bic,5,18.1,0.901,0.899,0.3817,0.9,0.895,0.0010000000000000009
20260313_192652,throughput_3,4,10,markov,decision_tree,bic,5,17.3,0.793,0.779,0.8613,0.793,0.85,0.0
20260313_192652,throughput_3,4,20,markov,decision_tree,bic,5,18.2,0.672,0.636,1.2973,0.67,0.797,0.0020000000000000018
20260313_192652,throughput_3,4,4,markov,decision_tree,aic,5,50.0,0.902,0.9,0.3471,0.9,0.921,0.0020000000000000018
20260313_192652,throughput_3,4,10,markov,decision_tree,aic,5,36.8,0.795,0.78,0.7781,0.793,0.863,0.0020000000000000018
20260313_192652,throughput_3,4,20,markov,decision_tree,aic,5,33.7,0.678,0.641,1.2936,0.67,0.792,0.008000000000000007
20260313_192652,throughput_3,4,4,markov,gmm,bic,5,18.2,0.923,0.894,0.3153,0.92,0.878,0.0030000000000000027
20260313_192652,throughput_3,4,10,markov,gmm,bic,5,15.8,0.876,0.81,0.6133,0.876,0.799,0.0
20260313_192652,throughput_3,4,20,markov,gmm,bic,5,15.9,0.809,0.7,0.9508,0.807,0.775,0.0020000000000000018
20260313_192652,throughput_3,4,4,markov,gmm,aic,5,43.1,0.924,0.895,0.2824,0.92,0.887,0.0040000000000000036
20260313_192652,throughput_3,4,10,markov,gmm,aic,5,32.2,0.877,0.811,0.5749,0.876,0.791,0.0010000000000000009
20260313_192652,throughput_3,4,20,markov,gmm,aic,5,30.2,0.808,0.7,0.9446,0.807,0.773,0.0010000000000000009
20260313_192652,throughput_3,4,4,markov,mdlp,bic,5,16.9,0.901,0.899,0.3844,0.9,0.801,0.0010000000000000009
20260313_192652,throughput_3,4,10,markov,mdlp,bic,5,15.2,0.793,0.779,0.8625,0.793,0.647,0.0
20260313_192652,throughput_3,4,20,markov,mdlp,bic,5,15.3,0.665,0.632,1.2845,0.67,0.626,-0.0050000000000000044
20260313_192652,throughput_3,4,4,markov,mdlp,aic,5,44.7,0.902,0.9,0.3498,0.9,0.827,0.0020000000000000018
20260313_192652,throughput_3,4,10,markov,mdlp,aic,5,34.2,0.8,0.787,0.7839,0.793,0.748,0.007000000000000006
20260313_192652,throughput_3,4,20,markov,mdlp,aic,5,32.9,0.68,0.642,1.2263,0.67,0.574,0.010000000000000009
20260313_192652,throughput_3,4,4,mrmr,classic_uniform,bic,5,14.2,0.928,0.888,0.2896,0.927,0.935,0.0010000000000000009
20260313_192652,throughput_3,4,10,mrmr,classic_uniform,bic,5,15.0,0.875,0.763,0.5899,0.875,0.864,0.0
20260313_192652,throughput_3,4,20,mrmr,classic_uniform,bic,5,15.6,0.825,0.618,0.8811,0.824,0.823,0.0010000000000000009
20260313_192652,throughput_3,4,4,mrmr,classic_uniform,aic,5,20.6,0.929,0.889,0.2561,0.927,0.928,0.0020000000000000018
20260313_192652,throughput_3,4,10,mrmr,classic_uniform,aic,5,17.8,0.876,0.764,0.562,0.875,0.898,0.0010000000000000009
20260313_192652,throughput_3,4,20,mrmr,classic_uniform,aic,5,17.2,0.824,0.617,0.8738,0.824,0.85,0.0
20260313_192652,throughput_3,4,4,mrmr,classic_quantile,bic,5,16.2,0.901,0.899,0.3788,0.9,0.868,0.0010000000000000009
20260313_192652,throughput_3,4,10,mrmr,classic_quantile,bic,5,16.6,0.793,0.779,0.8582,0.793,0.766,0.0
20260313_192652,throughput_3,4,20,mrmr,classic_quantile,bic,5,17.1,0.673,0.634,1.2725,0.67,0.687,0.0030000000000000027
20260313_192652,throughput_3,4,4,mrmr,classic_quantile,aic,5,23.6,0.902,0.9,0.3497,0.9,0.879,0.0020000000000000018
20260313_192652,throughput_3,4,10,mrmr,classic_quantile,aic,5,21.2,0.796,0.782,0.7727,0.793,0.773,0.0030000000000000027
20260313_192652,throughput_3,4,20,mrmr,classic_quantile,aic,5,19.8,0.675,0.641,1.2857,0.67,0.671,0.0050000000000000044
20260313_192652,throughput_3,4,4,mrmr,kmeans,bic,5,17.6,0.934,0.892,0.2753,0.932,0.948,0.0020000000000000018
20260313_192652,throughput_3,4,10,mrmr,kmeans,bic,5,15.2,0.878,0.773,0.5846,0.878,0.877,0.0
20260313_192652,throughput_3,4,20,mrmr,kmeans,bic,5,15.5,0.812,0.614,0.9108,0.811,0.821,0.0010000000000000009
20260313_192652,throughput_3,4,4,mrmr,kmeans,aic,5,21.2,0.934,0.893,0.2382,0.932,0.948,0.0020000000000000018
20260313_192652,throughput_3,4,10,mrmr,kmeans,aic,5,19.9,0.879,0.773,0.562,0.878,0.893,0.0010000000000000009
20260313_192652,throughput_3,4,20,mrmr,kmeans,aic,5,18.5,0.812,0.614,0.917,0.811,0.837,0.0010000000000000009
20260313_192652,throughput_3,4,4,mrmr,decision_tree,bic,5,15.5,0.901,0.899,0.3821,0.9,0.903,0.0010000000000000009
20260313_192652,throughput_3,4,10,mrmr,decision_tree,bic,5,14.5,0.793,0.779,0.8613,0.793,0.855,0.0
20260313_192652,throughput_3,4,20,mrmr,decision_tree,bic,5,14.4,0.672,0.636,1.2973,0.67,0.791,0.0020000000000000018
20260313_192652,throughput_3,4,4,mrmr,decision_tree,aic,5,18.6,0.902,0.899,0.3593,0.9,0.913,0.0020000000000000018
20260313_192652,throughput_3,4,10,mrmr,decision_tree,aic,5,17.3,0.795,0.78,0.7781,0.793,0.864,0.0020000000000000018
20260313_192652,throughput_3,4,20,mrmr,decision_tree,aic,5,15.6,0.678,0.641,1.2936,0.67,0.803,0.008000000000000007
20260313_192652,throughput_3,4,4,mrmr,gmm,bic,5,14.4,0.922,0.894,0.3267,0.92,0.898,0.0020000000000000018
20260313_192652,throughput_3,4,10,mrmr,gmm,bic,5,14.4,0.876,0.81,0.6133,0.876,0.801,0.0
20260313_192652,throughput_3,4,20,mrmr,gmm,bic,5,15.2,0.809,0.7,0.9508,0.807,0.759,0.0020000000000000018
20260313_192652,throughput_3,4,4,mrmr,gmm,aic,5,19.8,0.924,0.895,0.2769,0.92,0.884,0.0040000000000000036
20260313_192652,throughput_3,4,10,mrmr,gmm,aic,5,17.4,0.877,0.811,0.5761,0.876,0.819,0.0010000000000000009
20260313_192652,throughput_3,4,20,mrmr,gmm,aic,5,16.4,0.808,0.7,0.9446,0.807,0.787,0.0010000000000000009
20260313_192652,throughput_3,4,4,mrmr,mdlp,bic,5,14.9,0.902,0.9,0.384,0.9,0.766,0.0020000000000000018
20260313_192652,throughput_3,4,10,mrmr,mdlp,bic,5,14.7,0.793,0.779,0.8625,0.793,0.629,0.0
20260313_192652,throughput_3,4,20,mrmr,mdlp,bic,5,14.6,0.663,0.629,1.2853,0.67,0.552,-0.007000000000000006
20260313_192652,throughput_3,4,4,mrmr,mdlp,aic,5,19.0,0.902,0.9,0.3498,0.9,0.796,0.0020000000000000018
20260313_192652,throughput_3,4,10,mrmr,mdlp,aic,5,18.8,0.798,0.785,0.7803,0.793,0.732,0.0050000000000000044
20260313_192652,throughput_3,4,20,mrmr,mdlp,aic,5,18.7,0.675,0.64,1.2881,0.67,0.517,0.0050000000000000044
20260313_192652,throughput_3,8,4,markov,classic_uniform,bic,5,22.3,0.929,0.89,0.2879,0.927,0.93,0.0020000000000000018
20260313_192652,throughput_3,8,10,markov,classic_uniform,bic,5,19.8,0.875,0.763,0.5899,0.875,0.871,0.0
20260313_192652,throughput_3,8,20,markov,classic_uniform,bic,5,20.6,0.825,0.618,0.8811,0.824,0.831,0.0010000000000000009
20260313_192652,throughput_3,8,4,markov,classic_uniform,aic,5,54.8,0.928,0.89,0.2581,0.927,0.915,0.0010000000000000009
20260313_192652,throughput_3,8,10,markov,classic_uniform,aic,5,43.0,0.876,0.764,0.5588,0.875,0.907,0.0010000000000000009
20260313_192652,throughput_3,8,20,markov,classic_uniform,aic,5,40.1,0.824,0.617,0.8738,0.824,0.828,0.0
20260313_192652,throughput_3,8,4,markov,classic_quantile,bic,5,28.3,0.901,0.899,0.3788,0.9,0.863,0.0010000000000000009
20260313_192652,throughput_3,8,10,markov,classic_quantile,bic,5,25.7,0.793,0.779,0.8582,0.793,0.751,0.0
20260313_192652,throughput_3,8,20,markov,classic_quantile,bic,5,23.6,0.673,0.634,1.2725,0.67,0.661,0.0030000000000000027
20260313_192652,throughput_3,8,4,markov,classic_quantile,aic,5,68.5,0.902,0.9,0.3504,0.9,0.866,0.0020000000000000018
20260313_192652,throughput_3,8,10,markov,classic_quantile,aic,5,47.8,0.796,0.782,0.7727,0.793,0.773,0.0030000000000000027
20260313_192652,throughput_3,8,20,markov,classic_quantile,aic,5,36.2,0.675,0.641,1.2857,0.67,0.682,0.0050000000000000044
20260313_192652,throughput_3,8,4,markov,kmeans,bic,5,20.6,0.934,0.893,0.2737,0.932,0.927,0.0020000000000000018
20260313_192652,throughput_3,8,10,markov,kmeans,bic,5,19.1,0.878,0.773,0.5846,0.878,0.856,0.0
20260313_192652,throughput_3,8,20,markov,kmeans,bic,5,19.3,0.812,0.614,0.9108,0.811,0.832,0.0010000000000000009
20260313_192652,throughput_3,8,4,markov,kmeans,aic,5,48.5,0.933,0.892,0.2453,0.932,0.918,0.0010000000000000009
20260313_192652,throughput_3,8,10,markov,kmeans,aic,5,37.1,0.879,0.773,0.562,0.878,0.916,0.0010000000000000009
20260313_192652,throughput_3,8,20,markov,kmeans,aic,5,33.9,0.812,0.614,0.917,0.811,0.831,0.0010000000000000009
20260313_192652,throughput_3,8,4,markov,decision_tree,bic,5,19.1,0.901,0.899,0.3817,0.9,0.898,0.0010000000000000009
20260313_192652,throughput_3,8,10,markov,decision_tree,bic,5,16.9,0.793,0.779,0.8613,0.793,0.841,0.0
20260313_192652,throughput_3,8,20,markov,decision_tree,bic,5,17.6,0.672,0.636,1.2973,0.67,0.802,0.0020000000000000018
20260313_192652,throughput_3,8,4,markov,decision_tree,aic,5,44.9,0.902,0.9,0.3482,0.9,0.928,0.0020000000000000018
20260313_192652,throughput_3,8,10,markov,decision_tree,aic,5,34.4,0.795,0.78,0.7781,0.793,0.866,0.0020000000000000018
20260313_192652,throughput_3,8,20,markov,decision_tree,aic,5,32.0,0.678,0.641,1.2936,0.67,0.816,0.008000000000000007
20260313_192652,throughput_3,8,4,markov,gmm,bic,5,20.3,0.923,0.894,0.3153,0.92,0.893,0.0030000000000000027
20260313_192652,throughput_3,8,10,markov,gmm,bic,5,18.5,0.876,0.81,0.6133,0.876,0.755,0.0
20260313_192652,throughput_3,8,20,markov,gmm,bic,5,19.4,0.809,0.7,0.9508,0.807,0.767,0.0020000000000000018
20260313_192652,throughput_3,8,4,markov,gmm,aic,5,45.8,0.923,0.895,0.2839,0.92,0.893,0.0030000000000000027
20260313_192652,throughput_3,8,10,markov,gmm,aic,5,37.5,0.877,0.811,0.5759,0.876,0.806,0.0010000000000000009
20260313_192652,throughput_3,8,20,markov,gmm,aic,5,33.8,0.808,0.7,0.9446,0.807,0.77,0.0010000000000000009
20260313_192652,throughput_3,8,4,markov,mdlp,bic,5,20.0,0.901,0.899,0.3844,0.9,0.824,0.0010000000000000009
20260313_192652,throughput_3,8,10,markov,mdlp,bic,5,17.8,0.793,0.779,0.8625,0.793,0.654,0.0
20260313_192652,throughput_3,8,20,markov,mdlp,bic,5,18.2,0.665,0.632,1.2845,0.67,0.504,-0.0050000000000000044
20260313_192652,throughput_3,8,4,markov,mdlp,aic,5,44.2,0.902,0.9,0.3548,0.9,0.843,0.0020000000000000018
20260313_192652,throughput_3,8,10,markov,mdlp,aic,5,34.2,0.801,0.789,0.7812,0.793,0.753,0.008000000000000007
20260313_192652,throughput_3,8,20,markov,mdlp,aic,5,32.7,0.682,0.646,1.2505,0.67,0.533,0.01200000000000001
20260313_192652,throughput_3,8,4,mrmr,classic_uniform,bic,5,41.0,0.929,0.89,0.2879,0.927,0.936,0.0020000000000000018
20260313_192652,throughput_3,8,10,mrmr,classic_uniform,bic,5,40.9,0.875,0.763,0.5899,0.875,0.867,0.0
20260313_192652,throughput_3,8,20,mrmr,classic_uniform,bic,5,41.1,0.825,0.618,0.8811,0.824,0.831,0.0010000000000000009
20260313_192652,throughput_3,8,4,mrmr,classic_uniform,aic,5,48.8,0.928,0.89,0.2534,0.927,0.932,0.0010000000000000009
20260313_192652,throughput_3,8,10,mrmr,classic_uniform,aic,5,46.5,0.876,0.764,0.562,0.875,0.909,0.0010000000000000009
20260313_192652,throughput_3,8,20,mrmr,classic_uniform,aic,5,47.0,0.824,0.617,0.8738,0.824,0.868,0.0
20260313_192652,throughput_3,8,4,mrmr,classic_quantile,bic,5,41.2,0.901,0.899,0.3788,0.9,0.874,0.0010000000000000009
20260313_192652,throughput_3,8,10,mrmr,classic_quantile,bic,5,41.8,0.793,0.779,0.8582,0.793,0.753,0.0
20260313_192652,throughput_3,8,20,mrmr,classic_quantile,bic,5,42.1,0.673,0.634,1.2725,0.67,0.667,0.0030000000000000027
20260313_192652,throughput_3,8,4,mrmr,classic_quantile,aic,5,52.4,0.902,0.9,0.3516,0.9,0.877,0.0020000000000000018
20260313_192652,throughput_3,8,10,mrmr,classic_quantile,aic,5,49.6,0.796,0.782,0.7727,0.793,0.771,0.0030000000000000027
20260313_192652,throughput_3,8,20,mrmr,classic_quantile,aic,5,47.5,0.675,0.641,1.2857,0.67,0.695,0.0050000000000000044
20260313_192652,throughput_3,8,4,mrmr,kmeans,bic,5,41.8,0.934,0.893,0.2737,0.932,0.934,0.0020000000000000018
20260313_192652,throughput_3,8,10,mrmr,kmeans,bic,5,41.6,0.878,0.773,0.5846,0.878,0.874,0.0
20260313_192652,throughput_3,8,20,mrmr,kmeans,bic,5,41.5,0.812,0.614,0.9108,0.811,0.832,0.0010000000000000009
20260313_192652,throughput_3,8,4,mrmr,kmeans,aic,5,53.8,0.933,0.892,0.2445,0.932,0.948,0.0010000000000000009
20260313_192652,throughput_3,8,10,mrmr,kmeans,aic,5,59.3,0.879,0.773,0.562,0.878,0.93,0.0010000000000000009
20260313_192652,throughput_3,8,20,mrmr,kmeans,aic,5,46.5,0.812,0.614,0.917,0.811,0.831,0.0010000000000000009
20260319_094316,throughput_3,4,4,markov,classic_uniform,bic,5,16.1,0.917,0.878,0.3523,0.917,0.937,0.0
20260319_094316,throughput_3,4,10,markov,classic_uniform,bic,5,13.0,0.88,0.824,0.608,0.88,0.878,0.0
20260319_094316,throughput_3,4,20,markov,classic_uniform,bic,5,12.6,0.839,0.671,0.9186,0.836,0.819,0.0030000000000000027
20260319_094316,throughput_3,4,4,markov,classic_uniform,aic,5,42.1,0.917,0.878,0.3078,0.917,0.937,0.0
20260319_094316,throughput_3,4,10,markov,classic_uniform,aic,5,27.8,0.881,0.824,0.5924,0.88,0.882,0.0010000000000000009
20260319_094316,throughput_3,4,20,markov,classic_uniform,aic,5,30.7,0.837,0.664,0.9208,0.836,0.822,0.0010000000000000009
20260319_094316,throughput_3,4,4,markov,classic_quantile,bic,5,23.7,0.9,0.901,0.3997,0.9,0.865,0.0
20260319_094316,throughput_3,4,10,markov,classic_quantile,bic,5,19.3,0.806,0.793,0.8376,0.805,0.738,0.0010000000000000009
20260319_094316,throughput_3,4,20,markov,classic_quantile,bic,5,16.4,0.712,0.672,1.2067,0.713,0.649,-0.0010000000000000009
20260319_094316,throughput_3,4,4,markov,classic_quantile,aic,5,49.1,0.9,0.9,0.3596,0.9,0.875,0.0
20260319_094316,throughput_3,4,10,markov,classic_quantile,aic,5,37.3,0.808,0.796,0.7588,0.805,0.772,0.0030000000000000027
20260319_094316,throughput_3,4,20,markov,classic_quantile,aic,5,35.9,0.713,0.672,1.2174,0.713,0.659,0.0
20260319_094316,throughput_3,4,4,markov,kmeans,bic,5,19.5,0.925,0.886,0.3368,0.925,0.943,0.0
20260319_094316,throughput_3,4,10,markov,kmeans,bic,5,15.4,0.888,0.827,0.5856,0.888,0.84,0.0
20260319_094316,throughput_3,4,20,markov,kmeans,bic,5,16.5,0.83,0.684,0.9375,0.834,0.799,-0.0040000000000000036
20260319_094316,throughput_3,4,4,markov,kmeans,aic,5,53.6,0.923,0.884,0.3029,0.925,0.94,-0.0020000000000000018
20260319_094316,throughput_3,4,10,markov,kmeans,aic,5,36.4,0.889,0.827,0.5742,0.888,0.89,0.0010000000000000009
20260319_094316,throughput_3,4,20,markov,kmeans,aic,5,33.3,0.831,0.685,0.9585,0.834,0.8,-0.0030000000000000027
20260319_094316,throughput_3,4,4,markov,decision_tree,bic,5,18.9,0.9,0.9,0.4029,0.9,0.898,0.0
20260319_094316,throughput_3,4,10,markov,decision_tree,bic,5,14.8,0.806,0.793,0.84,0.805,0.823,0.0010000000000000009
20260319_094316,throughput_3,4,20,markov,decision_tree,bic,5,15.5,0.712,0.672,1.2067,0.713,0.784,-0.0010000000000000009
20260319_094316,throughput_3,4,4,markov,decision_tree,aic,5,52.1,0.9,0.9,0.3551,0.9,0.899,0.0
20260319_094316,throughput_3,4,10,markov,decision_tree,aic,5,33.4,0.808,0.795,0.7787,0.805,0.867,0.0030000000000000027
20260319_094316,throughput_3,4,20,markov,decision_tree,aic,5,31.8,0.713,0.672,1.2174,0.713,0.772,0.0
20260319_094316,throughput_3,4,4,markov,gmm,bic,5,20.6,0.914,0.897,0.3528,0.913,0.847,0.0010000000000000009
20260319_094316,throughput_3,4,10,markov,gmm,bic,5,15.5,0.877,0.841,0.6557,0.877,0.74,0.0
20260319_094316,throughput_3,4,20,markov,gmm,bic,5,14.6,0.854,0.763,0.8889,0.854,0.789,0.0
20260319_094316,throughput_3,4,4,markov,gmm,aic,5,46.4,0.913,0.896,0.33,0.913,0.886,0.0
20260319_094316,throughput_3,4,10,markov,gmm,aic,5,30.8,0.877,0.841,0.6006,0.877,0.758,0.0
20260319_094316,throughput_3,4,20,markov,gmm,aic,5,27.4,0.855,0.763,0.9028,0.854,0.779,0.0010000000000000009
20260319_094316,throughput_3,4,4,markov,mdlp,bic,5,18.4,0.901,0.901,0.3929,0.9,0.792,0.0010000000000000009
20260319_094316,throughput_3,4,10,markov,mdlp,bic,5,14.6,0.806,0.793,0.8375,0.805,0.692,0.0010000000000000009
20260319_094316,throughput_3,4,20,markov,mdlp,bic,5,14.0,0.712,0.672,1.2067,0.713,0.618,-0.0010000000000000009
20260319_094316,throughput_3,4,4,markov,mdlp,aic,5,44.7,0.901,0.901,0.3488,0.9,0.83,0.0010000000000000009
20260319_094316,throughput_3,4,10,markov,mdlp,aic,5,30.8,0.808,0.797,0.7565,0.805,0.688,0.0030000000000000027
20260319_094316,throughput_3,4,20,markov,mdlp,aic,5,30.1,0.713,0.672,1.2174,0.713,0.588,0.0
20260319_094316,throughput_3,4,4,mrmr,classic_uniform,bic,5,15.3,0.917,0.878,0.3412,0.917,0.922,0.0
20260319_094316,throughput_3,4,10,mrmr,classic_uniform,bic,5,14.1,0.88,0.824,0.608,0.88,0.877,0.0
20260319_094316,throughput_3,4,20,mrmr,classic_uniform,bic,5,13.0,0.839,0.671,0.9186,0.836,0.814,0.0030000000000000027
20260319_094316,throughput_3,4,4,mrmr,classic_uniform,aic,5,18.7,0.917,0.878,0.3078,0.917,0.952,0.0
20260319_094316,throughput_3,4,10,mrmr,classic_uniform,aic,5,18.1,0.881,0.824,0.5933,0.88,0.893,0.0010000000000000009
20260319_094316,throughput_3,4,20,mrmr,classic_uniform,aic,5,17.3,0.837,0.664,0.9208,0.836,0.849,0.0010000000000000009
20260319_094316,throughput_3,4,4,mrmr,classic_quantile,bic,5,14.8,0.9,0.901,0.3997,0.9,0.868,0.0
20260319_094316,throughput_3,4,10,mrmr,classic_quantile,bic,5,14.2,0.806,0.793,0.8376,0.805,0.74,0.0010000000000000009
20260319_094316,throughput_3,4,20,mrmr,classic_quantile,bic,5,15.2,0.712,0.672,1.2067,0.713,0.648,-0.0010000000000000009
20260319_094316,throughput_3,4,4,mrmr,classic_quantile,aic,5,22.5,0.9,0.9,0.3623,0.9,0.869,0.0
20260319_094316,throughput_3,4,10,mrmr,classic_quantile,aic,5,20.6,0.808,0.796,0.7588,0.805,0.725,0.0030000000000000027
20260319_094316,throughput_3,4,20,mrmr,classic_quantile,aic,5,16.1,0.713,0.672,1.2174,0.713,0.653,0.0
20260319_094316,throughput_3,4,4,mrmr,kmeans,bic,5,15.0,0.925,0.886,0.3317,0.925,0.915,0.0
20260319_094316,throughput_3,4,10,mrmr,kmeans,bic,5,15.7,0.888,0.827,0.5856,0.888,0.846,0.0
20260319_094316,throughput_3,4,20,mrmr,kmeans,bic,5,15.6,0.83,0.684,0.9375,0.834,0.775,-0.0040000000000000036
20260319_094316,throughput_3,4,4,mrmr,kmeans,aic,5,22.5,0.925,0.886,0.2972,0.925,0.934,0.0
20260319_094316,throughput_3,4,10,mrmr,kmeans,aic,5,17.6,0.889,0.827,0.5742,0.888,0.857,0.0010000000000000009
20260319_094316,throughput_3,4,20,mrmr,kmeans,aic,5,17.3,0.831,0.685,0.9585,0.834,0.8,-0.0030000000000000027
20260319_094316,throughput_3,4,4,mrmr,decision_tree,bic,5,16.5,0.9,0.9,0.4029,0.9,0.896,0.0
20260319_094316,throughput_3,4,10,mrmr,decision_tree,bic,5,15.8,0.806,0.793,0.84,0.805,0.827,0.0010000000000000009
20260319_094316,throughput_3,4,20,mrmr,decision_tree,bic,5,15.8,0.712,0.672,1.2067,0.713,0.767,-0.0010000000000000009
20260319_094316,throughput_3,4,4,mrmr,decision_tree,aic,5,20.6,0.9,0.9,0.3629,0.9,0.913,0.0
20260319_094316,throughput_3,4,10,mrmr,decision_tree,aic,5,17.5,0.808,0.795,0.7787,0.805,0.872,0.0030000000000000027
20260319_094316,throughput_3,4,20,mrmr,decision_tree,aic,5,15.2,0.713,0.672,1.2174,0.713,0.784,0.0
20260319_094316,throughput_3,4,4,mrmr,gmm,bic,5,14.0,0.914,0.897,0.3535,0.913,0.886,0.0010000000000000009
20260319_094316,throughput_3,4,10,mrmr,gmm,bic,5,13.5,0.877,0.841,0.6535,0.877,0.736,0.0
20260319_094316,throughput_3,4,20,mrmr,gmm,bic,5,13.5,0.854,0.763,0.8889,0.854,0.768,0.0
20260319_094316,throughput_3,4,4,mrmr,gmm,aic,5,19.7,0.913,0.896,0.3298,0.913,0.871,0.0
20260319_094316,throughput_3,4,10,mrmr,gmm,aic,5,17.8,0.877,0.841,0.6008,0.877,0.781,0.0
20260319_094316,throughput_3,4,20,mrmr,gmm,aic,5,16.2,0.855,0.763,0.9028,0.854,0.779,0.0010000000000000009
20260319_094316,throughput_3,4,4,mrmr,mdlp,bic,5,15.4,0.901,0.901,0.3889,0.9,0.784,0.0010000000000000009
20260319_094316,throughput_3,4,10,mrmr,mdlp,bic,5,14.4,0.806,0.793,0.8375,0.805,0.596,0.0010000000000000009
20260319_094316,throughput_3,4,20,mrmr,mdlp,bic,5,14.3,0.712,0.672,1.2067,0.713,0.566,-0.0010000000000000009
20260319_094316,throughput_3,4,4,mrmr,mdlp,aic,5,18.0,0.902,0.902,0.3456,0.9,0.818,0.0020000000000000018
20260319_094316,throughput_3,4,10,mrmr,mdlp,aic,5,17.0,0.808,0.797,0.7603,0.805,0.636,0.0030000000000000027
20260319_094316,throughput_3,4,20,mrmr,mdlp,aic,5,16.0,0.713,0.672,1.2174,0.713,0.568,0.0
20260319_094316,throughput_3,8,4,markov,classic_uniform,bic,5,19.4,0.917,0.878,0.3523,0.917,0.939,0.0
20260319_094316,throughput_3,8,10,markov,classic_uniform,bic,5,18.0,0.88,0.824,0.608,0.88,0.878,0.0
20260319_094316,throughput_3,8,20,markov,classic_uniform,bic,5,18.3,0.839,0.671,0.9186,0.836,0.824,0.0030000000000000027
20260319_094316,throughput_3,8,4,markov,classic_uniform,aic,5,56.1,0.917,0.878,0.3078,0.917,0.938,0.0
20260319_094316,throughput_3,8,10,markov,classic_uniform,aic,5,40.2,0.881,0.824,0.5924,0.88,0.903,0.0010000000000000009
20260319_094316,throughput_3,8,20,markov,classic_uniform,aic,5,34.4,0.837,0.664,0.9208,0.836,0.864,0.0010000000000000009
20260319_094316,throughput_3,8,4,markov,classic_quantile,bic,5,27.4,0.9,0.901,0.3997,0.9,0.863,0.0
20260319_094316,throughput_3,8,10,markov,classic_quantile,bic,5,23.5,0.806,0.793,0.8376,0.805,0.746,0.0010000000000000009
20260319_094316,throughput_3,8,20,markov,classic_quantile,bic,5,20.2,0.712,0.672,1.2067,0.713,0.649,-0.0010000000000000009
20260319_094316,throughput_3,8,4,markov,classic_quantile,aic,5,70.0,0.9,0.9,0.3596,0.9,0.877,0.0
20260319_094316,throughput_3,8,10,markov,classic_quantile,aic,5,47.4,0.808,0.796,0.7588,0.805,0.772,0.0030000000000000027
20260319_094316,throughput_3,8,20,markov,classic_quantile,aic,5,40.9,0.713,0.672,1.2174,0.713,0.662,0.0
20260319_094316,throughput_3,8,4,markov,kmeans,bic,5,21.2,0.925,0.886,0.3368,0.925,0.943,0.0
20260319_094316,throughput_3,8,10,markov,kmeans,bic,5,17.3,0.888,0.827,0.5856,0.888,0.862,0.0
20260319_094316,throughput_3,8,20,markov,kmeans,bic,5,16.7,0.83,0.684,0.9375,0.834,0.802,-0.0040000000000000036
20260319_094316,throughput_3,8,4,markov,kmeans,aic,5,50.2,0.923,0.884,0.3029,0.925,0.949,-0.0020000000000000018
20260319_094316,throughput_3,8,10,markov,kmeans,aic,5,36.0,0.889,0.827,0.5742,0.888,0.89,0.0010000000000000009
20260319_094316,throughput_3,8,20,markov,kmeans,aic,5,31.3,0.831,0.685,0.9585,0.834,0.807,-0.0030000000000000027
20260319_094316,throughput_3,8,4,markov,decision_tree,bic,5,19.5,0.9,0.9,0.4029,0.9,0.899,0.0
20260319_094316,throughput_3,8,10,markov,decision_tree,bic,5,16.4,0.806,0.793,0.84,0.805,0.84,0.0010000000000000009
20260319_094316,throughput_3,8,20,markov,decision_tree,bic,5,17.2,0.712,0.672,1.2067,0.713,0.777,-0.0010000000000000009
20260319_094316,throughput_3,8,4,markov,decision_tree,aic,5,45.1,0.9,0.9,0.3588,0.9,0.899,0.0
20260319_094316,throughput_3,8,10,markov,decision_tree,aic,5,31.4,0.808,0.795,0.7787,0.805,0.87,0.0030000000000000027
20260319_094316,throughput_3,8,20,markov,decision_tree,aic,5,29.2,0.713,0.672,1.2174,0.713,0.792,0.0
20260319_094316,throughput_3,8,4,markov,gmm,bic,5,18.0,0.914,0.897,0.3528,0.913,0.871,0.0010000000000000009
20260319_094316,throughput_3,8,10,markov,gmm,bic,5,15.8,0.877,0.841,0.6557,0.877,0.745,0.0
20260319_094316,throughput_3,8,20,markov,gmm,bic,5,16.1,0.854,0.763,0.8889,0.854,0.811,0.0
20260319_094316,throughput_3,8,4,markov,gmm,aic,5,46.1,0.913,0.896,0.3278,0.913,0.898,0.0
20260319_094316,throughput_3,8,10,markov,gmm,aic,5,33.8,0.877,0.841,0.6006,0.877,0.758,0.0
20260319_094316,throughput_3,8,20,markov,gmm,aic,5,31.3,0.855,0.763,0.9028,0.854,0.808,0.0010000000000000009
20260319_094316,throughput_3,8,4,markov,mdlp,bic,5,19.5,0.901,0.901,0.3929,0.9,0.823,0.0010000000000000009
20260319_094316,throughput_3,8,10,markov,mdlp,bic,5,17.4,0.806,0.793,0.8375,0.805,0.701,0.0010000000000000009
20260319_094316,throughput_3,8,20,markov,mdlp,bic,5,17.7,0.712,0.672,1.2067,0.713,0.656,-0.0010000000000000009
20260319_094316,throughput_3,8,4,markov,mdlp,aic,5,45.1,0.901,0.901,0.3488,0.9,0.835,0.0010000000000000009
20260319_094316,throughput_3,8,10,markov,mdlp,aic,5,32.6,0.808,0.797,0.7565,0.805,0.71,0.0030000000000000027
20260319_094316,throughput_3,8,20,markov,mdlp,aic,5,29.9,0.713,0.672,1.2174,0.713,0.593,0.0
20260319_094316,throughput_3,8,4,mrmr,classic_uniform,bic,5,39.0,0.917,0.878,0.3523,0.917,0.948,0.0
20260319_094316,throughput_3,8,10,mrmr,classic_uniform,bic,5,38.7,0.88,0.824,0.608,0.88,0.874,0.0
20260319_094316,throughput_3,8,20,mrmr,classic_uniform,bic,5,38.5,0.839,0.671,0.9186,0.836,0.819,0.0030000000000000027
20260319_094316,throughput_3,8,4,mrmr,classic_uniform,aic,5,48.2,0.917,0.878,0.3078,0.917,0.957,0.0
20260319_094316,throughput_3,8,10,mrmr,classic_uniform,aic,5,44.7,0.881,0.824,0.5924,0.88,0.896,0.0010000000000000009
20260319_094316,throughput_3,8,20,mrmr,classic_uniform,aic,5,43.8,0.837,0.664,0.9208,0.836,0.862,0.0010000000000000009
20260319_094316,throughput_3,8,4,mrmr,classic_quantile,bic,5,40.5,0.9,0.901,0.3997,0.9,0.856,0.0
20260319_094316,throughput_3,8,10,mrmr,classic_quantile,bic,5,39.4,0.806,0.793,0.8376,0.805,0.746,0.0010000000000000009
20260319_094316,throughput_3,8,20,mrmr,classic_quantile,bic,5,41.9,0.712,0.672,1.2067,0.713,0.662,-0.0010000000000000009
20260319_094316,throughput_3,8,4,mrmr,classic_quantile,aic,5,51.1,0.9,0.9,0.3606,0.9,0.87,0.0
20260319_094316,throughput_3,8,10,mrmr,classic_quantile,aic,5,46.8,0.808,0.796,0.7588,0.805,0.775,0.0030000000000000027
20260319_094316,throughput_3,8,20,mrmr,classic_quantile,aic,5,44.9,0.713,0.672,1.2174,0.713,0.668,0.0
20260319_094316,throughput_3,8,4,mrmr,kmeans,bic,5,39.8,0.925,0.886,0.3371,0.925,0.936,0.0
20260319_094316,throughput_3,8,10,mrmr,kmeans,bic,5,40.2,0.888,0.827,0.5856,0.888,0.843,0.0
20260319_094316,throughput_3,8,20,mrmr,kmeans,bic,5,40.1,0.83,0.684,0.9375,0.834,0.807,-0.0040000000000000036
20260319_094316,throughput_3,8,4,mrmr,kmeans,aic,5,48.8,0.923,0.884,0.3028,0.925,0.943,-0.0020000000000000018
20260319_094316,throughput_3,8,10,mrmr,kmeans,aic,5,45.2,0.889,0.827,0.5742,0.888,0.889,0.0010000000000000009
20260319_094316,throughput_3,8,20,mrmr,kmeans,aic,5,43.5,0.831,0.685,0.9585,0.834,0.804,-0.0030000000000000027
20260319_094316,throughput_3,8,4,mrmr,decision_tree,bic,5,47.8,0.9,0.9,0.4029,0.9,0.9,0.0
20260319_094316,throughput_3,8,10,mrmr,decision_tree,bic,5,50.5,0.806,0.793,0.84,0.805,0.84,0.0010000000000000009
20260319_094316,throughput_3,8,20,mrmr,decision_tree,bic,5,42.0,0.712,0.672,1.2067,0.713,0.786,-0.0010000000000000009
20260316_105011,throughput_3,4,4,markov,classic_uniform,bic,5,16.7,0.94,0.662,0.2382,0.936,0.933,0.0039999999999998925
20260316_105011,throughput_3,4,10,markov,classic_uniform,bic,5,14.6,0.911,0.563,0.4259,0.912,0.883,-0.0010000000000000009
20260316_105011,throughput_3,4,20,markov,classic_uniform,bic,5,13.8,0.882,0.513,0.6506,0.881,0.852,0.0010000000000000009
20260316_105011,throughput_3,4,4,markov,classic_uniform,aic,5,36.8,0.942,0.662,0.1973,0.936,0.94,0.005999999999999894
20260316_105011,throughput_3,4,10,markov,classic_uniform,aic,5,29.6,0.916,0.565,0.3806,0.912,0.914,0.0040000000000000036
20260316_105011,throughput_3,4,20,markov,classic_uniform,aic,5,31.0,0.882,0.513,0.6444,0.881,0.861,0.0010000000000000009
20260316_105011,throughput_3,4,4,markov,classic_quantile,bic,5,24.4,0.888,0.886,0.3892,0.883,0.841,0.0050000000000000044
20260316_105011,throughput_3,4,10,markov,classic_quantile,bic,5,20.9,0.825,0.79,0.7372,0.823,0.739,0.0020000000000000018
20260316_105011,throughput_3,4,20,markov,classic_quantile,bic,5,16.6,0.724,0.641,1.0497,0.72,0.681,0.0040000000000000036
20260316_105011,throughput_3,4,4,markov,classic_quantile,aic,5,48.5,0.884,0.883,0.3861,0.883,0.85,0.0010000000000000009
20260316_105011,throughput_3,4,10,markov,classic_quantile,aic,5,37.9,0.833,0.8,0.6318,0.823,0.761,0.010000000000000009
20260316_105011,throughput_3,4,20,markov,classic_quantile,aic,5,40.8,0.736,0.659,0.9926,0.72,0.696,0.016000000000000014
20260316_105011,throughput_3,4,4,markov,kmeans,bic,5,20.1,0.946,0.704,0.2105,0.939,0.955,0.007000000000000006
20260316_105011,throughput_3,4,10,markov,kmeans,bic,5,17.5,0.904,0.599,0.4834,0.902,0.87,0.0020000000000000018
20260316_105011,throughput_3,4,20,markov,kmeans,bic,5,17.7,0.866,0.535,0.6589,0.865,0.802,0.0010000000000000009
20260316_105011,throughput_3,4,4,markov,kmeans,aic,5,49.7,0.943,0.681,0.2034,0.939,0.959,0.0040000000000000036
20260316_105011,throughput_3,4,10,markov,kmeans,aic,5,36.8,0.909,0.598,0.4309,0.902,0.9,0.007000000000000006
20260316_105011,throughput_3,4,20,markov,kmeans,aic,5,34.4,0.867,0.543,0.711,0.865,0.802,0.0020000000000000018
20260316_105011,throughput_3,4,4,markov,decision_tree,bic,5,18.8,0.887,0.886,0.39,0.883,0.858,0.0040000000000000036
20260316_105011,throughput_3,4,10,markov,decision_tree,bic,5,16.6,0.827,0.793,0.7408,0.823,0.817,0.0040000000000000036
20260316_105011,throughput_3,4,20,markov,decision_tree,bic,5,17.0,0.724,0.642,1.05,0.72,0.785,0.0040000000000000036
20260316_105011,throughput_3,4,4,markov,decision_tree,aic,5,48.1,0.884,0.883,0.385,0.883,0.89,0.0010000000000000009
20260316_105011,throughput_3,4,10,markov,decision_tree,aic,5,37.3,0.832,0.799,0.6386,0.823,0.831,0.009000000000000008
20260316_105011,throughput_3,4,20,markov,decision_tree,aic,5,33.0,0.734,0.652,1.0492,0.72,0.789,0.014000000000000012
20260316_105011,throughput_3,4,4,markov,gmm,bic,5,19.3,0.922,0.873,0.2862,0.918,0.836,0.0040000000000000036
20260316_105011,throughput_3,4,10,markov,gmm,bic,5,15.7,0.875,0.682,0.5999,0.875,0.821,0.0
20260316_105011,throughput_3,4,20,markov,gmm,bic,5,15.0,0.85,0.62,0.7763,0.848,0.797,0.0020000000000000018
20260316_105011,throughput_3,4,4,markov,gmm,aic,5,40.9,0.919,0.871,0.2807,0.918,0.872,0.0010000000000000009
20260316_105011,throughput_3,4,10,markov,gmm,aic,5,32.4,0.876,0.687,0.5291,0.875,0.874,0.0010000000000000009
20260316_105011,throughput_3,4,20,markov,gmm,aic,5,27.5,0.85,0.611,0.8304,0.848,0.784,0.0020000000000000018
20260316_105011,throughput_3,4,4,markov,mdlp,bic,5,18.7,0.892,0.889,0.3946,0.883,0.794,0.009000000000000008
20260316_105011,throughput_3,4,10,markov,mdlp,bic,5,15.2,0.825,0.793,0.6806,0.823,0.754,0.0020000000000000018
20260316_105011,throughput_3,4,20,markov,mdlp,bic,5,14.7,0.727,0.646,1.0194,0.72,0.696,0.007000000000000006
20260316_105011,throughput_3,4,4,markov,mdlp,aic,5,41.0,0.889,0.887,0.3774,0.883,0.788,0.006000000000000005
20260316_105011,throughput_3,4,10,markov,mdlp,aic,5,33.2,0.832,0.8,0.6292,0.823,0.771,0.009000000000000008
20260316_105011,throughput_3,4,20,markov,mdlp,aic,5,31.4,0.733,0.655,1.0201,0.72,0.715,0.013000000000000012
20260316_105011,throughput_3,4,4,mrmr,classic_uniform,bic,5,15.4,0.94,0.661,0.2388,0.936,0.95,0.0039999999999998925
20260316_105011,throughput_3,4,10,mrmr,classic_uniform,bic,5,13.8,0.911,0.563,0.4259,0.912,0.88,-0.0010000000000000009
20260316_105011,throughput_3,4,20,mrmr,classic_uniform,bic,5,13.8,0.882,0.513,0.6506,0.881,0.831,0.0010000000000000009
20260316_105011,throughput_3,4,4,mrmr,classic_uniform,aic,5,18.7,0.942,0.662,0.198,0.936,0.94,0.005999999999999894
20260316_105011,throughput_3,4,10,mrmr,classic_uniform,aic,5,18.1,0.916,0.565,0.3806,0.912,0.931,0.0040000000000000036
20260316_105011,throughput_3,4,20,mrmr,classic_uniform,aic,5,17.1,0.882,0.513,0.6444,0.881,0.851,0.0010000000000000009
20260316_105011,throughput_3,4,4,mrmr,classic_quantile,bic,5,15.1,0.888,0.886,0.3895,0.883,0.843,0.0050000000000000044
20260316_105011,throughput_3,4,10,mrmr,classic_quantile,bic,5,15.6,0.825,0.79,0.7372,0.823,0.748,0.0020000000000000018
20260316_105011,throughput_3,4,20,mrmr,classic_quantile,bic,5,16.1,0.724,0.641,1.0497,0.72,0.69,0.0040000000000000036
20260316_105011,throughput_3,4,4,mrmr,classic_quantile,aic,5,20.8,0.882,0.881,0.3854,0.883,0.867,-0.0010000000000000009
20260316_105011,throughput_3,4,10,mrmr,classic_quantile,aic,5,18.5,0.833,0.8,0.6318,0.823,0.752,0.010000000000000009
20260316_105011,throughput_3,4,20,mrmr,classic_quantile,aic,5,17.7,0.736,0.659,0.9926,0.72,0.711,0.016000000000000014
20260316_105011,throughput_3,4,4,mrmr,kmeans,bic,5,16.4,0.941,0.686,0.232,0.939,0.96,0.0020000000000000018
20260316_105011,throughput_3,4,10,mrmr,kmeans,bic,5,16.4,0.904,0.599,0.4834,0.902,0.869,0.0020000000000000018
20260316_105011,throughput_3,4,20,mrmr,kmeans,bic,5,16.8,0.866,0.535,0.6589,0.865,0.796,0.0010000000000000009
20260316_105011,throughput_3,4,4,mrmr,kmeans,aic,5,18.2,0.945,0.682,0.2017,0.939,0.972,0.006000000000000005
20260316_105011,throughput_3,4,10,mrmr,kmeans,aic,5,17.8,0.909,0.598,0.4309,0.902,0.925,0.007000000000000006
20260316_105011,throughput_3,4,20,mrmr,kmeans,aic,5,18.3,0.867,0.543,0.711,0.865,0.812,0.0020000000000000018
20260316_105011,throughput_3,4,4,mrmr,decision_tree,bic,5,17.4,0.887,0.886,0.3892,0.883,0.889,0.0040000000000000036
20260316_105011,throughput_3,4,10,mrmr,decision_tree,bic,5,16.6,0.827,0.793,0.7408,0.823,0.842,0.0040000000000000036
20260316_105011,throughput_3,4,20,mrmr,decision_tree,bic,5,14.4,0.724,0.642,1.05,0.72,0.807,0.0040000000000000036
20260316_105011,throughput_3,4,4,mrmr,decision_tree,aic,5,21.3,0.883,0.882,0.383,0.883,0.897,0.0
20260316_105011,throughput_3,4,10,mrmr,decision_tree,aic,5,17.2,0.832,0.799,0.6386,0.823,0.856,0.009000000000000008
20260316_105011,throughput_3,4,20,mrmr,decision_tree,aic,5,15.4,0.734,0.652,1.0492,0.72,0.819,0.014000000000000012
20260316_105011,throughput_3,4,4,mrmr,gmm,bic,5,14.0,0.923,0.874,0.2884,0.918,0.903,0.0050000000000000044
20260316_105011,throughput_3,4,10,mrmr,gmm,bic,5,13.6,0.875,0.682,0.5999,0.875,0.841,0.0
20260316_105011,throughput_3,4,20,mrmr,gmm,bic,5,13.8,0.85,0.62,0.7763,0.848,0.77,0.0020000000000000018
20260316_105011,throughput_3,4,4,mrmr,gmm,aic,5,17.5,0.921,0.872,0.2896,0.918,0.902,0.0030000000000000027
20260316_105011,throughput_3,4,10,mrmr,gmm,aic,5,17.3,0.876,0.687,0.5291,0.875,0.872,0.0010000000000000009
20260316_105011,throughput_3,4,20,mrmr,gmm,aic,5,16.8,0.85,0.611,0.8304,0.848,0.764,0.0020000000000000018
20260316_105011,throughput_3,4,4,mrmr,mdlp,bic,5,15.1,0.892,0.889,0.3815,0.883,0.761,0.009000000000000008
20260316_105011,throughput_3,4,10,mrmr,mdlp,bic,5,14.6,0.825,0.793,0.6806,0.823,0.724,0.0020000000000000018
20260316_105011,throughput_3,4,20,mrmr,mdlp,bic,5,14.9,0.727,0.646,1.0194,0.72,0.702,0.007000000000000006
20260316_105011,throughput_3,4,4,mrmr,mdlp,aic,5,18.7,0.889,0.887,0.3774,0.883,0.811,0.006000000000000005
20260316_105011,throughput_3,4,10,mrmr,mdlp,aic,5,17.6,0.827,0.794,0.6256,0.823,0.784,0.0040000000000000036
20260316_105011,throughput_3,4,20,mrmr,mdlp,aic,5,16.5,0.733,0.655,1.0201,0.72,0.698,0.013000000000000012
20260316_105011,throughput_3,8,4,markov,classic_uniform,bic,5,21.3,0.94,0.662,0.2382,0.936,0.935,0.0039999999999998925
20260316_105011,throughput_3,8,10,markov,classic_uniform,bic,5,20.4,0.911,0.563,0.4259,0.912,0.884,-0.0010000000000000009
20260316_105011,throughput_3,8,20,markov,classic_uniform,bic,5,19.3,0.882,0.513,0.6506,0.881,0.852,0.0010000000000000009
20260316_105011,throughput_3,8,4,markov,classic_uniform,aic,5,49.9,0.942,0.662,0.1973,0.936,0.948,0.005999999999999894
20260316_105011,throughput_3,8,10,markov,classic_uniform,aic,5,41.2,0.916,0.565,0.3806,0.912,0.914,0.0040000000000000036
20260316_105011,throughput_3,8,20,markov,classic_uniform,aic,5,36.2,0.882,0.513,0.6444,0.881,0.872,0.0010000000000000009
20260316_105011,throughput_3,8,4,markov,classic_quantile,bic,5,30.5,0.888,0.886,0.3892,0.883,0.845,0.0050000000000000044
20260316_105011,throughput_3,8,10,markov,classic_quantile,bic,5,22.6,0.825,0.79,0.7372,0.823,0.748,0.0020000000000000018
20260316_105011,throughput_3,8,20,markov,classic_quantile,bic,5,23.2,0.724,0.641,1.0497,0.72,0.689,0.0040000000000000036
20260316_105011,throughput_3,8,4,markov,classic_quantile,aic,5,67.2,0.884,0.883,0.3861,0.883,0.855,0.0010000000000000009
20260316_105011,throughput_3,8,10,markov,classic_quantile,aic,5,51.5,0.833,0.8,0.6318,0.823,0.774,0.010000000000000009
20260316_105011,throughput_3,8,20,markov,classic_quantile,aic,5,43.8,0.733,0.654,1.0201,0.72,0.697,0.013000000000000012
20260316_105011,throughput_3,8,4,markov,kmeans,bic,5,21.4,0.946,0.704,0.2105,0.939,0.955,0.007000000000000006
20260316_105011,throughput_3,8,10,markov,kmeans,bic,5,17.7,0.904,0.599,0.4834,0.902,0.875,0.0020000000000000018
20260316_105011,throughput_3,8,20,markov,kmeans,bic,5,16.8,0.866,0.535,0.6589,0.865,0.827,0.0010000000000000009
20260316_105011,throughput_3,8,4,markov,kmeans,aic,5,47.6,0.943,0.681,0.2034,0.939,0.965,0.0040000000000000036
20260316_105011,throughput_3,8,10,markov,kmeans,aic,5,37.0,0.909,0.598,0.4309,0.902,0.897,0.007000000000000006
20260316_105011,throughput_3,8,20,markov,kmeans,aic,5,32.0,0.867,0.543,0.711,0.865,0.827,0.0020000000000000018
20260316_105011,throughput_3,8,4,markov,decision_tree,bic,5,20.2,0.887,0.886,0.39,0.883,0.88,0.0040000000000000036
20260316_105011,throughput_3,8,10,markov,decision_tree,bic,5,18.3,0.827,0.793,0.7408,0.823,0.821,0.0040000000000000036
20260316_105011,throughput_3,8,20,markov,decision_tree,bic,5,16.6,0.724,0.642,1.05,0.72,0.811,0.0040000000000000036
20260316_105011,throughput_3,8,4,markov,decision_tree,aic,5,43.4,0.884,0.883,0.385,0.883,0.907,0.0010000000000000009
20260316_105011,throughput_3,8,10,markov,decision_tree,aic,5,33.6,0.832,0.799,0.6386,0.823,0.831,0.009000000000000008
20260316_105011,throughput_3,8,20,markov,decision_tree,aic,5,29.6,0.734,0.652,1.0492,0.72,0.819,0.014000000000000012
20260316_105011,throughput_3,8,4,markov,gmm,bic,5,18.6,0.922,0.873,0.2862,0.918,0.879,0.0040000000000000036
20260316_105011,throughput_3,8,10,markov,gmm,bic,5,16.6,0.875,0.682,0.5999,0.875,0.817,0.0
20260316_105011,throughput_3,8,20,markov,gmm,bic,5,17.1,0.85,0.62,0.7763,0.848,0.807,0.0020000000000000018
20260316_105011,throughput_3,8,4,markov,gmm,aic,5,45.5,0.919,0.871,0.2807,0.918,0.888,0.0010000000000000009
20260316_105011,throughput_3,8,10,markov,gmm,aic,5,35.4,0.876,0.687,0.5291,0.875,0.855,0.0010000000000000009
20260316_105011,throughput_3,8,20,markov,gmm,aic,5,31.2,0.85,0.611,0.8304,0.848,0.801,0.0020000000000000018
20260316_105011,throughput_3,8,4,markov,mdlp,bic,5,20.6,0.892,0.889,0.3946,0.883,0.794,0.009000000000000008
20260316_105011,throughput_3,8,10,markov,mdlp,bic,5,18.2,0.824,0.791,0.704,0.823,0.769,0.0010000000000000009
20260316_105011,throughput_3,8,20,markov,mdlp,bic,5,18.7,0.727,0.646,1.0194,0.72,0.753,0.007000000000000006
20260316_105011,throughput_3,8,4,markov,mdlp,aic,5,43.4,0.889,0.887,0.3774,0.883,0.815,0.006000000000000005
20260316_105011,throughput_3,8,10,markov,mdlp,aic,5,34.4,0.832,0.8,0.6292,0.823,0.797,0.009000000000000008
20260316_105011,throughput_3,8,20,markov,mdlp,aic,5,31.4,0.738,0.663,0.9921,0.72,0.717,0.018000000000000016
20260316_105011,throughput_3,8,4,mrmr,classic_uniform,bic,5,40.2,0.94,0.662,0.2382,0.936,0.95,0.0039999999999998925
20260316_105011,throughput_3,8,10,mrmr,classic_uniform,bic,5,40.1,0.911,0.563,0.4259,0.912,0.884,-0.0010000000000000009
20260316_105011,throughput_3,8,20,mrmr,classic_uniform,bic,5,41.2,0.882,0.513,0.6506,0.881,0.852,0.0010000000000000009
20260316_105011,throughput_3,8,4,mrmr,classic_uniform,aic,5,46.3,0.942,0.662,0.1973,0.936,0.945,0.005999999999999894
20260316_105011,throughput_3,8,10,mrmr,classic_uniform,aic,5,46.2,0.916,0.565,0.3806,0.912,0.919,0.0040000000000000036
20260316_105011,throughput_3,8,20,mrmr,classic_uniform,aic,5,44.9,0.882,0.513,0.6444,0.881,0.872,0.0010000000000000009
20260316_105011,throughput_3,8,4,mrmr,classic_quantile,bic,5,41.9,0.888,0.886,0.3892,0.883,0.832,0.0050000000000000044
20260316_105011,throughput_3,8,10,mrmr,classic_quantile,bic,5,43.2,0.825,0.79,0.7372,0.823,0.742,0.0020000000000000018
20260316_105011,throughput_3,8,20,mrmr,classic_quantile,bic,5,42.1,0.724,0.641,1.0497,0.72,0.695,0.0040000000000000036
20260316_105011,throughput_3,8,4,mrmr,classic_quantile,aic,5,49.2,0.884,0.883,0.3861,0.883,0.854,0.0010000000000000009
20260316_105011,throughput_3,8,10,mrmr,classic_quantile,aic,5,47.9,0.833,0.8,0.6318,0.823,0.774,0.010000000000000009
20260316_105011,throughput_3,8,20,mrmr,classic_quantile,aic,5,47.6,0.736,0.659,0.9926,0.72,0.685,0.016000000000000014
20260316_105011,throughput_3,8,4,mrmr,kmeans,bic,5,42.1,0.944,0.702,0.2188,0.939,0.958,0.0050000000000000044
20260316_105011,throughput_3,8,10,mrmr,kmeans,bic,5,41.8,0.904,0.599,0.4834,0.902,0.884,0.0020000000000000018
20260316_105011,throughput_3,8,20,mrmr,kmeans,bic,5,41.4,0.866,0.535,0.6589,0.865,0.827,0.0010000000000000009
20260316_105011,throughput_3,8,4,mrmr,kmeans,aic,5,47.5,0.943,0.681,0.2034,0.939,0.973,0.0040000000000000036
20260316_105011,throughput_3,8,10,mrmr,kmeans,aic,5,45.7,0.909,0.598,0.432,0.902,0.904,0.007000000000000006
20260316_105011,throughput_3,8,20,mrmr,kmeans,aic,5,56.0,0.867,0.543,0.711,0.865,0.814,0.0020000000000000018
20260316_105011,throughput_3,8,4,mrmr,decision_tree,bic,5,50.2,0.887,0.886,0.39,0.883,0.879,0.0040000000000000036
20260316_105011,throughput_3,8,10,mrmr,decision_tree,bic,5,41.5,0.827,0.793,0.7408,0.823,0.828,0.0040000000000000036
