parent,child
throughput_2_t,python_gc_collections_rate_9_t
throughput_2_t,python_gc_collections_rate_9_t1
cores_1_t,throughput_1_t
cores_1_t,throughput_2_t
data_quality_1_t,avg_p_latency_1_t
data_quality_1_t,throughput_2_t
data_quality_1_t,throughput_1_t
data_quality_1_t,data_quality_1_t1
throughput_2_t1,python_gc_collections_rate_9_t1
cores_1_t1,throughput_1_t1
cores_1_t1,throughput_2_t1
data_quality_1_t1,avg_p_latency_1_t1
data_quality_1_t1,throughput_2_t1
data_quality_1_t1,throughput_1_t1
throughput_3_t,throughput_3_t1
cores_3_t,cores_3_t1
data_quality_2_t,data_quality_2_t1
rps_t,rps_t1
