fold,train,test,model,n,acc,logloss,acc_change,parents
1,20260313_192652,20260313_192652,model,33558,0.9081888074378688,0.36551297246968595,0.2596101786681104,"y@t,throughput_2@t,throughput_2@t-1,buffer_size_3@t"
1,20260313_192652,20260313_192652,ar,33558,0.8856606472376185,0.5576372039854111,0.004872766648619383,"y@t,throughput_2@t,throughput_2@t-1,buffer_size_3@t"
1,20260313_192652,20260316_105011,model,33558,0.9094403718934382,0.35484298446318097,0.27181208053691275,"y@t,throughput_2@t,throughput_2@t-1,buffer_size_3@t"
1,20260313_192652,20260316_105011,ar,33558,0.8828893259431432,0.5750048180596133,0.0023231801755291687,"y@t,throughput_2@t,throughput_2@t-1,buffer_size_3@t"
1,20260313_192652,20260319_094316,model,33558,0.8285356695869838,0.6366192057044167,0.2042912577037206,"y@t,throughput_2@t,throughput_2@t-1,buffer_size_3@t"
1,20260313_192652,20260319_094316,ar,33558,0.8093450146015854,0.7985866284532974,0.00913033553983109,"y@t,throughput_2@t,throughput_2@t-1,buffer_size_3@t"
1,20260316_105011,20260313_192652,model,33558,0.7835091483401871,0.6993052319880873,0.3045479155387114,"y@t,throughput_2@t,throughput_2@t-1,buffer_size_3@t"
1,20260316_105011,20260313_192652,ar,33558,0.7609213898325288,0.8723425070892996,0.01813752030319437,"y@t,throughput_2@t,throughput_2@t-1,buffer_size_3@t"
1,20260316_105011,20260316_105011,model,33558,0.9172477501638954,0.3062750227098301,0.38100154878678366,"y@t,throughput_2@t,throughput_2@t-1,buffer_size_3@t"
1,20260316_105011,20260316_105011,ar,33558,0.8819059538709101,0.4777335028605528,0.003355704697986577,"y@t,throughput_2@t,throughput_2@t-1,buffer_size_3@t"
1,20260316_105011,20260319_094316,model,33558,0.7501638953453722,0.8404510109354327,0.2494864186258845,"y@t,throughput_2@t,throughput_2@t-1,buffer_size_3@t"
1,20260316_105011,20260319_094316,ar,33558,0.7300494665951487,0.9981583884128516,0.01483679525222552,"y@t,throughput_2@t,throughput_2@t-1,buffer_size_3@t"
1,20260319_094316,20260313_192652,model,33558,0.9112581202693844,0.38148897712002944,0.46940985381700057,"y@t,throughput_2@t,throughput_2@t-1"
1,20260319_094316,20260313_192652,ar,33558,0.8904583109839681,0.54971633162267,0.017596101786681105,"y@t,throughput_2@t,throughput_2@t-1"
1,20260319_094316,20260316_105011,model,33558,0.909261576971214,0.34425304243809834,0.5126484254001032,"y@t,throughput_2@t,throughput_2@t-1"
1,20260319_094316,20260316_105011,ar,33558,0.8847964717802015,0.5795555440653084,0.009292720702116675,"y@t,throughput_2@t,throughput_2@t-1"
1,20260319_094316,20260319_094316,model,33558,0.9084867989749091,0.4068363562868905,0.4786578406756448,"y@t,throughput_2@t,throughput_2@t-1"
1,20260319_094316,20260319_094316,ar,33558,0.8479051194946063,0.5873854569555976,0.05820588906642319,"y@t,throughput_2@t,throughput_2@t-1"
1,pooled,20260313_192652,model,33558,0.9159663865546218,0.3810612544780749,0.4014618299945858,"y@t,throughput_2@t,throughput_2@t-1,data_quality_1@t+h"
1,pooled,20260313_192652,ar,33558,0.8904583109839681,0.523696504878791,0.017596101786681105,"y@t,throughput_2@t,throughput_2@t-1,data_quality_1@t+h"
1,pooled,20260316_105011,model,33558,0.9155789975564694,0.3418761208520365,0.4858027878162106,"y@t,throughput_2@t,throughput_2@t-1,data_quality_1@t+h"
1,pooled,20260316_105011,ar,33558,0.8847964717802015,0.4887038457030459,0.009292720702116675,"y@t,throughput_2@t,throughput_2@t-1,data_quality_1@t+h"
1,pooled,20260319_094316,model,33558,0.8952261755766137,0.42256601891825596,0.4332344213649852,"y@t,throughput_2@t,throughput_2@t-1,data_quality_1@t+h"
1,pooled,20260319_094316,ar,33558,0.8479051194946063,0.5766480320583592,0.05820588906642319,"y@t,throughput_2@t,throughput_2@t-1,data_quality_1@t+h"
2,20260313_192652,20260313_192652,model,33201,0.8944007710611126,0.34251445481989756,0.4128692466223952,"y@t,throughput_2@t,data_quality_1@t+h,throughput_2@t-1"
2,20260313_192652,20260313_192652,ar,33201,0.8701545134182705,0.5050236978555155,0.034119532860087017,"y@t,throughput_2@t,data_quality_1@t+h,throughput_2@t-1"
2,20260313_192652,20260316_105011,model,33201,0.8854552573717659,0.36665190945788523,0.45633406946396304,"y@t,throughput_2@t,data_quality_1@t+h,throughput_2@t-1"
2,20260313_192652,20260316_105011,ar,33201,0.8512996596488057,0.5750874913601651,0.022886970487853844,"y@t,throughput_2@t,data_quality_1@t+h,throughput_2@t-1"
2,20260313_192652,20260319_094316,model,33201,0.8723532423722177,0.4119928218304844,0.42915811088295686,"y@t,throughput_2@t,data_quality_1@t+h,throughput_2@t-1"
2,20260313_192652,20260319_094316,ar,33201,0.8436191680973465,0.5675304613743494,0.05646817248459959,"y@t,throughput_2@t,data_quality_1@t+h,throughput_2@t-1"
2,20260316_105011,20260313_192652,model,33201,0.8225655853739345,0.6922792414529554,0.5438516143805816,"y@t,throughput_2@t,throughput_2@t-1,data_quality_1@t+h"
2,20260316_105011,20260313_192652,ar,33201,0.7880485527544351,0.8529203007612802,0.08724524845431647,"y@t,throughput_2@t,throughput_2@t-1,data_quality_1@t+h"
2,20260316_105011,20260316_105011,model,33201,0.8853347790729195,0.3508628326010283,0.5344308371812889,"y@t,throughput_2@t,throughput_2@t-1,data_quality_1@t+h"
2,20260316_105011,20260316_105011,ar,33201,0.8436191680973465,0.5434225234202867,0.05641437462356957,"y@t,throughput_2@t,throughput_2@t-1,data_quality_1@t+h"
2,20260316_105011,20260319_094316,model,33201,0.8308785879943376,0.6318731582789576,0.5316221765913758,"y@t,throughput_2@t,throughput_2@t-1,data_quality_1@t+h"
2,20260316_105011,20260319_094316,ar,33201,0.8013915243516762,0.7831749784509403,0.12874743326488705,"y@t,throughput_2@t,throughput_2@t-1,data_quality_1@t+h"
2,20260319_094316,20260313_192652,model,33201,0.9044607090147887,0.3205165972770702,0.4932447904740096,"y@t,throughput_2@t,throughput_2@t-1"
2,20260319_094316,20260313_192652,ar,33201,0.8684678172344207,0.5161069365259591,0.0,"y@t,throughput_2@t,throughput_2@t-1"
2,20260319_094316,20260316_105011,model,33201,0.8914189331646637,0.38529851950354316,0.4669745031118249,"y@t,throughput_2@t,throughput_2@t-1"
2,20260319_094316,20260316_105011,ar,33201,0.8499743983614951,0.6059556686415057,0.0,"y@t,throughput_2@t,throughput_2@t-1"
2,20260319_094316,20260319_094316,model,33201,0.8916598897623566,0.34709393455478343,0.49075975359342916,"y@t,throughput_2@t,throughput_2@t-1"
2,20260319_094316,20260319_094316,ar,33201,0.8533176711544833,0.5421609150774279,0.0,"y@t,throughput_2@t,throughput_2@t-1"
2,pooled,20260313_192652,model,33201,0.9160567452787567,0.2883530119226071,0.5248454316464392,"y@t,throughput_2@t,throughput_2@t-1,buffer_size_3@t"
2,pooled,20260313_192652,ar,33201,0.8684678172344207,0.5134260494726025,0.0,"y@t,throughput_2@t,throughput_2@t-1,buffer_size_3@t"
2,pooled,20260316_105011,model,33201,0.9100629499111472,0.3078173084890492,0.5352338887773539,"y@t,throughput_2@t,throughput_2@t-1,buffer_size_3@t"
2,pooled,20260316_105011,ar,33201,0.8499743983614951,0.5337295713003043,0.0,"y@t,throughput_2@t,throughput_2@t-1,buffer_size_3@t"
2,pooled,20260319_094316,model,33201,0.9038583175205566,0.31351541689179646,0.5073921971252566,"y@t,throughput_2@t,throughput_2@t-1,buffer_size_3@t"
2,pooled,20260319_094316,ar,33201,0.8533176711544833,0.5539522162204252,0.0,"y@t,throughput_2@t,throughput_2@t-1,buffer_size_3@t"
3,20260313_192652,20260313_192652,model,33201,0.9342790879792777,0.23511192679941245,0.572348166806605,"y@t,throughput_2@t,throughput_2@t-1,buffer_size_3@t"
3,20260313_192652,20260313_192652,ar,33201,0.8925634770037048,0.4319739097995062,0.011474951021550517,"y@t,throughput_2@t,throughput_2@t-1,buffer_size_3@t"
3,20260313_192652,20260316_105011,model,33201,0.9257853679106051,0.23940455963262675,0.5597389558232931,"y@t,throughput_2@t,throughput_2@t-1,buffer_size_3@t"
3,20260313_192652,20260316_105011,ar,33201,0.8806662449926207,0.4878444092371809,0.010793172690763053,"y@t,throughput_2@t,throughput_2@t-1,buffer_size_3@t"
3,20260313_192652,20260319_094316,model,33201,0.9318394024276377,0.2558066879470018,0.5724692288369756,"y@t,throughput_2@t,throughput_2@t-1,buffer_size_3@t"
3,20260313_192652,20260319_094316,ar,33201,0.8817806692569501,0.465234428949454,0.03340869128359709,"y@t,throughput_2@t,throughput_2@t-1,buffer_size_3@t"
3,20260316_105011,20260313_192652,model,33201,0.8714496551308696,0.6155263561590194,0.5314861460957179,"y@t,throughput_2@t,throughput_2@t-1,buffer_size_3@t"
3,20260316_105011,20260313_192652,ar,33201,0.8331074365229963,0.8206275117206037,0.011754827875734676,"y@t,throughput_2@t,throughput_2@t-1,buffer_size_3@t"
3,20260316_105011,20260316_105011,model,33201,0.9346104033011053,0.21212980725288813,0.6157128514056225,"y@t,throughput_2@t,throughput_2@t-1,buffer_size_3@t"
3,20260316_105011,20260316_105011,ar,33201,0.8807264841420439,0.4152101620236462,0.011295180722891566,"y@t,throughput_2@t,throughput_2@t-1,buffer_size_3@t"
3,20260316_105011,20260319_094316,model,33201,0.9076835035089305,0.36393111994195027,0.5187138909821652,"y@t,throughput_2@t,throughput_2@t-1,buffer_size_3@t"
3,20260316_105011,20260319_094316,ar,33201,0.8662389687057619,0.5812243361819855,0.03365988445114293,"y@t,throughput_2@t,throughput_2@t-1,buffer_size_3@t"
3,20260319_094316,20260313_192652,model,33201,0.9231348453359839,0.2901318632087415,0.3716764623565631,"y@t,data_quality_1@t+h,throughput_2@t,throughput_2@t-1"
3,20260319_094316,20260313_192652,ar,33201,0.8923827595554351,0.45326981153658435,0.0,"y@t,data_quality_1@t+h,throughput_2@t,throughput_2@t-1"
3,20260319_094316,20260316_105011,model,33201,0.9083461341525858,0.3325469963085936,0.3614457831325301,"y@t,data_quality_1@t+h,throughput_2@t,throughput_2@t-1"
3,20260319_094316,20260316_105011,ar,33201,0.8800036143489653,0.5373256516816299,0.0,"y@t,data_quality_1@t+h,throughput_2@t,throughput_2@t-1"
3,20260319_094316,20260319_094316,model,33201,0.9090388843709527,0.3215318729831484,0.341873901029892,"y@t,data_quality_1@t+h,throughput_2@t,throughput_2@t-1"
3,20260319_094316,20260319_094316,ar,33201,0.8800939730731002,0.45797957704839704,0.0,"y@t,data_quality_1@t+h,throughput_2@t,throughput_2@t-1"
3,pooled,20260313_192652,model,33201,0.9370199692780338,0.22306188088646065,0.6207668625804645,"y@t,throughput_2@t,throughput_2@t-1,buffer_size_3@t"
3,pooled,20260313_192652,ar,33201,0.8923827595554351,0.43937035707259864,0.0,"y@t,throughput_2@t,throughput_2@t-1,buffer_size_3@t"
3,pooled,20260316_105011,model,33201,0.9375018824734195,0.19779385464090926,0.6669176706827309,"y@t,throughput_2@t,throughput_2@t-1,buffer_size_3@t"
3,pooled,20260316_105011,ar,33201,0.8800036143489653,0.4365231401337653,0.0,"y@t,throughput_2@t,throughput_2@t-1,buffer_size_3@t"
3,pooled,20260319_094316,model,33201,0.9330140658413903,0.2365439065396371,0.6154232604873148,"y@t,throughput_2@t,throughput_2@t-1,buffer_size_3@t"
3,pooled,20260319_094316,ar,33201,0.8800939730731002,0.4651998479381216,0.0,"y@t,throughput_2@t,throughput_2@t-1,buffer_size_3@t"
4,20260313_192652,20260313_192652,model,33558,0.9364384051492938,0.23573708279268193,0.5481540930979133,"y@t,throughput_2@t,throughput_2@t-1,data_quality_3@t+h"
4,20260313_192652,20260313_192652,ar,33558,0.8886107634543179,0.45696023717246426,0.0,"y@t,throughput_2@t,throughput_2@t-1,data_quality_3@t+h"
4,20260313_192652,20260316_105011,model,33558,0.9115263126527207,0.32951218928776493,0.46938775510204084,"y@t,throughput_2@t,throughput_2@t-1,data_quality_3@t+h"
4,20260313_192652,20260316_105011,ar,33558,0.8671255736337088,0.5404613702796895,0.0,"y@t,throughput_2@t,throughput_2@t-1,data_quality_3@t+h"
4,20260313_192652,20260319_094316,model,33558,0.9081292091304607,0.34153863688887665,0.4711157455683003,"y@t,throughput_2@t,throughput_2@t-1,data_quality_3@t+h"
4,20260313_192652,20260319_094316,ar,33558,0.8504678467131533,0.5804869192971718,0.017101147028154327,"y@t,throughput_2@t,throughput_2@t-1,data_quality_3@t+h"
4,20260316_105011,20260313_192652,model,33558,0.8634900768818166,0.7450475356274129,0.6474050294275013,"y@t,throughput_2@t,throughput_2@t-1,buffer_size_3@t"
4,20260316_105011,20260313_192652,ar,33558,0.8052923296978366,1.0279867969115684,0.006153023006955591,"y@t,throughput_2@t,throughput_2@t-1,buffer_size_3@t"
4,20260316_105011,20260316_105011,model,33558,0.9268132785028905,0.2643933048206558,0.6023772146221126,"y@t,throughput_2@t,throughput_2@t-1,buffer_size_3@t"
4,20260316_105011,20260316_105011,ar,33558,0.867334167709637,0.47419353471077536,0.002018389773491814,"y@t,throughput_2@t,throughput_2@t-1,buffer_size_3@t"
4,20260316_105011,20260319_094316,model,33558,0.8762739138208475,0.5494521267106024,0.5059436913451512,"y@t,throughput_2@t,throughput_2@t-1,buffer_size_3@t"
4,20260316_105011,20260319_094316,ar,33558,0.8185827522498361,0.825730122091487,0.019395203336809178,"y@t,throughput_2@t,throughput_2@t-1,buffer_size_3@t"
4,20260319_094316,20260313_192652,model,33558,0.9439179927290064,0.23824594566348056,0.6476725521669342,"y@t,throughput_2@t,throughput_2@t-1"
4,20260319_094316,20260313_192652,ar,33558,0.8886107634543179,0.4744703849852977,0.0,"y@t,throughput_2@t,throughput_2@t-1"
4,20260319_094316,20260316_105011,model,33558,0.911794505036057,0.343569486398955,0.5454137699035658,"y@t,throughput_2@t,throughput_2@t-1"
4,20260319_094316,20260316_105011,ar,33558,0.8671255736337088,0.60691416962794,0.0,"y@t,throughput_2@t,throughput_2@t-1"
4,20260319_094316,20260319_094316,model,33558,0.9134036593360748,0.33773156425170925,0.5497393117831074,"y@t,throughput_2@t,throughput_2@t-1"
4,20260319_094316,20260319_094316,ar,33558,0.8571130579891532,0.538099604682822,0.0,"y@t,throughput_2@t,throughput_2@t-1"
4,pooled,20260313_192652,model,33558,0.9495202336253651,0.2002190683690026,0.6832530765115035,"y@t,throughput_2@t,throughput_2@t-1,buffer_size_3@t"
4,pooled,20260313_192652,ar,33558,0.8886107634543179,0.4711097055599,0.0,"y@t,throughput_2@t,throughput_2@t-1,buffer_size_3@t"
4,pooled,20260316_105011,model,33558,0.92806484295846,0.25986414494810484,0.6176272706884952,"y@t,throughput_2@t,throughput_2@t-1,buffer_size_3@t"
4,pooled,20260316_105011,ar,33558,0.8671255736337088,0.4874067943279184,0.0,"y@t,throughput_2@t,throughput_2@t-1,buffer_size_3@t"
4,pooled,20260319_094316,model,33558,0.9168901603194469,0.30009808035963903,0.556830031282586,"y@t,throughput_2@t,throughput_2@t-1,buffer_size_3@t"
4,pooled,20260319_094316,ar,33558,0.8571130579891532,0.5587393413035749,0.0,"y@t,throughput_2@t,throughput_2@t-1,buffer_size_3@t"
5,20260313_192652,20260313_192652,model,33201,0.9390078612089997,0.22496449617392444,0.5777644590949955,"y@t,throughput_2@t,throughput_2@t-1,buffer_size_3@t"
5,20260313_192652,20260313_192652,ar,33201,0.8995210987620855,0.43980100166609887,0.00029967036260113877,"y@t,throughput_2@t,throughput_2@t-1,buffer_size_3@t"
5,20260313_192652,20260316_105011,model,33201,0.9372910454504383,0.2230195484765389,0.5996771589991929,"y@t,throughput_2@t,throughput_2@t-1,buffer_size_3@t"
5,20260313_192652,20260316_105011,ar,33201,0.888045540796964,0.460518401138144,0.0002690341673392521,"y@t,throughput_2@t,throughput_2@t-1,buffer_size_3@t"
5,20260313_192652,20260319_094316,model,33201,0.934640522875817,0.22800378175028085,0.615216201423098,"y@t,throughput_2@t,throughput_2@t-1,buffer_size_3@t"
5,20260313_192652,20260319_094316,ar,33201,0.8903647480497575,0.4676443328629143,0.009304871373836891,"y@t,throughput_2@t,throughput_2@t-1,buffer_size_3@t"
5,20260316_105011,20260313_192652,model,33201,0.8712689376825999,0.5607677133316429,0.589751273599041,"y@t,throughput_2@t,throughput_2@t-1,buffer_size_3@t"
5,20260316_105011,20260313_192652,ar,33201,0.8296135658564501,0.8030784626061294,0.005094396164219359,"y@t,throughput_2@t,throughput_2@t-1,buffer_size_3@t"
5,20260316_105011,20260316_105011,model,33201,0.9368994909791873,0.20168582530774773,0.6265805757331181,"y@t,throughput_2@t,throughput_2@t-1,buffer_size_3@t"
5,20260316_105011,20260316_105011,ar,33201,0.8880756603716755,0.4188306893803547,0.0005380683346785041,"y@t,throughput_2@t,throughput_2@t-1,buffer_size_3@t"
5,20260316_105011,20260319_094316,model,33201,0.8794313424294449,0.5415713205965469,0.6327312534209086,"y@t,throughput_2@t,throughput_2@t-1,buffer_size_3@t"
5,20260316_105011,20260319_094316,ar,33201,0.8361193939941568,0.7795685946818007,0.0180623973727422,"y@t,throughput_2@t,throughput_2@t-1,buffer_size_3@t"
5,20260319_094316,20260313_192652,model,33201,0.9428932863467968,0.2353542725911606,0.5834581959844172,"y@t,throughput_2@t,throughput_2@t-1,buffer_size_3@t"
5,20260319_094316,20260313_192652,ar,33201,0.8994909791873739,0.46301043046360196,0.0,"y@t,throughput_2@t,throughput_2@t-1,buffer_size_3@t"
5,20260319_094316,20260316_105011,model,33201,0.9371404475768802,0.23043293889880592,0.5832660747914985,"y@t,throughput_2@t,throughput_2@t-1,buffer_size_3@t"
5,20260319_094316,20260316_105011,ar,33201,0.888045540796964,0.5152271810988971,0.0,"y@t,throughput_2@t,throughput_2@t-1,buffer_size_3@t"
5,20260319_094316,20260319_094316,model,33201,0.9378331977952471,0.2248086966223249,0.6447728516694033,"y@t,throughput_2@t,throughput_2@t-1,buffer_size_3@t"
5,20260319_094316,20260319_094316,ar,33201,0.889943074003795,0.45556155304865315,0.0,"y@t,throughput_2@t,throughput_2@t-1,buffer_size_3@t"
5,pooled,20260313_192652,model,33201,0.946688352760459,0.2090714919832367,0.6379982019778244,"y@t,throughput_2@t,throughput_2@t-1,buffer_size_3@t"
5,pooled,20260313_192652,ar,33201,0.8994909791873739,0.45197924884072055,0.0,"y@t,throughput_2@t,throughput_2@t-1,buffer_size_3@t"
5,pooled,20260316_105011,model,33201,0.9400319267491943,0.19266226879431983,0.6354587032553134,"y@t,throughput_2@t,throughput_2@t-1,buffer_size_3@t"
5,pooled,20260316_105011,ar,33201,0.888045540796964,0.4235757122291346,0.0,"y@t,throughput_2@t,throughput_2@t-1,buffer_size_3@t"
5,pooled,20260319_094316,model,33201,0.9400921658986175,0.20844187744688705,0.6814449917898193,"y@t,throughput_2@t,throughput_2@t-1,buffer_size_3@t"
5,pooled,20260319_094316,ar,33201,0.889943074003795,0.4504300506343903,0.0,"y@t,throughput_2@t,throughput_2@t-1,buffer_size_3@t"
