target,load_future,method,horizon,acc,logloss,mae
throughput_1,frozen,rollout:anchored,1,0.9338,0.26675547363684754,3.5323098651003764
throughput_1,frozen,rollout:anchored,2,0.9334666666666667,0.3135155679741767,4.144138725826139
throughput_1,frozen,rollout:anchored,5,0.9066666666666666,0.3994335232477352,5.365852946188248
throughput_1,frozen,rollout:anchored,10,0.8586,0.5172698369132174,7.007954580503888
throughput_1,frozen,rollout:anchored,30,0.7509333333333333,0.7956604556413722,11.457605461790834
throughput_1,frozen,rollout:capacity,1,0.9235333333333333,0.285797823471523,3.584016283920945
throughput_1,frozen,rollout:capacity,2,0.9228666666666666,0.3294886621602094,4.148941460838734
throughput_1,frozen,rollout:capacity,5,0.8968,0.39744558469393365,5.1890147347271
throughput_1,frozen,rollout:capacity,10,0.8496666666666667,0.49895495083385083,6.482977846426687
throughput_1,frozen,rollout:capacity,30,0.7704,0.7634398594690811,10.070581498077386
throughput_1,frozen,rollout:chain,1,0.9324666666666667,0.2709800320747031,3.50325580101587
throughput_1,frozen,rollout:chain,2,0.9276666666666666,0.31783913838519284,4.068225279384847
throughput_1,frozen,rollout:chain,5,0.8998666666666667,0.389164734613,5.193176221862879
throughput_1,frozen,rollout:chain,10,0.8499333333333333,0.49666273013040513,6.6359450448505095
throughput_1,frozen,rollout:chain,30,0.7609333333333334,0.790572640542257,10.497031527307891
throughput_1,frozen,rollout:learned,1,0.9387333333333333,0.21436180919655873,3.925674172876868
throughput_1,frozen,rollout:learned,2,0.9353333333333333,0.2632165625278412,4.330823213508696
throughput_1,frozen,rollout:learned,5,0.9158,0.32811381095525644,5.343443472731911
throughput_1,frozen,rollout:learned,10,0.8914,0.406519888885587,6.545011381109919
throughput_1,frozen,rollout:learned,30,0.8417333333333333,0.620099366759641,10.197320663697383
throughput_1,frozen,rollout:local,1,0.9384,0.21548857071638514,3.9233382854125205
throughput_1,frozen,rollout:local,2,0.9359333333333333,0.26307343040105585,4.340139019090639
throughput_1,frozen,rollout:local,5,0.9162666666666667,0.3276031243683107,5.337886616881852
throughput_1,frozen,rollout:local,10,0.8916666666666667,0.40688897995131934,6.545596916505626
throughput_1,frozen,rollout:local,30,0.8416666666666667,0.6228345288655748,10.23039710436571
throughput_1,frozen,static_chain,1,0.37606666666666666,1.9031900080307758,82.83872250820716
throughput_1,frozen,static_chain,2,0.3774666666666667,1.9073511701861334,82.88419784071473
throughput_1,frozen,static_chain,5,0.3751333333333333,1.9188070205565932,83.03556852825403
throughput_1,frozen,static_chain,10,0.3746,1.9355053515351475,83.1441871158861
throughput_1,frozen,static_chain,30,0.369,1.986073358044913,83.44248666795893
throughput_1,known,ar,1,0.9287333333333333,0.31541923299423186,3.32365629316398
throughput_1,known,ar,2,0.9292,0.32400802793889544,3.542982190270825
throughput_1,known,ar,5,0.9268,0.33754402219552854,3.972166132461401
throughput_1,known,ar,10,0.9234666666666667,0.3679669131205344,4.583611530955228
throughput_1,known,ar,30,0.9118666666666667,0.4693826371690486,6.872098125889273
throughput_1,known,direct,1,0.9377333333333333,0.21652053481369785,3.885282037560127
throughput_1,known,direct,2,0.9375333333333333,0.22977118320282006,4.085799183260923
throughput_1,known,direct,5,0.9325333333333333,0.2533605040250588,4.635750174796908
throughput_1,known,direct,10,0.9316,0.28169614591132563,5.264014402124527
throughput_1,known,direct,30,0.9171333333333334,0.4066049181059861,6.950433170583688
throughput_1,known,persistence,1,0.9348,1.8015425767585411,1.6289333333333424
throughput_1,known,persistence,2,0.9353333333333333,1.7868060321633794,1.7958666666666756
throughput_1,known,persistence,5,0.9329333333333333,1.853120482841608,2.1023333333333425
throughput_1,known,persistence,10,0.9296,1.9452238865613698,2.499266666666675
throughput_1,known,persistence,30,0.9178666666666667,2.2694278676549313,3.923333333333342
throughput_1,known,rollout:anchored,1,0.9333333333333333,0.26841866110372337,3.525809343503828
throughput_1,known,rollout:anchored,2,0.9335333333333333,0.31540461726401453,4.136463626863389
throughput_1,known,rollout:anchored,5,0.9056,0.3975906589306435,5.359815889337471
throughput_1,known,rollout:anchored,10,0.8594,0.519138899990895,6.992518661575486
throughput_1,known,rollout:anchored,30,0.7506666666666667,0.7811188674775832,11.400540465030131
throughput_1,known,rollout:capacity,1,0.9230666666666667,0.28411194486544356,3.594276620314231
throughput_1,known,rollout:capacity,2,0.9226666666666666,0.3260817773155695,4.158082572167189
throughput_1,known,rollout:capacity,5,0.8966,0.39781578319188227,5.1803355586433275
throughput_1,known,rollout:capacity,10,0.8503333333333334,0.4922394533518704,6.4693536867176356
throughput_1,known,rollout:capacity,30,0.7711333333333333,0.7455167671293109,9.997870115449485
throughput_1,known,rollout:chain,1,0.9304,0.27009226537882053,3.5264746004287533
throughput_1,known,rollout:chain,2,0.9271333333333334,0.3179394888815579,4.091986922669175
throughput_1,known,rollout:chain,5,0.8995333333333333,0.38738007709283434,5.2078782724718975
throughput_1,known,rollout:chain,10,0.8492666666666666,0.4898898483036969,6.627474688722474
throughput_1,known,rollout:chain,30,0.764,0.761487599234791,10.404819931048415
throughput_1,known,rollout:learned,1,0.9376666666666666,0.21508301580887595,3.9253149728237315
throughput_1,known,rollout:learned,2,0.935,0.2604349790641824,4.337462477950956
throughput_1,known,rollout:learned,5,0.916,0.3273090210815236,5.357493910699749
throughput_1,known,rollout:learned,10,0.8912,0.410951444480611,6.556130088114703
throughput_1,known,rollout:learned,30,0.8404,0.6178252342749648,10.20596598227924
throughput_1,known,rollout:level,1,0.9432666666666667,0.206321919483351,3.843127100789478
throughput_1,known,rollout:level,2,0.9427333333333333,0.24612278001586615,4.303255410576689
throughput_1,known,rollout:level,5,0.9266666666666666,0.29751711912983614,5.25001155500889
throughput_1,known,rollout:level,10,0.8972666666666667,0.36996493392681695,6.495713607084557
throughput_1,known,rollout:level,30,0.8394,0.6192290639375834,10.192930121147166
throughput_1,known,rollout:level?,1,0.9390666666666667,0.212971544704158,3.8957190591017596
throughput_1,known,rollout:level?,2,0.9368,0.2565787268389392,4.3095827424500355
throughput_1,known,rollout:level?,5,0.919,0.3195738825039212,5.307233669874576
throughput_1,known,rollout:level?,10,0.8946666666666667,0.39877649121569697,6.5022916437901825
throughput_1,known,rollout:level?,30,0.8414666666666667,0.6176836442950372,10.231059503920322
throughput_1,known,rollout:local,1,0.9384,0.2165592615993506,3.9211494621109892
throughput_1,known,rollout:local,2,0.9352666666666667,0.26037677194595127,4.327772881042826
throughput_1,known,rollout:local,5,0.9166666666666666,0.3258792369801358,5.345877150186323
throughput_1,known,rollout:local,10,0.8914666666666666,0.4069150661981229,6.533009837207301
throughput_1,known,rollout:local,30,0.8399333333333333,0.6257156357748384,10.210617787002604
throughput_1,known,static_chain,1,0.3761333333333333,1.9024333181347575,82.84357661687756
throughput_1,known,static_chain,2,0.3778,1.9044403275934234,82.83553088750924
throughput_1,known,static_chain,5,0.37606666666666666,1.904865331359157,82.96266264071402
throughput_1,known,static_chain,10,0.3762,1.9063112882307824,83.01290339307272
throughput_1,known,static_chain,30,0.3746,1.9082867132966668,83.07159822809875
throughput_2,frozen,rollout:anchored,1,0.887,0.4053135642150092,5.272567959954572
throughput_2,frozen,rollout:anchored,2,0.8762,0.4586689499783511,6.815033116364032
throughput_2,frozen,rollout:anchored,5,0.8300666666666666,0.5835582512427631,9.71878371386988
throughput_2,frozen,rollout:anchored,10,0.7685333333333333,0.7406788549630464,12.979015212985969
throughput_2,frozen,rollout:anchored,30,0.6538,1.0862621000674648,22.558262083384076
throughput_2,frozen,rollout:capacity,1,0.8876666666666667,0.3820961330941597,5.263280697541246
throughput_2,frozen,rollout:capacity,2,0.8654,0.42819252498524574,6.616469470162834
throughput_2,frozen,rollout:capacity,5,0.8291333333333334,0.5254195509692522,8.97927679252469
throughput_2,frozen,rollout:capacity,10,0.7884666666666666,0.6493398488392388,11.465569016769852
throughput_2,frozen,rollout:capacity,30,0.7073333333333334,0.9174123728752728,18.60170912193864
throughput_2,frozen,rollout:chain,1,0.8924,0.36298350060934337,4.819254219793608
throughput_2,frozen,rollout:chain,2,0.8725333333333334,0.414663857082234,5.874639663360763
throughput_2,frozen,rollout:chain,5,0.8478666666666667,0.497604710106802,8.032819760310746
throughput_2,frozen,rollout:chain,10,0.8083333333333333,0.6106938756292879,10.744473300561003
throughput_2,frozen,rollout:chain,30,0.7117333333333333,0.921571225127114,19.17585156987248
throughput_2,frozen,rollout:learned,1,0.8936,0.36546103271893604,5.0707786168764
throughput_2,frozen,rollout:learned,2,0.8839333333333333,0.3960123062339148,5.831874430886122
throughput_2,frozen,rollout:learned,5,0.8651333333333333,0.4724291109556298,7.880884433475873
throughput_2,frozen,rollout:learned,10,0.8292666666666667,0.5794731157474328,10.525996879976018
throughput_2,frozen,rollout:learned,30,0.7284,0.8955319035907284,18.8196071469284
throughput_2,frozen,rollout:local,1,0.8885333333333333,0.36349799892541895,5.1203464826546865
throughput_2,frozen,rollout:local,2,0.8729333333333333,0.3994150513482893,5.982204030468688
throughput_2,frozen,rollout:local,5,0.858,0.48433241225716134,7.995837115944099
throughput_2,frozen,rollout:local,10,0.8207333333333333,0.5967325824439612,10.408735027294053
throughput_2,frozen,rollout:local,30,0.725,0.9112954992123489,18.114492315320945
throughput_2,frozen,static_chain,1,0.40713333333333335,2.288205311145548,103.78634648616034
throughput_2,frozen,static_chain,2,0.4062,2.2898811818553986,103.75594392524725
throughput_2,frozen,static_chain,5,0.40626666666666666,2.291300430861207,103.58543328042832
throughput_2,frozen,static_chain,10,0.4053333333333333,2.293312630786741,103.44579993175199
throughput_2,frozen,static_chain,30,0.40413333333333334,2.298326580733015,102.92339833126157
throughput_2,known,ar,1,0.8818666666666667,0.4484957774380493,4.94861890569345
throughput_2,known,ar,2,0.8770666666666667,0.47970924781869745,5.633997997969127
throughput_2,known,ar,5,0.8675333333333334,0.5262176381299084,6.58795870427503
throughput_2,known,ar,10,0.864,0.5513544229593454,7.893128137666397
throughput_2,known,ar,30,0.8519333333333333,0.6603539419790284,12.907766599939386
throughput_2,known,direct,1,0.8922666666666667,0.3523278514926228,4.959805057103074
throughput_2,known,direct,2,0.8867333333333334,0.36619934165014545,5.619603969689661
throughput_2,known,direct,5,0.877,0.4282044894584501,6.641683665489843
throughput_2,known,direct,10,0.8754666666666666,0.4575772528178055,7.707718030265554
throughput_2,known,direct,30,0.8416666666666667,0.5957977893942354,12.83768244696768
throughput_2,known,persistence,1,0.886,3.1499364072158547,3.926000000000007
throughput_2,known,persistence,2,0.8811333333333333,3.2844073766467066,4.546200000000006
throughput_2,known,persistence,5,0.8713333333333333,3.5551913835828066,5.258800000000006
throughput_2,known,persistence,10,0.8671333333333333,3.6712416722697063,6.052533333333339
throughput_2,known,persistence,30,0.8553333333333333,3.997287721437663,9.149000000000006
throughput_2,known,rollout:anchored,1,0.8859333333333334,0.4104231524288521,5.296096189878822
throughput_2,known,rollout:anchored,2,0.8764,0.4608221994241013,6.816139827494927
throughput_2,known,rollout:anchored,5,0.8287333333333333,0.5824327368889654,9.625941476849409
throughput_2,known,rollout:anchored,10,0.7655333333333333,0.7439499690394232,12.892375763221764
throughput_2,known,rollout:anchored,30,0.6541333333333333,1.0825280887061302,22.547220301207272
throughput_2,known,rollout:capacity,1,0.8873333333333333,0.3843578911883907,5.26605087516313
throughput_2,known,rollout:capacity,2,0.8647333333333334,0.43377593968806955,6.664016155048415
throughput_2,known,rollout:capacity,5,0.8284,0.5273069462489747,8.99629434915059
throughput_2,known,rollout:capacity,10,0.7876666666666666,0.6499900268711947,11.464412319996992
throughput_2,known,rollout:capacity,30,0.7063333333333334,0.9111016479180358,18.501489288367658
throughput_2,known,rollout:chain,1,0.8934,0.36052586348836085,4.818880079963288
throughput_2,known,rollout:chain,2,0.8719333333333333,0.41482068868018196,5.881749490527263
throughput_2,known,rollout:chain,5,0.8489333333333333,0.500311292395091,8.025798972667893
throughput_2,known,rollout:chain,10,0.8098666666666666,0.6074594689742957,10.694567355717636
throughput_2,known,rollout:chain,30,0.7126666666666667,0.9160147904301205,19.183102299762936
throughput_2,known,rollout:learned,1,0.8930666666666667,0.3675988987506363,5.065922970597211
throughput_2,known,rollout:learned,2,0.8834666666666666,0.39510974981248553,5.8480376689742055
throughput_2,known,rollout:learned,5,0.8663333333333333,0.47463835738341115,7.919164499875407
throughput_2,known,rollout:learned,10,0.8323333333333334,0.5810338873262122,10.501275208302564
throughput_2,known,rollout:learned,30,0.7319333333333333,0.898464966186098,18.86635654412205
throughput_2,known,rollout:level,1,0.8969333333333334,0.34922313457726467,5.033557076835336
throughput_2,known,rollout:level,2,0.8844666666666666,0.3831571577531628,5.800962612431015
throughput_2,known,rollout:level,5,0.864,0.4482269205688578,7.519833264614965
throughput_2,known,rollout:level,10,0.8492,0.515080412639068,9.58634855306955
throughput_2,known,rollout:level,30,0.8105333333333333,0.7694154616488984,16.500861434310597
throughput_2,known,rollout:level?,1,0.8955333333333333,0.3489578208712405,5.016380672747863
throughput_2,known,rollout:level?,2,0.8844666666666666,0.379429129384679,5.7678596171105445
throughput_2,known,rollout:level?,5,0.8645333333333334,0.4442938976542608,7.451415560923052
throughput_2,known,rollout:level?,10,0.8523333333333334,0.5141712458272492,9.47119734125684
throughput_2,known,rollout:level?,30,0.8102,0.7490573154259675,16.305076134094374
throughput_2,known,rollout:local,1,0.8886666666666667,0.364980621549235,5.115157202577925
throughput_2,known,rollout:local,2,0.8734666666666666,0.4002683537922588,5.993997608640082
throughput_2,known,rollout:local,5,0.8567333333333333,0.4850159190952423,8.046661506280813
throughput_2,known,rollout:local,10,0.8206666666666667,0.5929724553396982,10.47961714241328
throughput_2,known,rollout:local,30,0.7255333333333334,0.9067728461515926,18.13949058447397
throughput_2,known,static_chain,1,0.40726666666666667,2.288685013282904,103.79836000373513
throughput_2,known,static_chain,2,0.40613333333333335,2.293283319971083,103.768433423775
throughput_2,known,static_chain,5,0.4063333333333333,2.2877770904614785,103.51042113964787
throughput_2,known,static_chain,10,0.406,2.2801405773962498,103.32206301528353
throughput_2,known,static_chain,30,0.40653333333333336,2.269644136612249,102.73943163655146
throughput_3,frozen,rollout:anchored,1,0.8770666666666667,0.4517859883392357,5.701265759873549
throughput_3,frozen,rollout:anchored,2,0.8705333333333334,0.48737951667153434,7.407799830236273
throughput_3,frozen,rollout:anchored,5,0.8128666666666666,0.6282330432917551,10.03514094170482
throughput_3,frozen,rollout:anchored,10,0.7548666666666667,0.7925712195682739,13.604626073277652
throughput_3,frozen,rollout:anchored,30,0.6166666666666667,1.1705274006545454,25.054957034775395
throughput_3,frozen,rollout:capacity,1,0.8913333333333333,0.38026145597119443,5.366482860527851
throughput_3,frozen,rollout:capacity,2,0.8806,0.40217604441664984,6.686546793081199
throughput_3,frozen,rollout:capacity,5,0.8362,0.5325578560203593,8.63830620801062
throughput_3,frozen,rollout:capacity,10,0.8026666666666666,0.6452497514552928,11.392783700255292
throughput_3,frozen,rollout:capacity,30,0.6991333333333334,0.9426670442289835,19.965581519333522
throughput_3,frozen,rollout:chain,1,0.9072666666666667,0.30529401237434173,5.4805894831137145
throughput_3,frozen,rollout:chain,2,0.8840666666666667,0.39570192129514825,6.695115891525066
throughput_3,frozen,rollout:chain,5,0.8399333333333333,0.5230631782263403,8.666637856780687
throughput_3,frozen,rollout:chain,10,0.7992666666666667,0.6313057095706526,11.42921387519413
throughput_3,frozen,rollout:chain,30,0.6968,0.9536889126145648,20.36972417665759
throughput_3,frozen,rollout:learned,1,0.9116666666666666,0.3136038085251293,5.472712779269753
throughput_3,frozen,rollout:learned,2,0.8843333333333333,0.3914589961039828,6.548705935429394
throughput_3,frozen,rollout:learned,5,0.8535333333333334,0.4974106830895344,8.426221185041193
throughput_3,frozen,rollout:learned,10,0.8276666666666667,0.5996715743964894,11.337723573121634
throughput_3,frozen,rollout:learned,30,0.7108,0.94863737365705,21.35297043904665
throughput_3,frozen,rollout:local,1,0.9147333333333333,0.3004862612490341,5.457488658170387
throughput_3,frozen,rollout:local,2,0.8857333333333334,0.3807767634727622,6.61969044833852
throughput_3,frozen,rollout:local,5,0.8458,0.4995240745806327,8.572669573864347
throughput_3,frozen,rollout:local,10,0.8152,0.6137651220487564,11.365901307712747
throughput_3,frozen,rollout:local,30,0.7076666666666667,0.9709635651618891,21.117639448271998
throughput_3,frozen,static_chain,1,0.3484,2.3594147779217556,109.80214981634705
throughput_3,frozen,static_chain,2,0.34973333333333334,2.3585915195713665,109.64047580261345
throughput_3,frozen,static_chain,5,0.3518,2.353487514070158,109.42040700458301
throughput_3,frozen,static_chain,10,0.34933333333333333,2.3537766805539926,109.32353440231762
throughput_3,frozen,static_chain,30,0.3463333333333333,2.3628414843771925,108.29119910297091
throughput_3,known,ar,1,0.8666,0.49888677803611436,5.689326851413075
throughput_3,known,ar,2,0.8591333333333333,0.5306829013163942,6.551349168366145
throughput_3,known,ar,5,0.8514,0.5613715617305558,7.181790326366135
throughput_3,known,ar,10,0.8574,0.5766299413530092,8.414970446105468
throughput_3,known,ar,30,0.8338,0.7070624998157626,14.221608692165159
throughput_3,known,direct,1,0.9141333333333334,0.29639710408146674,5.387577066463493
throughput_3,known,direct,2,0.8826666666666667,0.3879702112121339,6.22478584880188
throughput_3,known,direct,5,0.8619333333333333,0.4638063043774033,7.552961892727931
throughput_3,known,direct,10,0.8690666666666667,0.48848705920098945,9.110211868541958
throughput_3,known,direct,30,0.8412,0.6483966984336543,14.982542415416303
throughput_3,known,persistence,1,0.8701333333333333,3.5883486089219208,4.547400000000005
throughput_3,known,persistence,2,0.8625333333333334,3.7983443694029773,5.352400000000005
throughput_3,known,persistence,5,0.8554666666666667,3.9936035852888727,5.668133333333338
throughput_3,known,persistence,10,0.8574,3.940183611131411,6.309533333333338
throughput_3,known,persistence,30,0.8374666666666667,4.490961965375587,10.11006666666667
throughput_3,known,rollout:anchored,1,0.8777333333333334,0.4526026553876983,5.751546080352667
throughput_3,known,rollout:anchored,2,0.8702,0.4877641955551213,7.4362196221061785
throughput_3,known,rollout:anchored,5,0.8156,0.6304590193813023,10.043707612356712
throughput_3,known,rollout:anchored,10,0.7593333333333333,0.7866111971974804,13.666704221224409
throughput_3,known,rollout:anchored,30,0.6166,1.1644602069451344,25.022418585868774
throughput_3,known,rollout:capacity,1,0.8917333333333334,0.380055136905878,5.368221938269057
throughput_3,known,rollout:capacity,2,0.8792,0.405120857695384,6.683037563853957
throughput_3,known,rollout:capacity,5,0.8348,0.5329970368789457,8.610188507854437
throughput_3,known,rollout:capacity,10,0.8027333333333333,0.6440431748541569,11.356384264454586
throughput_3,known,rollout:capacity,30,0.7004,0.9404815828718209,19.87894621794572
throughput_3,known,rollout:chain,1,0.9077333333333333,0.31023106730728517,5.488897456544764
throughput_3,known,rollout:chain,2,0.8851333333333333,0.39420704635453013,6.6797664661590925
throughput_3,known,rollout:chain,5,0.8381333333333333,0.5207084068876797,8.645538137544433
throughput_3,known,rollout:chain,10,0.8004666666666667,0.6323999431450685,11.38112902807025
throughput_3,known,rollout:chain,30,0.7004,0.9479322360295129,20.37930915600309
throughput_3,known,rollout:learned,1,0.9126,0.3146180419712285,5.467616234309242
throughput_3,known,rollout:learned,2,0.8844,0.39279037824592183,6.5432483505864205
throughput_3,known,rollout:learned,5,0.8542,0.4959046897225584,8.381419239271398
throughput_3,known,rollout:learned,10,0.8255333333333333,0.6003863684599283,11.211886219536497
throughput_3,known,rollout:learned,30,0.7106666666666667,0.947815265198336,21.216539101244745
throughput_3,known,rollout:level,1,0.9106,0.30410598443325687,5.464445538633987
throughput_3,known,rollout:level,2,0.8816666666666667,0.3822025420507011,6.550661920675094
throughput_3,known,rollout:level,5,0.8555333333333334,0.47661901403899276,8.002302379003288
throughput_3,known,rollout:level,10,0.8410666666666666,0.5461478076464364,10.149388167008425
throughput_3,known,rollout:level,30,0.7850666666666667,0.8299474160760056,18.119770484835744
throughput_3,known,rollout:level?,1,0.9142666666666667,0.30133333062459505,5.475661806984491
throughput_3,known,rollout:level?,2,0.8820666666666667,0.377138488061524,6.538112767827861
throughput_3,known,rollout:level?,5,0.8572666666666666,0.4701499773705654,7.887257075453366
throughput_3,known,rollout:level?,10,0.8421333333333333,0.5415311317086423,10.043768796848859
throughput_3,known,rollout:level?,30,0.7812666666666667,0.8109184115032633,17.971903089173775
throughput_3,known,rollout:local,1,0.9151333333333334,0.3016404355574701,5.4710028887859785
throughput_3,known,rollout:local,2,0.8844666666666666,0.38609712149187464,6.618399457121397
throughput_3,known,rollout:local,5,0.8475333333333334,0.4995719048792814,8.523332769888228
throughput_3,known,rollout:local,10,0.8156666666666667,0.611338286024382,11.344485572453376
throughput_3,known,rollout:local,30,0.7111333333333333,0.966897752317498,21.135160357584134
throughput_3,known,static_chain,1,0.3485333333333333,2.3600942185732867,109.81780202283923
throughput_3,known,static_chain,2,0.3498,2.3603058917317035,109.66238398038767
throughput_3,known,static_chain,5,0.35173333333333334,2.354822243259381,109.43206996060164
throughput_3,known,static_chain,10,0.3499333333333333,2.3511407813267438,109.24561705877296
throughput_3,known,static_chain,30,0.3484,2.353172419804307,108.06756390970759
