fold,structure,node,parents
1,direct_h1,throughput_3,"['throughput_3@0', 'throughput_2@0', 'throughput_2@1', 'buffer_size_3@0']"
1,direct_h1,throughput_3,"['throughput_3@0', 'throughput_2@0', 'throughput_2@1', 'buffer_size_3@0']"
1,direct_h2,throughput_3,"['throughput_3@0', 'buffer_size_3@1', 'throughput_2@0', 'throughput_3@1']"
1,direct_h2,throughput_3,"['throughput_3@0', 'buffer_size_3@1', 'throughput_2@0', 'throughput_3@1']"
1,direct_h5,throughput_3,"['throughput_3@0', 'buffer_size_3@1', 'throughput_2@0', 'throughput_3@1']"
1,direct_h5,throughput_3,"['throughput_3@0', 'buffer_size_3@1', 'throughput_2@0', 'throughput_3@1']"
1,direct_h10,throughput_3,"['throughput_3@0', 'buffer_size_3@1', 'throughput_2@0', 'buffer_size_3@0']"
1,direct_h10,throughput_3,"['throughput_3@0', 'buffer_size_3@1', 'throughput_2@0', 'buffer_size_3@0']"
1,direct_h30,throughput_3,"['throughput_3@0', 'buffer_size_3@1', 'data_quality_2@next', 'throughput_2@0']"
1,direct_h30,throughput_3,"['throughput_3@0', 'buffer_size_3@1', 'data_quality_2@next', 'throughput_2@0']"
1,learned,throughput_1,"['throughput_1@0', 'data_quality_1@next', 'throughput_1@1', 'cores_1@next']"
1,learned,throughput_2,"['throughput_2@0', 'data_quality_1@next', 'buffer_size_3@1', 'buffer_size_3@0']"
1,learned,throughput_3,"['throughput_3@0', 'throughput_2@0', 'throughput_2@1', 'buffer_size_3@0']"
1,learned,buffer_size_2,"['buffer_size_2@0', 'data_quality_1@next', 'cores_1@next', 'throughput_2@0']"
1,learned,buffer_size_3,"['buffer_size_3@0', 'buffer_size_3@1', 'data_quality_2@next']"
1,local,throughput_1,"['throughput_1@0', 'data_quality_1@next', 'throughput_1@1', 'cores_1@next']"
1,local,throughput_2,"['throughput_2@0', 'throughput_2@1']"
1,local,throughput_3,"['throughput_3@0', 'throughput_2@0', 'throughput_2@1', 'buffer_size_3@0']"
1,local,buffer_size_2,"['buffer_size_2@0', 'throughput_2@1', 'buffer_size_2@1', 'throughput_1@0']"
1,local,buffer_size_3,"['buffer_size_3@0', 'buffer_size_3@1', 'throughput_2@0', 'throughput_3@0']"
1,chain,throughput_1,"['throughput_1@0', 'rps@next', 'data_quality_1@next', 'throughput_1@1']"
1,chain,throughput_2,"['throughput_2@0', 'throughput_1@next', 'data_quality_2@next', 'throughput_1@0']"
1,chain,throughput_3,"['throughput_3@0', 'throughput_2@next', 'throughput_2@0', 'throughput_2@1']"
1,chain,buffer_size_2,"['buffer_size_2@0', 'throughput_2@1', 'buffer_size_2@1', 'throughput_1@0']"
1,chain,buffer_size_3,"['buffer_size_3@0', 'buffer_size_3@1', 'throughput_2@0', 'throughput_3@0']"
1,anchored,throughput_1,"['throughput_1@0', 'rps@next', 'cores_1@next', 'data_quality_1@next', 'throughput_1@1']"
1,anchored,throughput_2,"['throughput_2@0', 'throughput_1@next', 'cores_2@next', 'data_quality_2@next']"
1,anchored,throughput_3,"['throughput_3@0', 'throughput_2@next', 'cores_3@next', 'data_quality_3@next', 'throughput_2@0']"
1,anchored,buffer_size_2,"['buffer_size_2@0', 'throughput_2@1', 'buffer_size_2@1', 'throughput_1@0']"
1,anchored,buffer_size_3,"['buffer_size_3@0', 'buffer_size_3@1', 'throughput_2@0', 'throughput_3@0']"
1,capacity,throughput_1,"['throughput_1@0', 'rps@next', 'capacity_1@next', 'throughput_1@1']"
1,capacity,throughput_2,"['throughput_2@0', 'throughput_1@next', 'capacity_2@next', 'cores_2@next']"
1,capacity,throughput_3,"['throughput_3@0', 'throughput_2@next', 'capacity_3@next', 'throughput_2@0']"
1,capacity,buffer_size_2,"['buffer_size_2@0', 'throughput_2@1', 'buffer_size_2@1', 'throughput_1@0']"
1,capacity,buffer_size_3,"['buffer_size_3@0', 'buffer_size_3@1', 'throughput_2@0', 'throughput_3@0']"
1,level,throughput_1,"['throughput_1@0', 'ema_throughput_1@0', 'data_quality_1@next', 'throughput_1@1']"
1,level,throughput_2,"['throughput_2@0', 'ema_throughput_2@0', 'throughput_2@1']"
1,level,throughput_3,"['throughput_3@0', 'ema_throughput_3@0', 'throughput_2@0', 'throughput_2@1']"
1,level,buffer_size_2,"['buffer_size_2@0', 'throughput_2@1', 'buffer_size_2@1', 'throughput_1@0']"
1,level,buffer_size_3,"['buffer_size_3@0', 'buffer_size_3@1', 'throughput_2@0', 'throughput_3@0']"
1,level?,throughput_1,"['throughput_1@0', 'data_quality_1@next', 'throughput_1@1', 'ema_throughput_1@0']"
1,level?,throughput_2,"['throughput_2@0', 'ema_throughput_2@0', 'throughput_2@1']"
1,level?,throughput_3,"['throughput_3@0', 'throughput_2@0', 'throughput_2@1', 'buffer_size_3@0']"
1,level?,buffer_size_2,"['buffer_size_2@0', 'throughput_2@1', 'buffer_size_2@1', 'throughput_1@0']"
1,level?,buffer_size_3,"['buffer_size_3@0', 'buffer_size_3@1', 'throughput_2@0', 'throughput_3@0']"
2,direct_h1,throughput_3,"['throughput_3@0', 'throughput_2@0', 'throughput_2@1', 'data_quality_1@next']"
2,direct_h1,throughput_3,"['throughput_3@0', 'throughput_2@0', 'throughput_2@1', 'data_quality_1@next']"
2,direct_h2,throughput_3,"['throughput_3@0', 'data_quality_1@next', 'throughput_2@0', 'throughput_3@1']"
2,direct_h2,throughput_3,"['throughput_3@0', 'data_quality_1@next', 'throughput_2@0', 'throughput_3@1']"
2,direct_h5,throughput_3,"['throughput_3@0', 'data_quality_1@next', 'throughput_3@1', 'rps@0']"
2,direct_h5,throughput_3,"['throughput_3@0', 'data_quality_1@next', 'throughput_3@1', 'rps@0']"
2,direct_h10,throughput_3,"['throughput_3@0', 'data_quality_1@next', 'throughput_3@1']"
2,direct_h10,throughput_3,"['throughput_3@0', 'data_quality_1@next', 'throughput_3@1']"
2,direct_h30,throughput_3,"['throughput_3@0', 'data_quality_1@next', 'throughput_3@1']"
2,direct_h30,throughput_3,"['throughput_3@0', 'data_quality_1@next', 'throughput_3@1']"
2,learned,throughput_1,"['throughput_1@0', 'data_quality_1@next', 'cores_1@next', 'throughput_1@1']"
2,learned,throughput_2,"['throughput_2@0', 'data_quality_1@next', 'buffer_size_2@0', 'throughput_2@1']"
2,learned,throughput_3,"['throughput_3@0', 'throughput_2@0', 'throughput_2@1', 'data_quality_1@next']"
2,learned,buffer_size_2,"['buffer_size_2@0', 'data_quality_1@next', 'cores_1@next', 'throughput_2@0']"
2,learned,buffer_size_3,"['buffer_size_3@0', 'buffer_size_3@1', 'throughput_2@0', 'throughput_3@1']"
2,local,throughput_1,"['throughput_1@0', 'data_quality_1@next', 'cores_1@next', 'throughput_1@1']"
2,local,throughput_2,"['throughput_2@0', 'throughput_2@1', 'throughput_1@0', 'throughput_1@1']"
2,local,throughput_3,"['throughput_3@0', 'throughput_2@0', 'throughput_2@1', 'buffer_size_3@0']"
2,local,buffer_size_2,"['buffer_size_2@0', 'throughput_1@1', 'buffer_size_2@1', 'throughput_2@0']"
2,local,buffer_size_3,"['buffer_size_3@0', 'buffer_size_3@1', 'throughput_2@0', 'throughput_3@1']"
2,chain,throughput_1,"['throughput_1@0', 'rps@next', 'data_quality_1@next', 'cores_1@next']"
2,chain,throughput_2,"['throughput_2@0', 'throughput_1@next', 'throughput_2@1', 'throughput_1@0']"
2,chain,throughput_3,"['throughput_3@0', 'throughput_2@next', 'throughput_2@0', 'buffer_size_3@0']"
2,chain,buffer_size_2,"['buffer_size_2@0', 'throughput_1@1', 'buffer_size_2@1', 'throughput_2@0']"
2,chain,buffer_size_3,"['buffer_size_3@0', 'buffer_size_3@1', 'throughput_2@0', 'throughput_3@1']"
2,anchored,throughput_1,"['throughput_1@0', 'rps@next', 'cores_1@next', 'data_quality_1@next', 'throughput_1@1']"
2,anchored,throughput_2,"['throughput_2@0', 'throughput_1@next', 'cores_2@next', 'data_quality_2@next', 'throughput_2@1']"
2,anchored,throughput_3,"['throughput_3@0', 'throughput_2@next', 'cores_3@next', 'data_quality_3@next', 'throughput_2@0']"
2,anchored,buffer_size_2,"['buffer_size_2@0', 'throughput_1@1', 'buffer_size_2@1', 'throughput_2@0']"
2,anchored,buffer_size_3,"['buffer_size_3@0', 'buffer_size_3@1', 'throughput_2@0', 'throughput_3@1']"
2,capacity,throughput_1,"['throughput_1@0', 'rps@next', 'capacity_1@next', 'data_quality_1@next']"
2,capacity,throughput_2,"['throughput_2@0', 'throughput_1@next', 'capacity_2@next', 'throughput_1@0']"
2,capacity,throughput_3,"['throughput_3@0', 'throughput_2@next', 'capacity_3@next', 'throughput_2@0']"
2,capacity,buffer_size_2,"['buffer_size_2@0', 'throughput_1@1', 'buffer_size_2@1', 'throughput_2@0']"
2,capacity,buffer_size_3,"['buffer_size_3@0', 'buffer_size_3@1', 'throughput_2@0', 'throughput_3@1']"
2,level,throughput_1,"['throughput_1@0', 'ema_throughput_1@0', 'data_quality_1@next']"
2,level,throughput_2,"['throughput_2@0', 'ema_throughput_2@0', 'buffer_size_2@0', 'throughput_2@1']"
2,level,throughput_3,"['throughput_3@0', 'ema_throughput_3@0', 'throughput_2@0', 'throughput_2@1']"
2,level,buffer_size_2,"['buffer_size_2@0', 'throughput_1@1', 'buffer_size_2@1', 'throughput_2@0']"
2,level,buffer_size_3,"['buffer_size_3@0', 'buffer_size_3@1', 'throughput_2@0', 'throughput_3@1']"
2,level?,throughput_1,"['throughput_1@0', 'data_quality_1@next', 'ema_throughput_1@0']"
2,level?,throughput_2,"['throughput_2@0', 'ema_throughput_2@0', 'buffer_size_2@0', 'throughput_2@1']"
2,level?,throughput_3,"['throughput_3@0', 'throughput_2@0', 'throughput_2@1', 'ema_throughput_3@0']"
2,level?,buffer_size_2,"['buffer_size_2@0', 'throughput_1@1', 'buffer_size_2@1', 'throughput_2@0']"
2,level?,buffer_size_3,"['buffer_size_3@0', 'buffer_size_3@1', 'throughput_2@0', 'throughput_3@1']"
3,direct_h1,throughput_3,"['throughput_3@0', 'throughput_2@0', 'throughput_2@1', 'buffer_size_3@0']"
3,direct_h1,throughput_3,"['throughput_3@0', 'throughput_2@0', 'throughput_2@1', 'buffer_size_3@0']"
3,direct_h2,throughput_3,"['throughput_3@0', 'data_quality_1@next', 'buffer_size_3@0', 'throughput_2@0']"
3,direct_h2,throughput_3,"['throughput_3@0', 'data_quality_1@next', 'buffer_size_3@0', 'throughput_2@0']"
3,direct_h5,throughput_3,"['throughput_3@0', 'data_quality_1@next', 'buffer_size_3@1', 'throughput_3@1']"
3,direct_h5,throughput_3,"['throughput_3@0', 'data_quality_1@next', 'buffer_size_3@1', 'throughput_3@1']"
3,direct_h10,throughput_3,"['throughput_3@0', 'data_quality_1@next', 'buffer_size_3@1', 'throughput_3@1']"
3,direct_h10,throughput_3,"['throughput_3@0', 'data_quality_1@next', 'buffer_size_3@1', 'throughput_3@1']"
3,direct_h30,throughput_3,"['throughput_3@0', 'data_quality_1@next', 'buffer_size_3@1', 'throughput_3@1']"
3,direct_h30,throughput_3,"['throughput_3@0', 'data_quality_1@next', 'buffer_size_3@1', 'throughput_3@1']"
3,learned,throughput_1,"['throughput_1@0', 'data_quality_1@next', 'cores_1@next']"
3,learned,throughput_2,"['throughput_2@0', 'data_quality_1@next', 'buffer_size_2@0', 'throughput_1@0']"
3,learned,throughput_3,"['throughput_3@0', 'throughput_2@0', 'throughput_2@1', 'buffer_size_3@0']"
3,learned,buffer_size_2,"['buffer_size_2@0', 'data_quality_1@next', 'buffer_size_2@1', 'throughput_2@0']"
3,learned,buffer_size_3,"['buffer_size_3@0', 'buffer_size_3@1', 'throughput_2@0', 'buffer_size_2@0']"
3,local,throughput_1,"['throughput_1@0', 'data_quality_1@next', 'cores_1@next']"
3,local,throughput_2,"['throughput_2@0', 'throughput_2@1', 'throughput_1@0', 'buffer_size_2@0']"
3,local,throughput_3,"['throughput_3@0', 'throughput_2@0', 'throughput_2@1', 'buffer_size_3@0']"
3,local,buffer_size_2,"['buffer_size_2@0', 'buffer_size_2@1', 'throughput_1@0', 'throughput_2@0']"
3,local,buffer_size_3,"['buffer_size_3@0', 'buffer_size_3@1', 'throughput_2@0', 'throughput_3@0']"
3,chain,throughput_1,"['throughput_1@0', 'rps@next', 'data_quality_1@next', 'cores_1@next']"
3,chain,throughput_2,"['throughput_2@0', 'throughput_1@next', 'throughput_1@0', 'throughput_2@1']"
3,chain,throughput_3,"['throughput_3@0', 'throughput_2@next', 'throughput_2@0', 'buffer_size_3@0']"
3,chain,buffer_size_2,"['buffer_size_2@0', 'buffer_size_2@1', 'throughput_1@0', 'throughput_2@0']"
3,chain,buffer_size_3,"['buffer_size_3@0', 'buffer_size_3@1', 'throughput_2@0', 'throughput_3@0']"
3,anchored,throughput_1,"['throughput_1@0', 'rps@next', 'cores_1@next', 'data_quality_1@next']"
3,anchored,throughput_2,"['throughput_2@0', 'throughput_1@next', 'cores_2@next', 'data_quality_2@next', 'throughput_1@0']"
3,anchored,throughput_3,"['throughput_3@0', 'throughput_2@next', 'cores_3@next', 'data_quality_3@next', 'throughput_2@0']"
3,anchored,buffer_size_2,"['buffer_size_2@0', 'buffer_size_2@1', 'throughput_1@0', 'throughput_2@0']"
3,anchored,buffer_size_3,"['buffer_size_3@0', 'buffer_size_3@1', 'throughput_2@0', 'throughput_3@0']"
3,capacity,throughput_1,"['throughput_1@0', 'rps@next', 'capacity_1@next', 'data_quality_1@next']"
3,capacity,throughput_2,"['throughput_2@0', 'throughput_1@next', 'capacity_2@next', 'throughput_1@0']"
3,capacity,throughput_3,"['throughput_3@0', 'throughput_2@next', 'capacity_3@next', 'throughput_2@0']"
3,capacity,buffer_size_2,"['buffer_size_2@0', 'buffer_size_2@1', 'throughput_1@0', 'throughput_2@0']"
3,capacity,buffer_size_3,"['buffer_size_3@0', 'buffer_size_3@1', 'throughput_2@0', 'throughput_3@0']"
3,level,throughput_1,"['throughput_1@0', 'ema_throughput_1@0', 'data_quality_1@next']"
3,level,throughput_2,"['throughput_2@0', 'ema_throughput_2@0', 'throughput_1@0', 'buffer_size_2@0']"
3,level,throughput_3,"['throughput_3@0', 'ema_throughput_3@0', 'throughput_2@0', 'throughput_2@1']"
3,level,buffer_size_2,"['buffer_size_2@0', 'buffer_size_2@1', 'throughput_1@0', 'throughput_2@0']"
3,level,buffer_size_3,"['buffer_size_3@0', 'buffer_size_3@1', 'throughput_2@0', 'throughput_3@0']"
3,level?,throughput_1,"['throughput_1@0', 'data_quality_1@next', 'ema_throughput_1@0']"
3,level?,throughput_2,"['throughput_2@0', 'ema_throughput_2@0', 'throughput_1@0', 'buffer_size_2@0']"
3,level?,throughput_3,"['throughput_3@0', 'ema_throughput_3@0', 'throughput_2@0', 'throughput_2@1']"
3,level?,buffer_size_2,"['buffer_size_2@0', 'buffer_size_2@1', 'throughput_1@0', 'throughput_2@0']"
3,level?,buffer_size_3,"['buffer_size_3@0', 'buffer_size_3@1', 'throughput_2@0', 'throughput_3@0']"
4,direct_h1,throughput_3,"['throughput_3@0', 'throughput_2@0', 'throughput_2@1', 'buffer_size_3@0']"
4,direct_h1,throughput_3,"['throughput_3@0', 'throughput_2@0', 'throughput_2@1', 'buffer_size_3@0']"
4,direct_h2,throughput_3,"['throughput_3@0', 'throughput_2@0', 'throughput_3@1', 'buffer_size_3@0']"
4,direct_h2,throughput_3,"['throughput_3@0', 'throughput_2@0', 'throughput_3@1', 'buffer_size_3@0']"
4,direct_h5,throughput_3,"['throughput_3@0', 'throughput_3@1', 'throughput_2@0', 'data_quality_1@next']"
4,direct_h5,throughput_3,"['throughput_3@0', 'throughput_3@1', 'throughput_2@0', 'data_quality_1@next']"
4,direct_h10,throughput_3,"['throughput_3@0', 'throughput_3@1', 'throughput_2@0', 'buffer_size_3@0']"
4,direct_h10,throughput_3,"['throughput_3@0', 'throughput_3@1', 'throughput_2@0', 'buffer_size_3@0']"
4,direct_h30,throughput_3,"['throughput_3@0', 'throughput_3@1', 'throughput_2@0', 'data_quality_1@next']"
4,direct_h30,throughput_3,"['throughput_3@0', 'throughput_3@1', 'throughput_2@0', 'data_quality_1@next']"
4,learned,throughput_1,"['throughput_1@0', 'data_quality_1@next', 'cores_1@next']"
4,learned,throughput_2,"['throughput_2@0', 'throughput_2@1', 'data_quality_1@next', 'buffer_size_2@0']"
4,learned,throughput_3,"['throughput_3@0', 'throughput_2@0', 'throughput_2@1', 'buffer_size_3@0']"
4,learned,buffer_size_2,"['buffer_size_2@0', 'data_quality_1@next', 'throughput_1@0', 'throughput_2@0']"
4,learned,buffer_size_3,"['buffer_size_3@0', 'throughput_2@0', 'buffer_size_2@0', 'buffer_size_3@1']"
4,local,throughput_1,"['throughput_1@0', 'data_quality_1@next', 'cores_1@next']"
4,local,throughput_2,"['throughput_2@0', 'throughput_2@1', 'buffer_size_2@0', 'throughput_1@0']"
4,local,throughput_3,"['throughput_3@0', 'throughput_2@0', 'throughput_2@1', 'buffer_size_3@0']"
4,local,buffer_size_2,"['buffer_size_2@0', 'buffer_size_2@1', 'throughput_2@0', 'throughput_1@1']"
4,local,buffer_size_3,"['buffer_size_3@0', 'throughput_2@0', 'buffer_size_3@1', 'throughput_2@1']"
4,chain,throughput_1,"['throughput_1@0', 'rps@next', 'data_quality_1@next', 'cores_1@next']"
4,chain,throughput_2,"['throughput_2@0', 'throughput_1@next', 'throughput_2@1', 'throughput_1@0']"
4,chain,throughput_3,"['throughput_3@0', 'throughput_2@next', 'throughput_2@0', 'throughput_2@1']"
4,chain,buffer_size_2,"['buffer_size_2@0', 'buffer_size_2@1', 'throughput_2@0', 'throughput_1@1']"
4,chain,buffer_size_3,"['buffer_size_3@0', 'throughput_2@0', 'buffer_size_3@1', 'throughput_2@1']"
4,anchored,throughput_1,"['throughput_1@0', 'rps@next', 'cores_1@next', 'data_quality_1@next']"
4,anchored,throughput_2,"['throughput_2@0', 'throughput_1@next', 'cores_2@next', 'data_quality_2@next', 'throughput_1@0']"
4,anchored,throughput_3,"['throughput_3@0', 'throughput_2@next', 'cores_3@next', 'data_quality_3@next', 'throughput_2@0']"
4,anchored,buffer_size_2,"['buffer_size_2@0', 'buffer_size_2@1', 'throughput_2@0', 'throughput_1@1']"
4,anchored,buffer_size_3,"['buffer_size_3@0', 'throughput_2@0', 'buffer_size_3@1', 'throughput_2@1']"
4,capacity,throughput_1,"['throughput_1@0', 'rps@next', 'capacity_1@next', 'cores_1@next']"
4,capacity,throughput_2,"['throughput_2@0', 'throughput_1@next', 'capacity_2@next', 'throughput_1@0']"
4,capacity,throughput_3,"['throughput_3@0', 'throughput_2@next', 'capacity_3@next', 'throughput_2@0']"
4,capacity,buffer_size_2,"['buffer_size_2@0', 'buffer_size_2@1', 'throughput_2@0', 'throughput_1@1']"
4,capacity,buffer_size_3,"['buffer_size_3@0', 'throughput_2@0', 'buffer_size_3@1', 'throughput_2@1']"
4,level,throughput_1,"['throughput_1@0', 'ema_throughput_1@0', 'data_quality_1@next']"
4,level,throughput_2,"['throughput_2@0', 'ema_throughput_2@0', 'throughput_1@0', 'throughput_1@1']"
4,level,throughput_3,"['throughput_3@0', 'ema_throughput_3@0', 'throughput_2@0', 'throughput_2@1']"
4,level,buffer_size_2,"['buffer_size_2@0', 'buffer_size_2@1', 'throughput_2@0', 'throughput_1@1']"
4,level,buffer_size_3,"['buffer_size_3@0', 'throughput_2@0', 'buffer_size_3@1', 'throughput_2@1']"
4,level?,throughput_1,"['throughput_1@0', 'data_quality_1@next', 'ema_throughput_1@0']"
4,level?,throughput_2,"['throughput_2@0', 'ema_throughput_2@0', 'throughput_1@0', 'throughput_1@1']"
4,level?,throughput_3,"['throughput_3@0', 'throughput_2@0', 'throughput_2@1', 'ema_throughput_3@0']"
4,level?,buffer_size_2,"['buffer_size_2@0', 'buffer_size_2@1', 'throughput_2@0', 'throughput_1@1']"
4,level?,buffer_size_3,"['buffer_size_3@0', 'throughput_2@0', 'buffer_size_3@1', 'throughput_2@1']"
5,direct_h1,throughput_3,"['throughput_3@0', 'throughput_2@0', 'throughput_2@1', 'buffer_size_3@0']"
5,direct_h1,throughput_3,"['throughput_3@0', 'throughput_2@0', 'throughput_2@1', 'buffer_size_3@0']"
5,direct_h2,throughput_3,"['throughput_3@0', 'throughput_3@1', 'buffer_size_2@0', 'data_quality_2@next']"
5,direct_h2,throughput_3,"['throughput_3@0', 'throughput_3@1', 'buffer_size_2@0', 'data_quality_2@next']"
5,direct_h5,throughput_3,"['throughput_3@0', 'throughput_3@1', 'data_quality_2@next', 'buffer_size_2@0']"
5,direct_h5,throughput_3,"['throughput_3@0', 'throughput_3@1', 'data_quality_2@next', 'buffer_size_2@0']"
5,direct_h10,throughput_3,"['throughput_3@0', 'throughput_3@1', 'data_quality_2@next', 'buffer_size_2@0']"
5,direct_h10,throughput_3,"['throughput_3@0', 'throughput_3@1', 'data_quality_2@next', 'buffer_size_2@0']"
5,direct_h30,throughput_3,"['throughput_3@0', 'throughput_3@1', 'data_quality_2@next', 'buffer_size_2@0']"
5,direct_h30,throughput_3,"['throughput_3@0', 'throughput_3@1', 'data_quality_2@next', 'buffer_size_2@0']"
5,learned,throughput_1,"['throughput_1@0', 'data_quality_1@next', 'cores_1@next']"
5,learned,throughput_2,"['throughput_2@0', 'throughput_2@1', 'buffer_size_2@0', 'data_quality_2@next']"
5,learned,throughput_3,"['throughput_3@0', 'throughput_2@0', 'throughput_2@1', 'buffer_size_3@0']"
5,learned,buffer_size_2,"['buffer_size_2@0', 'data_quality_1@next', 'throughput_1@0', 'buffer_size_2@1']"
5,learned,buffer_size_3,"['buffer_size_3@0', 'buffer_size_3@1', 'buffer_size_2@0', 'throughput_2@0']"
5,local,throughput_1,"['throughput_1@0', 'data_quality_1@next', 'cores_1@next']"
5,local,throughput_2,"['throughput_2@0', 'throughput_2@1', 'buffer_size_2@0', 'data_quality_2@next']"
5,local,throughput_3,"['throughput_3@0', 'throughput_2@0', 'throughput_2@1', 'buffer_size_3@0']"
5,local,buffer_size_2,"['buffer_size_2@0', 'buffer_size_2@1', 'throughput_1@0', 'throughput_2@0']"
5,local,buffer_size_3,"['buffer_size_3@0', 'buffer_size_3@1', 'throughput_2@0', 'throughput_2@1']"
5,chain,throughput_1,"['throughput_1@0', 'rps@next', 'data_quality_1@next', 'cores_1@next']"
5,chain,throughput_2,"['throughput_2@0', 'throughput_1@next', 'data_quality_2@next', 'throughput_1@0']"
5,chain,throughput_3,"['throughput_3@0', 'throughput_2@next', 'throughput_2@0', 'throughput_2@1']"
5,chain,buffer_size_2,"['buffer_size_2@0', 'buffer_size_2@1', 'throughput_1@0', 'throughput_2@0']"
5,chain,buffer_size_3,"['buffer_size_3@0', 'buffer_size_3@1', 'throughput_2@0', 'throughput_2@1']"
5,anchored,throughput_1,"['throughput_1@0', 'rps@next', 'cores_1@next', 'data_quality_1@next']"
5,anchored,throughput_2,"['throughput_2@0', 'throughput_1@next', 'cores_2@next', 'data_quality_2@next', 'throughput_2@1']"
5,anchored,throughput_3,"['throughput_3@0', 'throughput_2@next', 'cores_3@next', 'data_quality_3@next', 'throughput_2@0']"
5,anchored,buffer_size_2,"['buffer_size_2@0', 'buffer_size_2@1', 'throughput_1@0', 'throughput_2@0']"
5,anchored,buffer_size_3,"['buffer_size_3@0', 'buffer_size_3@1', 'throughput_2@0', 'throughput_2@1']"
5,capacity,throughput_1,"['throughput_1@0', 'rps@next', 'capacity_1@next', 'data_quality_1@next']"
5,capacity,throughput_2,"['throughput_2@0', 'throughput_1@next', 'capacity_2@next', 'throughput_2@1']"
5,capacity,throughput_3,"['throughput_3@0', 'throughput_2@next', 'capacity_3@next', 'throughput_2@0']"
5,capacity,buffer_size_2,"['buffer_size_2@0', 'buffer_size_2@1', 'throughput_1@0', 'throughput_2@0']"
5,capacity,buffer_size_3,"['buffer_size_3@0', 'buffer_size_3@1', 'throughput_2@0', 'throughput_2@1']"
5,level,throughput_1,"['throughput_1@0', 'ema_throughput_1@0', 'data_quality_1@next']"
5,level,throughput_2,"['throughput_2@0', 'ema_throughput_2@0', 'buffer_size_2@0', 'throughput_2@1']"
5,level,throughput_3,"['throughput_3@0', 'ema_throughput_3@0', 'throughput_2@0', 'throughput_2@1']"
5,level,buffer_size_2,"['buffer_size_2@0', 'buffer_size_2@1', 'throughput_1@0', 'throughput_2@0']"
5,level,buffer_size_3,"['buffer_size_3@0', 'buffer_size_3@1', 'throughput_2@0', 'throughput_2@1']"
5,level?,throughput_1,"['throughput_1@0', 'data_quality_1@next', 'ema_throughput_1@0']"
5,level?,throughput_2,"['throughput_2@0', 'ema_throughput_2@0', 'buffer_size_2@0', 'throughput_2@1']"
5,level?,throughput_3,"['throughput_3@0', 'ema_throughput_3@0', 'throughput_2@0', 'throughput_2@1']"
5,level?,buffer_size_2,"['buffer_size_2@0', 'buffer_size_2@1', 'throughput_1@0', 'throughput_2@0']"
5,level?,buffer_size_3,"['buffer_size_3@0', 'buffer_size_3@1', 'throughput_2@0', 'throughput_2@1']"
