setting,model,datasets,n_test,acc,logloss,mae,acc_change
g1s_h1_b10,ar,3,30000,0.9239333333333334,0.3374468559950374,5.914278931208407,0.0
g1s_h1_b10,hgb,3,30000,0.9343333333333333,,4.12529175878176,0.25503943908851884
g1s_h1_b10,hgb_ctx,3,30000,0.9343333333333333,,4.023804183326575,0.26993865030674846
g1s_h1_b10,model,3,30000,0.9356666666666666,0.23991564804084833,6.355066805661985,0.32778264680105174
g1s_h1_b10,persistence,3,30000,0.9239333333333334,,4.513800000000008,0.0
g1s_h1_b10,tabpfn,3,30000,0.9404333333333333,0.25116767796135187,3.922977243164549,0.4404031551270815
g1s_h1_b10,tabpfn_clf,3,30000,0.9122,0.36159295739148245,16.9816276932508,0.4767747589833479
g1s_h1_b20,ar,3,30000,0.8736333333333334,0.4866038037909903,5.7996945169658645,0.01395973154362416
g1s_h1_b20,dbn_rec,3,30000,0.9222666666666667,0.269470663719874,5.306439410247715,0.5374496644295302
g1s_h1_b20,dbn_rec_median,3,30000,0.9222666666666667,0.269470663719874,3.7165362963544695,0.5374496644295302
g1s_h1_b20,hgb,3,30000,0.8934333333333333,,4.12529175878176,0.28
g1s_h1_b20,hgb_ctx,3,30000,0.8935,,4.023804183326575,0.2966442953020134
g1s_h1_b20,model,3,30000,0.9077,0.3322251052467146,5.636219832837865,0.38845637583892617
g1s_h1_b20,persistence,3,30000,0.8758333333333334,,4.513800000000005,0.0
g1s_h1_b20,tabpfn,3,30000,0.9017333333333334,0.38696157687013755,3.922978173224862,0.4590604026845638
g1s_h1_b20,tabpfn_parents,3,30000,0.9072333333333333,0.32369605315545996,3.874709418383001,0.4818791946308725
g1s_h1_b50,ar,3,30000,0.8110333333333334,0.6652910566600793,5.2512720345086485,0.06102610261026103
g1s_h1_b50,dbn_rec,3,30000,0.8784333333333333,0.4129554768639161,4.471466086624229,0.538973897389739
g1s_h1_b50,dbn_rec_median,3,30000,0.8784333333333333,0.4129554768639161,3.7531029052818976,0.538973897389739
g1s_h1_b50,hgb,3,30000,0.8320666666666666,,4.12529175878176,0.24338433843384338
g1s_h1_b50,hgb_ctx,3,30000,0.8318666666666666,,4.023804183326575,0.26174617461746175
g1s_h1_b50,model,3,30000,0.8639333333333333,0.4961276246767801,4.753865397098207,0.4190819081908191
g1s_h1_b50,persistence,3,30000,0.8148333333333333,,4.513800000000007,0.0
g1s_h1_b50,tabpfn,3,30000,0.8551,0.5719549385563644,3.922978173224862,0.4352835283528353
g1s_h5_b20,ar,1,10000,0.8721,0.5429893551130929,8.107904658141939,0.01179245283018868
g1s_h5_b20,hgb,1,10000,0.8681,,5.898315210884857,0.1619496855345912
g1s_h5_b20,hgb_ctx,1,10000,0.8732,,5.976312702888936,0.19103773584905662
g1s_h5_b20,model,1,10000,0.8766,0.44516935685857495,7.743511846059034,0.16745283018867924
g1s_h5_b20,persistence,1,10000,0.8728,,6.180600000000007,0.0
g1s_h5_b20,tabpfn,1,10000,0.869,0.4981158045352857,5.813220158978965,0.2916666666666667
g30s_h1_b20,ar,3,14010,0.8367594575303354,0.8643660217031589,25.346508310031453,0.009497964721845319
g30s_h1_b20,dbn_rec,3,14010,0.8887223411848679,0.6144361801113803,17.41032177133392,0.35911352329262775
g30s_h1_b20,dbn_rec_median,3,14010,0.8887223411848679,0.6144361801113803,10.387306395882097,0.35911352329262775
g30s_h1_b20,hgb,3,14010,0.8284082798001428,,13.54699458480492,0.14608774310266848
g30s_h1_b20,hgb_ctx,3,14010,0.8284082798001428,,13.54699458480492,0.14608774310266848
g30s_h1_b20,model,3,14010,0.8386152748037117,0.7900954091639654,20.24946955888623,0.017186793306196293
g30s_h1_b20,persistence,3,14010,0.8421841541755889,,17.583892457768265,0.0
g30s_h1_b20,tabpfn,3,14010,0.8478943611705925,0.57326100042269,11.256123929018678,0.2881049298959747
g30s_h1_b4,ar,3,14010,0.9201284796573875,0.33673639237747777,25.320873740190926,0.01068566340160285
g30s_h1_b4,dbn_rec,3,14010,0.9586723768736617,0.16658879306030883,16.15486444478449,0.5191451469278717
g30s_h1_b4,dbn_rec_median,3,14010,0.9586723768736617,0.16658879306030883,11.184601636612495,0.5191451469278717
g30s_h1_b4,hgb,3,14010,0.9343326195574589,,13.54699458480492,0.2715939447907391
g30s_h1_b4,hgb_ctx,3,14010,0.9343326195574589,,13.54699458480492,0.2715939447907391
g30s_h1_b4,model,3,14010,0.9211991434689507,0.2649405504090573,19.52598362616279,0.028495102404274265
g30s_h1_b4,persistence,3,14010,0.9198429693076374,,17.583892457768265,0.0
g30s_h1_b4,tabpfn,3,14010,0.9466095645967166,0.17138270810433714,11.256123929018678,0.5707925200356189
g30s_h1_b4,tabpfn_clf,3,14010,0.9316202712348323,0.2124278796053981,22.961391856204838,0.703472840605521
