setting,dbn,dbn_minus,n_runs,d_acc,d_acc_lo,d_acc_hi,p_acc,d_logloss,d_logloss_lo,d_logloss_hi,p_logloss,d_mae,d_mae_lo,d_mae_hi,p_mae,d_maeh,d_maeh_lo,d_maeh_hi,p_maeh
g1s_h1_b10,model,ar,1401,0.011733333333333262,0.006043354384986314,0.017036231105572907,0.0002,-0.09753120795418904,-0.11211813309697177,-0.08323717972003661,0.0001,-0.5661850932684445,-0.8432422773191627,-0.2687646828496395,0.0002,0.44078787445357825,0.14518942469063006,0.7540299323526353,0.0026
g1s_h1_b10,model,hgb,1401,0.0013333333333332975,-0.0038502422157447175,0.0061404446130457375,0.616,-0.6673118785583056,-0.7457654053910803,-0.5920401867039132,0.0001,0.10765086620181208,-0.1659202153888147,0.4043937184264343,0.4472,2.229775046880226,1.9287401881571111,2.5481570725778684,0.0001
g1s_h1_b10,model,hgb_ctx,1401,0.0013333333333332975,-0.003922602981458018,0.006185552876395614,0.6146,-0.6673118785583056,-0.745177074618012,-0.5928041325462429,0.0001,0.09003489839529344,-0.1793908648539675,0.38228056252124326,0.5298,2.3312626223354096,2.0426222847894357,2.6436112571483896,0.0001
g1s_h1_b10,model,persistence,1401,0.011733333333333262,0.006043354384986314,0.017036231105572907,0.0002,-1.8618840248441164,-2.05285953713687,-1.6676886121064203,0.0001,-0.20205685138851237,-0.49503077659937805,0.10735727124867603,0.1942,1.8412668056619772,1.5417460212154772,2.1606897143991923,0.0001
g1s_h1_b10,model,tabpfn,1401,-0.005866666666666687,-0.01110340352252514,-0.001035184593951269,0.0152,0.07076581155227346,0.05745963074157856,0.08535658761843036,0.0001,0.6099281938171224,0.008844575051229823,1.1857559856274034,0.0472,2.837605315789507,2.405828181123317,3.2483255636589465,0.0001
g1s_h1_b10,model,tabpfn_clf,1401,0.01206666666666667,0.003912467757787424,0.020679234694668,0.0024,-0.04838264109380366,-0.06860313046290112,-0.028795925182121988,0.0001,-3.4461473912546836,-4.403718835025603,-2.5530834560750413,0.0001,-6.534943915869223,-7.490148683651838,-5.631557532377968,0.0001
g1s_h1_b10,dbn_rec,ar,1401,0.023566666666666625,0.01890953705019301,0.028212248818793303,0.0001,-0.1432763300497814,-0.15873994567443248,-0.12813353330212937,0.0001,-1.2007882633862152,-1.4139141745404153,-0.992388946818072,0.0001,-0.2616069074224052,-0.5012589603631474,-0.017091863527119538,0.0364
g1s_h1_b10,dbn_rec,hgb,1401,0.01316666666666666,0.009320997968980902,0.017092058284972976,0.0001,-0.713057000653898,-0.7935990666324061,-0.6367468949852371,0.0001,-0.5269523039159587,-0.7209404039823669,-0.32975202637913287,0.0001,1.5273802650042425,1.2846174016370764,1.7766524657971943,0.0001
g1s_h1_b10,dbn_rec,hgb_ctx,1401,0.01316666666666666,0.009386038941255698,0.016969626793648638,0.0001,-0.713057000653898,-0.7932250886235409,-0.6368719104312343,0.0001,-0.5445682717224773,-0.7313829534414089,-0.35171895760176286,0.0001,1.6288678404594261,1.4020670647085345,1.8616708011247123,0.0001
g1s_h1_b10,dbn_rec,persistence,1401,0.023566666666666625,0.01890953705019301,0.028212248818793303,0.0001,-1.9076291469397089,-2.101481629421132,-1.7121280148396574,0.0001,-0.8366600215062832,-1.0458358045724216,-0.6305290503075989,0.0001,1.1388720237859937,0.9089279870531948,1.3755811784682723,0.0001
g1s_h1_b10,dbn_rec,tabpfn,1401,0.005966666666666676,0.002281481891725659,0.0097119912349569,0.002,0.025020689456681094,0.01197892118064152,0.039303503040286715,0.0002,-0.02467497630064841,-0.6012410014186703,0.4969466151949565,0.9446,2.1352105339135234,1.758868826035885,2.4796804865895252,0.0001
g1s_h1_b10,dbn_rec,tabpfn_clf,1401,0.023900000000000032,0.016947999064280784,0.031676530509698285,0.0001,-0.09412776318939603,-0.11357519727687153,-0.07494989663120215,0.0001,-4.080750561372454,-5.025337832935228,-3.188080866703396,0.0001,-7.237338697745207,-8.206477869884068,-6.32507655063178,0.0001
g1s_h1_b10,dbn_rec_median,ar,1401,0.023566666666666625,0.01890953705019301,0.028212248818793303,0.0001,-0.1432763300497814,-0.15873994567443248,-0.12813353330212937,0.0001,-1.2007882633862152,-1.4139141745404153,-0.992388946818072,0.0001,-1.7427769376023736,-2.020281381570543,-1.4494186187210314,0.0001
g1s_h1_b10,dbn_rec_median,hgb,1401,0.01316666666666666,0.009320997968980902,0.017092058284972976,0.0001,-0.713057000653898,-0.7935990666324061,-0.6367468949852371,0.0001,-0.5269523039159587,-0.7209404039823669,-0.32975202637913287,0.0001,0.04621023482427411,-0.2036651272151908,0.32699455608249434,0.7578
g1s_h1_b10,dbn_rec_median,hgb_ctx,1401,0.01316666666666666,0.009386038941255698,0.016969626793648638,0.0001,-0.713057000653898,-0.7932250886235409,-0.6368719104312343,0.0001,-0.5445682717224773,-0.7313829534414089,-0.35171895760176286,0.0001,0.14769781027945772,-0.09341624542799506,0.4134322039567717,0.244
g1s_h1_b10,dbn_rec_median,persistence,1401,0.023566666666666625,0.01890953705019301,0.028212248818793303,0.0001,-1.9076291469397089,-2.101481629421132,-1.7121280148396574,0.0001,-0.8366600215062832,-1.0458358045724216,-0.6305290503075989,0.0001,-0.3422980063939747,-0.6117654043410949,-0.05875254934098986,0.0196
g1s_h1_b10,dbn_rec_median,tabpfn,1401,0.005966666666666676,0.002281481891725659,0.0097119912349569,0.002,0.025020689456681094,0.01197892118064152,0.039303503040286715,0.0002,-0.02467497630064841,-0.6012410014186703,0.4969466151949565,0.9446,0.654040503733555,0.27052096399531056,1.0125990597924903,0.0016
g1s_h1_b10,dbn_rec_median,tabpfn_clf,1401,0.023900000000000032,0.016947999064280784,0.031676530509698285,0.0001,-0.09412776318939603,-0.11357519727687153,-0.07494989663120215,0.0001,-4.080750561372454,-5.025337832935228,-3.188080866703396,0.0001,-8.718508727925176,-9.725455879861252,-7.7842378993377785,0.0001
g1s_h1_b20,model,ar,1401,0.03406666666666658,0.02882102249855234,0.0393352220297591,0.0001,-0.15437869854427566,-0.16938680263798117,-0.1395987519894009,0.0001,-1.1356871204351222,-1.3184214970208166,-0.952148767191972,0.0001,-0.1634746841279986,-0.3733497233362624,0.04593348340403361,0.126
g1s_h1_b20,model,hgb,1401,0.01426666666666665,0.0092508351778679,0.019236134305258716,0.0001,-1.14006680303318,-1.2424302499936337,-1.0409134592313498,0.0001,-0.288226569927426,-0.48923081759560044,-0.07805045629593599,0.0072,1.510928074056106,1.284107417635875,1.7413249542726577,0.0001
g1s_h1_b20,model,hgb_ctx,1401,0.01419999999999999,0.009396221128710839,0.01906008694793685,0.0001,-1.1391457689959825,-1.239536756442785,-1.0425647450177653,0.0001,-0.24644064737569238,-0.4341943013493771,-0.04732593281894919,0.0202,1.6124156495112896,1.4027274223647712,1.8356027512524435,0.0001
g1s_h1_b20,model,persistence,1401,0.0318666666666666,0.02622666770328059,0.03753838695500587,0.0001,-3.098626683314413,-3.341032593592709,-2.8617208754294374,0.0001,-0.6234418072451593,-0.8394573742668683,-0.4023170150379699,0.0001,1.122419832837859,0.8878482273736762,1.3619858863554957,0.0001
g1s_h1_b20,model,tabpfn,1401,0.0019333333333332314,-0.002386679223023122,0.0062305504685108174,0.3706,0.06051030909627453,0.04626727791395771,0.0754621110648017,0.0001,-0.21890426691045306,-0.7801619461920267,0.2810992957208937,0.438,2.118758342965387,1.7458794516904526,2.4558972070447376,0.0001
g1s_h1_b20,model,tabpfn_parents,1401,0.003366666666666629,-0.002408997309111402,0.009364552937558357,0.2712,0.01894302588404828,0.002811938789739687,0.0350716416561073,0.0222,-2.2081687349886217,-2.965518269725598,-1.510124355618311,0.0001,0.7488673224674232,0.039175734465987946,1.3990137287962539,0.0404
g1s_h1_b20,dbn_rec,ar,1401,0.048633333333333306,0.042309341933035705,0.05496619317619104,0.0001,-0.21713314007111628,-0.2343962070814689,-0.19982357509918788,0.0001,-1.4570025840507945,-1.6569677052139158,-1.2600542907304297,0.0001,-0.49325510671814854,-0.7318161677907901,-0.2611882247708269,0.0001
g1s_h1_b20,dbn_rec,hgb,1401,0.028833333333333377,0.023703495903054574,0.03413616703153385,0.0001,-1.2028212445600206,-1.306710633434388,-1.1030984629115077,0.0001,-0.6095420335430983,-0.818922059362406,-0.3933975087406031,0.0001,1.181147651465956,0.9377776285278601,1.433019553438176,0.0001
g1s_h1_b20,dbn_rec,hgb_ctx,1401,0.028766666666666718,0.023583037412708324,0.033926492599367974,0.0001,-1.2019002105228231,-1.3035920197726634,-1.1032274552627863,0.0001,-0.5677561109913647,-0.7587975145587565,-0.3697710827517065,0.0001,1.2826352269211396,1.0621513093118224,1.5145038993140847,0.0001
g1s_h1_b20,dbn_rec,persistence,1401,0.046433333333333326,0.04042372397419453,0.05265638054473236,0.0001,-3.1613811248412538,-3.4054723150322443,-2.9223374092159258,0.0001,-0.9447572708608316,-1.162205010713776,-0.7191948545156526,0.0001,0.792639410247709,0.5444787645634704,1.0431580929850264,0.0001
g1s_h1_b20,dbn_rec,tabpfn,1401,0.01649999999999996,0.012220015261629738,0.020856858186648952,0.0001,-0.0022441324305660926,-0.016541219020839066,0.012924174124598188,0.7464,-0.5402197305261254,-1.0913544574859906,-0.04320068983755028,0.0314,1.788977920375237,1.4261028834873999,2.1239657524841253,0.0001
g1s_h1_b20,dbn_rec,tabpfn_parents,1401,0.017933333333333357,0.011608231524075576,0.024552625035839798,0.0001,-0.04381141564279234,-0.06265514517577754,-0.02467582784313282,0.0001,-2.529484198604294,-3.318699472165292,-1.79677856800278,0.0001,0.4190868998772732,-0.31704073205155303,1.0945553170256483,0.2354
g1s_h1_b20,dbn_rec_median,ar,1401,0.048633333333333306,0.042309341933035705,0.05496619317619104,0.0001,-0.21713314007111628,-0.2343962070814689,-0.19982357509918788,0.0001,-1.4570025840507945,-1.6569677052139158,-1.2600542907304297,0.0001,-2.0831582206113937,-2.366891056919056,-1.8112452656540643,0.0001
g1s_h1_b20,dbn_rec_median,hgb,1401,0.028833333333333377,0.023703495903054574,0.03413616703153385,0.0001,-1.2028212445600206,-1.306710633434388,-1.1030984629115077,0.0001,-0.6095420335430983,-0.818922059362406,-0.3933975087406031,0.0001,-0.4087554624272891,-0.6326084839893272,-0.1899946649718906,0.0001
g1s_h1_b20,dbn_rec_median,hgb_ctx,1401,0.028766666666666718,0.023583037412708324,0.033926492599367974,0.0001,-1.2019002105228231,-1.3035920197726634,-1.1032274552627863,0.0001,-0.5677561109913647,-0.7587975145587565,-0.3697710827517065,0.0001,-0.3072678869721055,-0.50044211283563,-0.11465598789960499,0.0024
g1s_h1_b20,dbn_rec_median,persistence,1401,0.046433333333333326,0.04042372397419453,0.05265638054473236,0.0001,-3.1613811248412538,-3.4054723150322443,-2.9223374092159258,0.0001,-0.9447572708608316,-1.162205010713776,-0.7191948545156526,0.0001,-0.7972637036455361,-1.0439337757649887,-0.5620952521165647,0.0001
g1s_h1_b20,dbn_rec_median,tabpfn,1401,0.01649999999999996,0.012220015261629738,0.020856858186648952,0.0001,-0.0022441324305660926,-0.016541219020839066,0.012924174124598188,0.7464,-0.5402197305261254,-1.0913544574859906,-0.04320068983755028,0.0314,0.19907480648199183,-0.13574664570943454,0.4896461690871341,0.2234
g1s_h1_b20,dbn_rec_median,tabpfn_parents,1401,0.017933333333333357,0.011608231524075576,0.024552625035839798,0.0001,-0.04381141564279234,-0.06265514517577754,-0.02467582784313282,0.0001,-2.529484198604294,-3.318699472165292,-1.79677856800278,0.0001,-1.170816214015972,-1.8892747331360782,-0.5087802777328001,0.0001
g1s_h1_b50,model,ar,1401,0.05289999999999995,0.04715151986664961,0.058963698662930594,0.0001,-0.16916343198329914,-0.18208309688452323,-0.1566247490855057,0.0001,-0.8479153169314166,-0.9540450766408881,-0.747720203540322,0.0001,-0.49740663741044155,-0.6069217879603086,-0.3940975513371605,0.0001
g1s_h1_b50,model,hgb,1401,0.03186666666666671,0.02458219344483962,0.03923852749449563,0.0001,-1.8240061138235588,-1.9510906819431924,-1.6989177052781392,0.0001,0.05345494267456896,-0.20891257154590415,0.3563477818399336,0.7398,0.628573638316448,0.3614478296194279,0.9390602125378505,0.0001
g1s_h1_b50,model,hgb_ctx,1401,0.03206666666666669,0.02485798766467919,0.03917977773970166,0.0001,-1.826769215935152,-1.954803384212312,-1.702707050489239,0.0001,0.1395033924032152,-0.10434354290502353,0.42897518058556094,0.3002,0.7300612137716316,0.48159204642817094,1.0266260611298796,0.0001
g1s_h1_b50,model,persistence,1401,0.04910000000000003,0.04180468713792833,0.056422305586872175,0.0001,-4.620216451955989,-4.905891505732798,-4.343974940804399,0.0001,-0.31012496802470046,-0.5899258009388019,0.0003627216408027544,0.0506,0.24006539709820007,-0.043211199701693175,0.5551704302444105,0.1012
g1s_h1_b50,model,tabpfn,1401,0.0043999999999999595,-0.0013707990906386522,0.009997100796664033,0.138,0.06485851149398908,0.04316609989942237,0.08844740494225717,0.0001,-1.003007356168614,-1.6269818015571538,-0.4091651658367418,0.0004,1.236403907225729,0.8445670017858374,1.6260065749338688,0.0001
g1s_h1_b50,dbn_rec,ar,1401,0.0673999999999999,0.06038500930983617,0.07459988397171266,0.0001,-0.2523355797961632,-0.26844723345448956,-0.2365061523097689,0.0001,-1.0948459513369881,-1.221911360397592,-0.9744471954131791,0.0001,-0.7798059478844195,-0.9063346050658637,-0.6560890963150644,0.0001
g1s_h1_b50,dbn_rec,hgb,1401,0.04636666666666667,0.038900570656719015,0.053846550867621364,0.0001,-1.9071782616364228,-2.0368556426045017,-1.7795350436505422,0.0001,-0.19347569173100254,-0.4673480344967883,0.11681873771459791,0.2024,0.34617432784247004,0.06576864546880201,0.6671736364755891,0.0128
g1s_h1_b50,dbn_rec,hgb_ctx,1401,0.046566666666666645,0.03926934534986788,0.054022667872679536,0.0001,-1.909941363748016,-2.0398944752999943,-1.7835655463770073,0.0001,-0.10742724200235632,-0.36284717150960205,0.18663489882187592,0.4298,0.44766190329765365,0.1879879287145023,0.7518609799879127,0.0001
g1s_h1_b50,dbn_rec,persistence,1401,0.06359999999999999,0.05577393318106075,0.07137379637048703,0.0001,-4.703388599768854,-4.990564516578388,-4.424967765920274,0.0001,-0.557055602430272,-0.8417147758518874,-0.24159459369188485,0.0018,-0.042333913375777854,-0.33289021329763113,0.28076796912842544,0.7604
g1s_h1_b50,dbn_rec,tabpfn,1401,0.018899999999999917,0.012925733023433125,0.02473337279467766,0.0001,-0.018313636318875004,-0.04051713053328851,0.005670465864846634,0.132,-1.2499379905741854,-1.8772216244999325,-0.6543776935253802,0.0001,0.954004596751751,0.5651344418145114,1.3417936595677917,0.0001
g1s_h1_b50,dbn_rec_median,ar,1401,0.0673999999999999,0.06038500930983617,0.07459988397171266,0.0001,-0.2523355797961632,-0.26844723345448956,-0.2365061523097689,0.0001,-1.0948459513369881,-1.221911360397592,-0.9744471954131791,0.0001,-1.498169129226751,-1.6877492062532808,-1.3154463181594112,0.0001
g1s_h1_b50,dbn_rec_median,hgb,1401,0.04636666666666667,0.038900570656719015,0.053846550867621364,0.0001,-1.9071782616364228,-2.0368556426045017,-1.7795350436505422,0.0001,-0.19347569173100254,-0.4673480344967883,0.11681873771459791,0.2024,-0.3721888534998614,-0.6671246776851577,-0.032750321637808874,0.0322
g1s_h1_b50,dbn_rec_median,hgb_ctx,1401,0.046566666666666645,0.03926934534986788,0.054022667872679536,0.0001,-1.909941363748016,-2.0398944752999943,-1.7835655463770073,0.0001,-0.10742724200235632,-0.36284717150960205,0.18663489882187592,0.4298,-0.2707012780446778,-0.5452152456147511,0.05446052090235846,0.092
g1s_h1_b50,dbn_rec_median,persistence,1401,0.06359999999999999,0.05577393318106075,0.07137379637048703,0.0001,-4.703388599768854,-4.990564516578388,-4.424967765920274,0.0001,-0.557055602430272,-0.8417147758518874,-0.24159459369188485,0.0018,-0.7606970947181093,-1.0784652352025312,-0.412838138460776,0.0001
g1s_h1_b50,dbn_rec_median,tabpfn,1401,0.018899999999999917,0.012925733023433125,0.02473337279467766,0.0001,-0.018313636318875004,-0.04051713053328851,0.005670465864846634,0.132,-1.2499379905741854,-1.8772216244999325,-0.6543776935253802,0.0001,0.23564141540941952,-0.16735679264513031,0.6430258341508256,0.2518
g30s_h1_b20,model,ar,1401,0.001855817273376248,0.0006423982869379063,0.0035688793718772205,0.0002,-0.07427061253919354,-0.08249373831585388,-0.0660078664264905,0.0001,-3.6643557711755115,-4.01108018118117,-3.306371610032074,0.0001,-5.097038751145217,-5.428338082722123,-4.757045703423176,0.0001
g30s_h1_b20,model,hgb,1401,0.01020699500356892,0.0029978586723768963,0.017630264097073578,0.0028,-1.580550812735916,-1.6909334617877205,-1.470586065226306,0.0001,5.413692178565373,4.832883351992912,5.992590944330485,0.0001,6.702474974081312,6.123054555464679,7.283352877713492,0.0001
g30s_h1_b20,model,hgb_ctx,1401,0.01020699500356892,0.0029978586723768963,0.017630264097073578,0.0028,-1.580550812735916,-1.6909334617877205,-1.470586065226306,0.0001,5.413692178565373,4.832883351992912,5.992590944330485,0.0001,6.702474974081312,6.123054555464679,7.283352877713492,0.0001
g30s_h1_b20,model,persistence,1401,-0.0035688793718772205,-0.006780870806566752,-0.0007851534618129596,0.0128,-3.570517559238463,-3.741856006536628,-3.402157423058404,0.0001,1.1471522004070387,0.6717583000257583,1.6368461398038452,0.0001,2.665577101117968,2.1837638860359334,3.160908933254316,0.0001
g30s_h1_b20,model,tabpfn,1401,-0.05117773019271943,-0.0566024268379729,-0.04582441113490354,0.0001,0.4011610782853614,0.3751105509601707,0.42847227707231966,0.0001,10.818753331097867,9.908920729885661,11.709676389312781,0.0001,13.785044238735367,12.845581091544103,14.719497662927282,0.0001
g30s_h1_b20,dbn_rec,ar,1401,0.0519628836545325,0.049036402569593074,0.05488936473947181,0.0001,-0.24992984159177856,-0.2766570464639978,-0.2220180823155117,0.0001,-7.609851710404623,-8.198740384904154,-7.00231294591995,0.0001,-7.936186538697527,-8.533990149890183,-7.323988678505312,0.0001
g30s_h1_b20,dbn_rec,hgb,1401,0.06031406138472517,0.052960385438972156,0.06795146324054246,0.0001,-1.756210041788501,-1.8679491146716212,-1.643819381113784,0.0001,1.4681962393362618,0.8187297304444445,2.1231944221828845,0.0001,3.863327186529002,3.217767226469878,4.506203492661748,0.0001
g30s_h1_b20,dbn_rec,hgb_ctx,1401,0.06031406138472517,0.052960385438972156,0.06795146324054246,0.0001,-1.756210041788501,-1.8679491146716212,-1.643819381113784,0.0001,1.4681962393362618,0.8187297304444445,2.1231944221828845,0.0001,3.863327186529002,3.217767226469878,4.506203492661748,0.0001
g30s_h1_b20,dbn_rec,persistence,1401,0.04653818700927903,0.0420413990007138,0.0506798715203426,0.0001,-3.7461767882910477,-3.9202077512322626,-3.576290253381423,0.0001,-2.798343738822073,-3.518631048974064,-2.0687950875810857,0.0001,-0.17357068643434204,-0.8810458976715636,0.5533339565985436,0.6308
g30s_h1_b20,dbn_rec,tabpfn,1401,-0.0010706638115631772,-0.006996788008565323,0.004782298358315451,0.7308,0.22550184923277639,0.19033105237407585,0.26118187765334183,0.0001,6.873257391868755,6.00030333575119,7.704722678737601,0.0001,10.945896451183057,10.063587641462822,11.816262549420879,0.0001
g30s_h1_b20,dbn_rec_median,ar,1401,0.0519628836545325,0.049036402569593074,0.05488936473947181,0.0001,-0.24992984159177856,-0.2766570464639978,-0.2220180823155117,0.0001,-7.609851710404623,-8.198740384904154,-7.00231294591995,0.0001,-14.959201914149352,-15.660062614011496,-14.256955372161073,0.0001
g30s_h1_b20,dbn_rec_median,hgb,1401,0.06031406138472517,0.052960385438972156,0.06795146324054246,0.0001,-1.756210041788501,-1.8679491146716212,-1.643819381113784,0.0001,1.4681962393362618,0.8187297304444445,2.1231944221828845,0.0001,-3.159688188922823,-3.699641235604338,-2.6118684175932936,0.0001
g30s_h1_b20,dbn_rec_median,hgb_ctx,1401,0.06031406138472517,0.052960385438972156,0.06795146324054246,0.0001,-1.756210041788501,-1.8679491146716212,-1.643819381113784,0.0001,1.4681962393362618,0.8187297304444445,2.1231944221828845,0.0001,-3.159688188922823,-3.699641235604338,-2.6118684175932936,0.0001
g30s_h1_b20,dbn_rec_median,persistence,1401,0.04653818700927903,0.0420413990007138,0.0506798715203426,0.0001,-3.7461767882910477,-3.9202077512322626,-3.576290253381423,0.0001,-2.798343738822073,-3.518631048974064,-2.0687950875810857,0.0001,-7.196586061886167,-7.792415427531319,-6.591478496397729,0.0001
g30s_h1_b20,dbn_rec_median,tabpfn,1401,-0.0010706638115631772,-0.006996788008565323,0.004782298358315451,0.7308,0.22550184923277639,0.19033105237407585,0.26118187765334183,0.0001,6.873257391868755,6.00030333575119,7.704722678737601,0.0001,3.9228810757312313,3.148328177895719,4.722374421050075,0.0001
g30s_h1_b4,model,ar,1401,0.0010706638115631772,-7.137758743758216e-05,0.001998572448251301,0.0752,-0.07179584196842048,-0.0789900986582404,-0.06437112514257987,0.0001,-3.193850398490504,-3.6788024920604045,-2.714180967495769,0.0001,-5.794890114028135,-6.234503584650146,-5.349637406740207,0.0001
g30s_h1_b4,model,hgb,1401,-0.013133476088508234,-0.01655960028551029,-0.009564596716631013,0.0001,-0.6422908374042249,-0.7070090925569709,-0.5798567686030484,0.0001,2.034319632667483,1.3906400755748836,2.6687417855939084,0.0001,5.97898904135787,5.462531434275595,6.494080525341869,0.0001
g30s_h1_b4,model,hgb_ctx,1401,-0.013133476088508234,-0.01655960028551029,-0.009564596716631013,0.0001,-0.6422908374042249,-0.7070090925569709,-0.5798567686030484,0.0001,2.034319632667483,1.3906400755748836,2.6687417855939084,0.0001,5.97898904135787,5.462531434275595,6.494080525341869,0.0001
g30s_h1_b4,model,persistence,1401,0.0013561741613132838,-0.00021413276231263545,0.0026409707351892076,0.0864,-1.9498800572417463,-2.069338105695982,-1.8327046109654244,0.0001,-1.9459123371675133,-2.44300914142884,-1.4490128410408223,0.0001,1.9420911683945263,1.499308576809634,2.3952721142407425,0.0001
g30s_h1_b4,model,tabpfn,1401,-0.04675231977159178,-0.05096359743040679,-0.04254104211277654,0.0001,0.16473854779359062,0.1521674029496719,0.17717046526175953,0.0001,9.766074879785151,8.960726068819753,10.567524345086786,0.0001,13.061558306011925,12.201287036944287,13.918802998326635,0.0001
g30s_h1_b4,model,tabpfn_clf,1401,-0.023126338329764518,-0.0311206281227695,-0.014346895074946464,0.0001,0.10092134487726873,0.08434446474311869,0.11663595416584605,0.0001,8.479433540744697,7.288994226050345,9.631967678003196,0.0001,1.8809470767774563,0.47426229396088815,3.1820320231409136,0.011
g30s_h1_b4,dbn_rec,ar,1401,0.03854389721627416,0.0357601713062099,0.04132762312633831,0.0001,-0.17014759931716894,-0.17940920267462945,-0.16090335027140112,0.0001,-7.390638139751005,-8.001221821361217,-6.767640560909621,0.0001,-9.166009295406436,-9.742408816926998,-8.602331984345362,0.0001
g30s_h1_b4,dbn_rec,hgb,1401,0.024339757316202748,0.020842255531763106,0.02790863668807997,0.0001,-0.7406425947529733,-0.8074451235192596,-0.6761701527248825,0.0001,-2.1624681085930177,-2.8063604691874326,-1.5247192533942195,0.0001,2.6078698599795693,2.0798290226632186,3.1323878498072437,0.0001
g30s_h1_b4,dbn_rec,hgb_ctx,1401,0.024339757316202748,0.020842255531763106,0.02790863668807997,0.0001,-0.7406425947529733,-0.8074451235192596,-0.6761701527248825,0.0001,-2.1624681085930177,-2.8063604691874326,-1.5247192533942195,0.0001,2.6078698599795693,2.0798290226632186,3.1323878498072437,0.0001
g30s_h1_b4,dbn_rec,persistence,1401,0.038829407566024265,0.03590292648108495,0.04175588865096358,0.0001,-2.0482318145904945,-2.1715719266568008,-1.9275914004431223,0.0001,-6.142700078428014,-6.790879888361691,-5.49944388171957,0.0001,-1.4290280129837747,-2.0192208680746018,-0.8363213871206256,0.0001
g30s_h1_b4,dbn_rec,tabpfn,1401,-0.009279086366880795,-0.013062098501070651,-0.005424696645253357,0.0001,0.06638679044484216,0.05620008019072563,0.07643396039191527,0.0001,5.5692871385246505,4.833291178500175,6.3008921073353985,0.0001,9.690439124633624,8.905550708545963,10.471517937068288,0.0001
g30s_h1_b4,dbn_rec,tabpfn_clf,1401,0.014346895074946464,0.006638115631691588,0.022769450392576718,0.0001,0.0025695875285202674,-0.013173891471975957,0.017465236943939918,0.7482,4.282645799484197,3.1226081589630863,5.381994940578162,0.0001,-1.4901721046008447,-2.8710383556118755,-0.2183093831679459,0.0206
g30s_h1_b4,dbn_rec_median,ar,1401,0.03854389721627416,0.0357601713062099,0.04132762312633831,0.0001,-0.17014759931716894,-0.17940920267462945,-0.16090335027140112,0.0001,-7.390638139751005,-8.001221821361217,-6.767640560909621,0.0001,-14.136272103578431,-14.783194082419815,-13.471645366202793,0.0001
g30s_h1_b4,dbn_rec_median,hgb,1401,0.024339757316202748,0.020842255531763106,0.02790863668807997,0.0001,-0.7406425947529733,-0.8074451235192596,-0.6761701527248825,0.0001,-2.1624681085930177,-2.8063604691874326,-1.5247192533942195,0.0001,-2.3623929481924257,-2.8573860072209296,-1.878707524577674,0.0001
g30s_h1_b4,dbn_rec_median,hgb_ctx,1401,0.024339757316202748,0.020842255531763106,0.02790863668807997,0.0001,-0.7406425947529733,-0.8074451235192596,-0.6761701527248825,0.0001,-2.1624681085930177,-2.8063604691874326,-1.5247192533942195,0.0001,-2.3623929481924257,-2.8573860072209296,-1.878707524577674,0.0001
g30s_h1_b4,dbn_rec_median,persistence,1401,0.038829407566024265,0.03590292648108495,0.04175588865096358,0.0001,-2.0482318145904945,-2.1715719266568008,-1.9275914004431223,0.0001,-6.142700078428014,-6.790879888361691,-5.49944388171957,0.0001,-6.39929082115577,-6.947976341272904,-5.845161847772433,0.0001
g30s_h1_b4,dbn_rec_median,tabpfn,1401,-0.009279086366880795,-0.013062098501070651,-0.005424696645253357,0.0001,0.06638679044484216,0.05620008019072563,0.07643396039191527,0.0001,5.5692871385246505,4.833291178500175,6.3008921073353985,0.0001,4.720176316461629,4.005637579633457,5.429680776110331,0.0001
g30s_h1_b4,dbn_rec_median,tabpfn_clf,1401,0.014346895074946464,0.006638115631691588,0.022769450392576718,0.0001,0.0025695875285202674,-0.013173891471975957,0.017465236943939918,0.7482,4.282645799484197,3.1226081589630863,5.381994940578162,0.0001,-6.46043491277284,-7.8671289749602,-5.19114846576245,0.0001
