setting,granularity,horizon,n_bins,model,fold,n_train,n_context,n_all,acc_all,logloss_all,mae_all,maeh_all,n_within,acc_within,logloss_within,mae_within,maeh_within,n_xrun,acc_xrun,logloss_xrun,mae_xrun,maeh_xrun,n_change,acc_change,logloss_change,mae_change,maeh_change,n_stay,acc_stay,logloss_stay,mae_stay,maeh_stay,n_event,acc_event,logloss_event,mae_event,maeh_event,f1_all,parents,mae_persistence_continuous
g1s_h1_b20,1,1,20,model,1,33200,10000,2000,0.8745,0.43715436784452344,9.140093141378454,5.84366526094155,1995,0.8756892230576441,0.4239080863294177,8.917733106161494,5.613538436381569,5,0.4,5.722420692371723,97.86174719294593,97.66426826037375,265,0.3283018867924528,2.574799600539777,24.134279529105914,23.08058817765906,1735,0.9579250720461095,0.1106552400841533,6.849914817028151,3.2109364004630825,1174,0.833901192504259,0.6298199320344675,10.091071691274736,7.376675600598882,0.7619683699814275,"y@t,throughput_2@t,buffer_size_3@t",4.494
g1s_h1_b20,1,1,20,ar,1,33200,10000,2000,0.845,0.5654490930098821,9.992666652361157,5.8736335371791775,1995,0.8461152882205514,0.5540120119771571,9.773917625744698,5.6465591047435755,5,0.4,5.128844425067187,97.27352827232855,96.47633207898426,265,0.052830188679245285,3.258979756197204,27.90089974513957,22.755178380910795,1735,0.9659942363112392,0.15404527413689062,7.257403384588087,3.2951843247360193,1174,0.7802385008517888,0.8091449745811322,11.417147239807669,7.257820229519074,0.7222667349240451,"y@t,throughput_2@t,buffer_size_3@t",4.494
g1s_h1_b20,1,1,20,persistence,1,33200,10000,2000,0.8675,3.661110297860532,9.478414677313099,4.494000000000004,1995,0.868671679197995,3.628735605199639,9.25816159180636,4.26165413533835,5,0.4,16.578612669557128,97.35939579450226,97.2,265,0.0,27.631021115928544,30.16543774450908,24.649056603773584,1735,1.0,0.0,6.318725275118901,1.415561959654184,1174,0.7768313458262351,6.166377795888653,11.339342989889744,7.2419080068143105,0.7707085905512554,"y@t,throughput_2@t,buffer_size_3@t",4.494
g1s_h1_b20,1,1,20,tabpfn,1,33200,10000,2000,0.861,0.743063903137642,9.698938614435344,4.872010035330974,1995,0.86265664160401,0.7365977637849542,9.50251913578532,4.671548636265686,5,0.2,3.323053504860101,88.07031059579383,84.85610826238113,265,0.3433962264150943,1.4754275962974748,22.07636975315428,20.90526545745358,1735,0.940057636887608,0.6312043188798002,7.808437604775101,2.4231266423266566,1174,0.8160136286201022,0.8459625272121472,9.227488382702012,6.417507720752221,0.7389109301349686,"y@t,throughput_2@t,buffer_size_3@t",4.494
g1s_h1_b20,1,1,20,hgb,1,33200,10000,2000,0.868,1.8236663934707866,9.316308166443193,4.46707167838269,1995,0.869172932330827,1.8074617344704673,9.09565607890469,4.2362086774299526,5,0.4,8.289325334598066,97.3564910943057,96.58140905852468,265,0.1811320754716981,11.31309745671855,27.80894976831557,21.94846315727384,1735,0.9729106628242075,0.3742720235799173,6.491783656647124,1.797003239243696,1174,0.8006814310051107,2.7537067941667255,10.988484281893827,6.55229613018635,0.761987676390764,"y@t,throughput_2@t,buffer_size_3@t",4.494
g1s_h1_b20,1,1,20,hgb_ctx,1,33200,10000,2000,0.8705,1.7891276170758759,9.31163040000362,4.522739735220814,1995,0.8716791979949875,1.772836394726196,9.090966588739704,4.292335473849683,5,0.4,8.289325334598066,97.3564910943057,96.45404002230214,265,0.17358490566037735,11.4173654609296,27.86001109105324,22.08878858595917,1735,0.9769452449567724,0.3185322115304938,6.478592427019097,1.839740919401987,1174,0.7989778534923339,2.7772425872808046,10.983574748366552,6.654148045399958,0.7704158658302453,"y@t,throughput_2@t,buffer_size_3@t",4.494
g1s_h1_b20,1,1,20,tabpfn_parents,1,33200,10000,2000,0.8985,0.4065020567373093,8.254456856483186,3.9562681995808564,1995,0.899749373433584,0.39259118821330613,8.045870374279302,3.728821860155797,5,0.4,5.956938597814603,91.4804632558333,94.70735763017983,265,0.4188679245283019,1.779348298780509,22.574936048245114,20.36302240190538,1735,0.9717579250720461,0.19681660766442877,6.067179054859606,1.4503374424534807,1174,0.8458262350936968,0.5548844503154564,9.545070008383014,5.819937029932549,0.8510565757044615,"y@t,throughput_2@t,buffer_size_3@t",4.494
g1s_h1_b20,1,1,20,model,2,66758,10000,2000,0.867,0.44836404788691536,9.370878897025944,6.484697548769376,1990,0.8703517587939699,0.412213891482812,8.395650887774318,5.4861650286656065,10,0.2,7.642245172303488,203.4412527380997,205.19266904941952,326,0.2822085889570552,2.215341608382051,25.364543775339154,25.490217693075017,1674,0.980884109916368,0.10425730671522233,6.25622253482158,2.7835030642749676,1218,0.7963875205254516,0.6157525637661785,9.665228714697461,7.84678168299606,0.760873812723164,"y@t,throughput_2@t,data_quality_1@t+h,avg_p_latency_1@t",5.267
g1s_h1_b20,1,1,20,ar,2,66758,10000,2000,0.837,0.5987656302240933,10.828491891593462,6.879223820304931,1990,0.8402010050251256,0.5633238636673558,9.85981991272686,5.8827810226472055,10,0.2,7.6516771750149015,203.59421568604768,205.17134055419243,326,0.0,2.971746541421757,28.961041274851713,23.957015012312688,1674,1.0,0.13664389960853884,7.297302465702072,3.55344130621023,1218,0.7389162561576355,0.8202530362102001,11.053060707722631,7.5574285064958175,0.7419379611973305,"y@t,throughput_2@t,data_quality_1@t+h,avg_p_latency_1@t",5.267
g1s_h1_b20,1,1,20,persistence,2,66758,10000,2000,0.837,4.503856441896353,10.08121194939752,5.267000000000005,1990,0.8402010050251256,4.4154094044549135,9.102610626872607,4.255276381909552,10,0.2,22.10481689274284,204.82287513185526,206.6,326,0.0,27.631021115928544,30.17771858629818,24.598159509202453,1674,1.0,0.0,6.167555340299781,1.5023894862604599,1218,0.7389162561576355,7.214010439134054,10.844751364095751,6.9523809523809526,0.7419379611973305,"y@t,throughput_2@t,data_quality_1@t+h,avg_p_latency_1@t",5.267
g1s_h1_b20,1,1,20,tabpfn,2,66758,10000,2000,0.8655,0.4728238781934691,9.79158323288476,4.551624754153174,1990,0.8688442211055276,0.4550380349157834,8.89793704650431,3.559616716091607,10,0.2,4.012206690452939,187.62717432259393,201.96122432840494,326,0.39263803680981596,1.4267774539109856,22.49998547176582,20.09727246256488,1674,0.9575866188769414,0.28704797276699934,7.316709200701232,1.5242166580108696,1218,0.8144499178981938,0.5594528669264729,8.841827155121731,5.3259403977616895,0.7658692057300961,"y@t,throughput_2@t,data_quality_1@t+h,avg_p_latency_1@t",5.267
g1s_h1_b20,1,1,20,hgb,2,66758,10000,2000,0.865,1.8651129251446792,9.756656611051284,4.935190881730252,1990,0.8683417085427135,1.8189455154911804,8.776433082459967,3.923781783312082,10,0.2,11.052427446190922,204.82113880072362,206.20560146694606,326,0.2668711656441718,10.128568151210489,27.509854072644877,22.325864323770862,1674,0.9814814814814815,0.2558617879299515,6.299343365842495,1.5484766988716863,1218,0.7972085385878489,2.80168657602408,10.253908160739037,6.005291817737339,0.7646956258525546,"y@t,throughput_2@t,data_quality_1@t+h,avg_p_latency_1@t",5.267
g1s_h1_b20,1,1,20,hgb_ctx,2,66758,10000,2000,0.857,1.9756370096083935,9.853745744883817,4.983978018139023,1990,0.8603015075376884,1.93002499736426,8.874010101387135,3.9775031937031122,10,0.2,11.052427446190922,204.82113880072362,205.27246808088535,326,0.2361963190184049,10.552356818632704,28.167533437192407,22.401632781333355,1674,0.9778972520908005,0.3053797469190708,6.2872614033709135,1.5920094083413223,1218,0.7873563218390804,2.937799980536043,10.426575201451461,6.032862915861464,0.7567841765884145,"y@t,throughput_2@t,data_quality_1@t+h,avg_p_latency_1@t",5.267
g1s_h1_b20,1,1,20,tabpfn_parents,2,66758,10000,2000,0.838,0.4838644257548134,9.810603319411351,5.731905067026146,1990,0.8412060301507538,0.4672771125325582,8.930163147655314,4.761122941964291,10,0.2,3.784739756983592,185.01819749886255,198.91754795433542,326,0.42024539877300615,1.737602727419828,24.22452815966636,21.468750025643516,1674,0.9193548387096774,0.23970750440308422,7.003590477163361,2.667262619887996,1218,0.7873563218390804,0.632341930925416,10.43646452973514,7.081377116334809,0.7261817385721165,"y@t,throughput_2@t,data_quality_1@t+h,avg_p_latency_1@t",5.267
g1s_h1_b20,1,1,20,model,3,99959,10000,2000,0.9035,0.341891472180725,8.533325470460666,5.884004985229976,1995,0.9052631578947369,0.32704462272931006,8.142141591616948,5.494028593026888,5,0.2,6.2657844032952825,164.6156931291042,161.4845854742623,248,0.28225806451612906,2.110122526822878,24.975697467289493,24.600799793827605,1752,0.9914383561643836,0.09159392563320572,6.205866420681244,3.23459567442392,1176,0.8443877551020408,0.49889527226051655,8.743543373736484,7.265734782120959,0.7704546298654421,"y@t,data_quality_1@t+h,throughput_2@t,buffer_size_3@t",4.5305
g1s_h1_b20,1,1,20,ar,3,99959,10000,2000,0.876,0.46197755456161804,8.89998095718602,5.457163447176914,1995,0.8776942355889724,0.44753647146954695,8.507083965147517,5.063485227431224,5,0.2,6.223969708297966,165.6658807805489,162.534773125707,248,0.0,2.813614151597563,29.049839938455886,24.556851876935657,1752,1.0,0.1290974883145208,6.047717813718594,2.753554582690516,1176,0.7925170068027211,0.6756534273520193,9.846664283722426,7.051736777227382,0.7378170113403455,"y@t,data_quality_1@t+h,throughput_2@t,buffer_size_3@t",4.5305
g1s_h1_b20,1,1,20,persistence,3,99959,10000,2000,0.876,3.42624661837514,9.047675973113503,4.530500000000005,1995,0.8776942355889724,3.3794331590408846,8.653481908748269,4.132832080200506,5,0.2,22.10481689274284,166.33110765484184,163.2,248,0.0,27.631021115928547,31.385915198599452,26.697580645161292,1752,1.0,0.0,5.885642110145172,1.392694063926947,1176,0.7925170068027211,5.732966966230072,10.315238052577737,7.011054421768708,0.7378170113403455,"y@t,data_quality_1@t+h,throughput_2@t,buffer_size_3@t",4.5305
g1s_h1_b20,1,1,20,tabpfn,3,99959,10000,2000,0.9155,0.34509724863634667,7.798313954171243,3.392459243885071,1995,0.9172932330827067,0.336729276133044,7.421972137589309,3.0084083601228526,5,0.2,3.683918277454113,157.95869877036301,156.62876186501012,248,0.47580645161290325,1.2576280123498857,19.960398699248653,18.58773439891736,1752,0.9777397260273972,0.215926227288768,6.076740314457089,1.241529884040318,1176,0.8690476190476191,0.4590748002592063,7.4299378842619275,4.787626936974655,0.795600488151002,"y@t,data_quality_1@t+h,throughput_2@t,buffer_size_3@t",4.5305
g1s_h1_b20,1,1,20,hgb,3,99959,10000,2000,0.8905,1.5128174059165904,8.766055003114563,4.129529268862881,1995,0.8922305764411027,1.4889086088231709,8.425639174032387,3.770794084631143,5,0.2,11.052427446190922,144.59197080690294,147.26486777732697,248,0.24193548387096775,10.473067326018226,26.968948173258475,22.29309880803632,1752,0.9823059360730594,0.24447152681544518,6.189389759852181,1.55843038432235,1176,0.8222789115646258,2.4553265734713166,9.880370742256613,6.158353479078734,0.7386604975238965,"y@t,data_quality_1@t+h,throughput_2@t,buffer_size_3@t",4.5305
g1s_h1_b20,1,1,20,hgb_ctx,3,99959,10000,2000,0.899,1.3953855661738939,8.569252093191976,4.012680899131976,1995,0.9007518796992481,1.3711824536926482,8.173860682101681,3.6124894755733257,5,0.2,11.052427446190922,166.330425118219,163.68905889903334,248,0.27419354838709675,10.027405695116153,26.696034023762305,22.65982235887522,1752,0.9874429223744292,0.173501438332752,6.003360587038182,1.3731311947847582,1176,0.8375850340136054,2.2438646771759445,9.432572673857779,5.873251162700405,0.7629562637643678,"y@t,data_quality_1@t+h,throughput_2@t,buffer_size_3@t",4.5305
g1s_h1_b20,1,1,20,tabpfn_parents,3,99959,10000,2000,0.905,0.3401131000192949,7.514423581989133,3.631007204254862,1995,0.9067669172932331,0.32663437304260906,7.150603314634686,3.261785886756905,5,0.2,5.718125163716925,152.67871025641347,150.95031288593944,248,0.43951612903225806,1.485022289145163,21.063068469899232,19.022628686807725,1752,0.9708904109589042,0.17804832895581582,5.596578871828343,1.452284528642356,1176,0.8673469387755102,0.4401733097578227,7.869021415928236,5.08489323192446,0.782551923132209,"y@t,data_quality_1@t+h,throughput_2@t,buffer_size_3@t",4.5305
g1s_h1_b20,1,1,20,model,4,133160,10000,2000,0.9015,0.37099499775295,8.114565012659156,5.906015447811012,1998,0.9024024024024024,0.36268439063303176,7.948056435623966,5.742061560257708,2,0.0,8.673291510551259,174.45663347081404,169.69594911356234,293,0.4232081911262799,2.093459781219058,24.538720483136036,25.54623858404326,1707,0.9835969537199766,0.07534052701155003,5.295421747955157,2.534846508785794,1092,0.8287545787545788,0.6091108501264983,9.893640454115888,9.032886062658957,0.8749382364737508,"y@t,throughput_2@t,buffer_size_3@t",5.042
g1s_h1_b20,1,1,20,ar,4,133160,10000,2000,0.8535,0.540692102837251,9.39961039173381,6.065917428090231,1998,0.8543543543543544,0.5360708618470603,9.234605187378172,5.902340643548015,2,0.0,5.157311852037797,174.2398095430159,169.4791251857642,293,0.0,2.8886214703163953,30.111170377339672,24.739200842411496,1707,1.0,0.13767903624592737,5.844550593384356,2.860719982046804,1092,0.7335164835164835,0.8679032690941261,11.895480513051918,8.75938662403726,0.8357775246173051,"y@t,throughput_2@t,buffer_size_3@t",5.042
g1s_h1_b20,1,1,20,persistence,4,133160,10000,2000,0.8535,4.047944593483532,9.249048688246399,5.042000000000006,1998,0.8543543543543544,4.024337910277882,9.084372376265414,4.877877877877883,2,0.0,27.631021115928547,173.76068435725173,169.0,293,0.0,27.631021115928547,32.75887092833299,26.9419795221843,1707,1.0,0.0,5.213677911242668,1.2829525483304118,1092,0.7335164835164835,7.363211671002937,12.276550022894089,8.924908424908425,0.8357775246173051,"y@t,throughput_2@t,buffer_size_3@t",5.042
g1s_h1_b20,1,1,20,tabpfn,4,133160,10000,2000,0.8955,0.3170977771602662,7.701883531261214,4.064308665913833,1998,0.8958958958958959,0.3144482977298131,7.543749422236174,3.8990408695313032,2,0.5,2.963927728182938,165.67785844727592,169.16683725206033,293,0.4641638225255973,1.4089582674996042,21.883157052887682,19.761187066750722,1707,0.9695371997656708,0.12968411361637286,5.267722346822693,1.369999719548743,1092,0.8379120879120879,0.48245308880636917,8.92347827668004,6.272788229148044,0.8617694267761398,"y@t,throughput_2@t,buffer_size_3@t",5.042
g1s_h1_b20,1,1,20,hgb,4,133160,10000,2000,0.88,1.6578802667752153,8.854396501973666,4.691533509836501,1998,0.8808808808808809,1.6457104476650966,8.689327943194284,4.527076328916688,2,0.0,13.815529557783776,173.7578867225766,168.98425724872942,293,0.21843003412969283,10.797807115088506,29.507007470328823,23.720794016168774,1707,0.9935559461042766,0.08904689445196065,5.309455076239594,1.4252339618837437,1092,0.7875457875457875,2.9351824150646593,11.442481477320745,7.773777605945586,0.8535419558797223,"y@t,throughput_2@t,buffer_size_3@t",5.042
g1s_h1_b20,1,1,20,hgb_ctx,4,133160,10000,2000,0.8715,1.7753121065179116,9.034146967241178,4.685052279836942,1998,0.8723723723723724,1.7632598367969246,8.869258338857458,4.520905994386753,2,0.0,13.815529557783776,173.7578867225766,168.66719144457534,293,0.22184300341296928,10.750655201921395,30.43840277462485,24.28295021559145,1707,0.9830111306385472,0.23472890385052947,5.360188589055227,1.3211482990659578,1092,0.782967032967033,2.9984402472897704,11.767040291829282,7.864853306521142,0.8460069609527544,"y@t,throughput_2@t,buffer_size_3@t",5.042
g1s_h1_b20,1,1,20,tabpfn_parents,4,133160,10000,2000,0.896,0.31719547725468866,7.44177310728087,3.893771530783768,1998,0.8968968968968969,0.31102332025209123,7.279601687105597,3.729120680525207,2,0.0,6.48318032284955,169.45102186237867,168.3799709390862,293,0.46757679180887374,1.5846132440261589,23.29726758742367,20.178621481102482,1707,0.9695371997656708,0.09964808084927519,4.720238319535211,1.0985395240799702,1092,0.8296703296703297,0.49856430033409405,9.497930176683106,6.408550057749655,0.8620044705565887,"y@t,throughput_2@t,buffer_size_3@t",5.042
g1s_h1_b20,1,1,20,model,5,166718,10000,2000,0.928,0.2854577547223768,8.842338501345182,5.959438368901129,1992,0.9307228915662651,0.2693620068698705,8.56352959991368,5.667802506761974,8,0.25,4.293298969996446,78.26575495778938,78.57676804155048,235,0.4765957446808511,1.8480431131715032,29.814580046074294,31.64743221918563,1765,0.9881019830028328,0.07740814609034014,6.050000391990315,2.5392238902513498,1099,0.8853503184713376,0.43455087084975624,10.315688347340387,8.797503299808737,0.907842391874293,"y@t,throughput_2@t,buffer_size_3@t,data_quality_2@t+h",4.7795
g1s_h1_b20,1,1,20,ar,5,166718,10000,2000,0.8825,0.471258687216618,10.252747309217007,6.252193075228175,1992,0.8850401606425703,0.45463812721862634,9.958135048350657,5.941264112965628,8,0.25,4.609778126716542,83.61120026493904,83.67350467860227,235,0.0,2.96824395873183,36.68184407910903,30.99484585017647,1765,1.0,0.1387988918590685,6.7338590707328025,2.957845538620329,1099,0.7916287534121929,0.7170522700196276,12.477647095149347,8.736912430853122,0.8354525895301237,"y@t,throughput_2@t,buffer_size_3@t,data_quality_2@t+h",4.7795
g1s_h1_b20,1,1,20,persistence,5,166718,10000,2000,0.8825,3.2466449811216043,9.718476123702386,4.779500000000005,1992,0.8850401606425703,3.176457748768894,9.406852752366506,4.447791164658639,8,0.25,20.72326583694641,87.31269558633676,87.375,235,0.0,27.631021115928547,38.35761052903263,32.02127659574468,1765,1.0,0.0,5.905333582482779,1.152407932011337,1099,0.7916287534121929,5.757510314420052,12.237253161566485,8.061874431301183,0.8354525895301237,"y@t,throughput_2@t,buffer_size_3@t,data_quality_2@t+h",4.7795
g1s_h1_b20,1,1,20,tabpfn,5,166718,10000,2000,0.9285,0.24582078313879946,7.856807561122416,3.8333211474919717,1992,0.9307228915662651,0.237251485833894,7.587487306030245,3.5606206208535496,8,0.375,2.379575812060271,74.91755107907282,71.7357522804592,235,0.5404255319148936,1.308000648931324,26.66378462135682,25.361956827538307,1765,0.9801699716713881,0.10439740157435572,5.352762456785257,0.9669022325849531,1099,0.8871701546860783,0.35748914084314065,8.979217404565638,5.9779143480366645,0.9068628006499887,"y@t,throughput_2@t,buffer_size_3@t,data_quality_2@t+h",4.7795
g1s_h1_b20,1,1,20,hgb,5,166718,10000,2000,0.8935,1.4713708742426974,9.538830971278728,4.469566883199481,1992,0.8960843373493976,1.4356669343067534,9.250018503684256,4.161348342627452,8,0.25,10.361651918292708,81.4531354023022,81.21598348563474,235,0.2,11.052427446190922,35.993569437755305,29.38832658459357,1765,0.9858356940509915,0.195706118204265,6.016528682541053,1.1517716821640065,1099,0.8262056414922657,2.4010767946977336,11.817714721132186,7.30107646099501,0.8438601146222517,"y@t,throughput_2@t,buffer_size_3@t,data_quality_2@t+h",4.7795
g1s_h1_b20,1,1,20,hgb_ctx,5,166718,10000,2000,0.8885,1.5404484270325187,9.553131474233277,4.4177169068567235,1992,0.8910642570281124,1.505021906987297,9.254591917331071,4.118912231387977,8,0.25,10.361651918292708,83.88948114288269,78.82008109857432,235,0.2297872340425532,10.640901599783474,35.48936930462001,28.418190792408407,1765,0.9762039660056657,0.32877335870590396,6.099864680952324,1.222186389516981,1099,0.8171064604185623,2.526786626890311,11.795138311474664,7.0495213076745245,0.8300936458438507,"y@t,throughput_2@t,buffer_size_3@t,data_quality_2@t+h",4.7795
g1s_h1_b20,1,1,20,tabpfn_parents,5,166718,10000,2000,0.9305,0.24775798854518558,8.011942399519405,3.7976414957944167,1992,0.9332329317269076,0.22692916111371875,7.720002288718257,3.499641715699947,8,0.25,5.434136018980428,80.70502998900528,77.99958673931732,235,0.5574468085106383,1.5960182040754285,27.283033308929788,25.29168894294436,1765,0.9801699716713881,0.06824458874370849,5.44610309996618,0.9358278130294099,1099,0.8944494995450409,0.3661408028804309,9.388388001529329,5.881535996835975,0.9091711578656351,"y@t,throughput_2@t,buffer_size_3@t,data_quality_2@t+h",4.7795
g1s_h1_b50,1,1,50,model,1,33200,10000,2000,0.773,0.8273708032051166,7.549012882144362,7.050434590236792,1995,0.774937343358396,0.8091965430973864,7.365776590367634,6.862737565600229,5,0.0,8.078900586189445,80.660293301059,81.9415474202251,399,0.3208020050125313,2.653018330952835,16.7637999056629,16.131100058927313,1601,0.8856964397251718,0.37238431752657836,5.252510682029499,4.787358061812358,1174,0.7291311754684838,1.0235964965087947,6.931400543254684,6.818717301352536,0.5467486102085184,"y@t,throughput_2@t,data_quality_1@t+h,data_quality_1@t",4.494
g1s_h1_b50,1,1,50,ar,1,33200,10000,2000,0.7325,0.9289903930553962,8.012631017799157,7.345832530037118,1995,0.7343358395989975,0.9110708186365138,7.830556676237103,7.158875851114341,5,0.0,8.078900586189445,80.66029330105894,81.94154742022508,399,0.05263157894736842,3.115926518191515,18.33643534633625,16.847901770443297,1601,0.9019362898188632,0.38396383844620735,5.439740370025079,4.977734074745384,1174,0.6678023850085179,1.1679412551017025,7.456185162726204,6.9587254747955924,0.47249333912359204,"y@t,throughput_2@t,data_quality_1@t+h,data_quality_1@t",4.494
g1s_h1_b50,1,1,50,persistence,1,33200,10000,2000,0.8005,5.512388712627745,5.628352839003449,4.494000000000009,1995,0.8025062656641604,5.456953543697167,5.402061127119163,4.261654135338355,5,0.0,27.631021115928547,95.91874588083387,97.2,399,0.0,27.631021115928547,20.148517346564482,18.448621553884717,1601,1.0,0.0,2.0096485051390833,1.0162398500937018,1174,0.6643952299829642,9.273102486947058,7.742236633295965,7.241908006814311,0.5895474772985883,"y@t,throughput_2@t,data_quality_1@t+h,data_quality_1@t",4.494
g1s_h1_b50,1,1,50,tabpfn,1,33200,10000,2000,0.786,1.0849135657162452,8.622348570077001,4.872010035330974,1995,0.7879699248120301,1.076636721477985,8.42372292489926,4.671548636265686,5,0.0,4.3873744167819675,87.8739809959963,84.85610826238113,399,0.3032581453634085,1.8160042347949519,16.222819589981874,15.617546368363904,1601,0.9063085571517802,0.902711706276892,6.728164974235624,2.194015658766241,1174,0.6856899488926746,1.264387396576807,8.214272566711994,6.417507720752221,0.5964144867300457,"y@t,throughput_2@t,data_quality_1@t+h,data_quality_1@t",4.494
g1s_h1_b50,1,1,50,hgb,1,33200,10000,2000,0.775,3.108538874341501,5.537084618667351,4.46707167838269,1995,0.7764411027568923,3.0886293039885446,5.312969125055477,4.2362086774299526,5,0.2,11.052457445170957,94.95916656980549,96.58140905852468,399,0.21303258145363407,10.872405678500748,17.689573462734415,16.443119162222644,1601,0.915053091817614,1.1736339056597145,2.508450609433898,1.4824102504925323,1174,0.682282793867121,4.389474414575241,7.213829607212926,6.55229613018635,0.5727093955846837,"y@t,throughput_2@t,data_quality_1@t+h,data_quality_1@t",4.494
g1s_h1_b50,1,1,50,hgb_ctx,1,33200,10000,2000,0.763,3.274325001037072,5.624185068988992,4.522739735220814,1995,0.7644110275689223,3.2548309347610465,5.400287872245092,4.292335473849683,5,0.2,11.052457445170957,94.95916656980549,96.45404002230214,399,0.18546365914786966,11.253284415687734,17.798750558988363,16.62654733455858,1601,0.9069331667707683,1.28581481587429,2.5900491348792167,1.5062380287025319,1174,0.6592844974446337,4.7072076216153045,7.335845133079225,6.654148045399958,0.5705715314139453,"y@t,throughput_2@t,data_quality_1@t+h,data_quality_1@t",4.494
g1s_h1_b50,1,1,50,model,2,66758,10000,2000,0.811,0.7317763113465835,7.237059670701003,6.766039089365624,1990,0.8140703517587939,0.6892220818558333,6.243237118459915,5.769177994482011,10,0.2,9.200067980005858,205.00774756667744,205.14139697120427,469,0.39872068230277186,2.036056411111624,16.694925606667386,16.722281138207734,1531,0.9372958850424559,0.3322287171011204,4.339777421211628,3.7160864303800283,1218,0.7553366174055829,0.8097768605854876,6.253736331264162,6.438946777014874,0.5704240833214064,"y@t,throughput_2@t,buffer_size_3@t",5.267
g1s_h1_b50,1,1,50,ar,2,66758,10000,2000,0.732,0.9303768542546554,7.945285912980338,7.055370179372549,1990,0.7346733668341708,0.8949657599795326,6.958033420107795,6.061915166121924,10,0.2,7.97718461500408,204.40853199461628,204.7529178162467,469,0.03411513859275053,2.56553589019963,18.822567534724087,17.554740866746425,1531,0.94578706727629,0.42946922012128275,4.613185925653218,3.8390378133514202,1218,0.6297208538587848,1.0572516942418675,7.118532328137502,6.631817487097166,0.4974271310549834,"y@t,throughput_2@t,buffer_size_3@t",5.267
g1s_h1_b50,1,1,50,persistence,2,66758,10000,2000,0.7655,6.4794744516852445,6.4001961039671675,5.2670000000000075,1990,0.7683417085427136,6.400955142936212,5.398678787552924,4.255276381909555,10,0.2,22.10481689274284,205.70214207040158,206.6,469,0.0,27.631021115928547,20.48868477622,19.149253731343283,1531,1.0,0.0,2.0843886661575146,1.0143696930111126,1218,0.6215106732348111,10.458046580002513,7.376636856177043,6.9523809523809526,0.5791525021225861,"y@t,throughput_2@t,buffer_size_3@t",5.267
g1s_h1_b50,1,1,50,tabpfn,2,66758,10000,2000,0.813,0.6880988912564197,7.921157486537718,4.551624754153174,1990,0.8160804020100503,0.6680706896986198,7.011618302599452,3.559616716091607,10,0.2,4.673711001258583,188.91945509025277,201.96122432840494,469,0.36886993603411516,1.6495875905945083,16.449928890878983,15.337280907217421,1531,0.9490529065969955,0.39356055030961107,5.308490087036703,1.2475929215031862,1218,0.729064039408867,0.8622535185062202,7.087838591026784,5.3259403977616895,0.5992354702910779,"y@t,throughput_2@t,buffer_size_3@t",5.267
g1s_h1_b50,1,1,50,hgb,2,66758,10000,2000,0.7945,2.839136418461197,5.9787173191877105,4.935190881730252,1990,0.7974874371859296,2.797863448477731,4.975109882424861,3.923781783312082,10,0.2,11.052457445170958,205.69659723499498,206.20560146694606,469,0.24520255863539445,10.427961019096667,18.029935206982074,17.237938649081595,1531,0.9627694317439582,0.5144083076198936,2.2869987108431284,1.1664196845468546,1218,0.6847290640394089,4.355677943182363,6.616764214847402,6.005291817737339,0.5664189938629425,"y@t,throughput_2@t,buffer_size_3@t",5.267
g1s_h1_b50,1,1,50,hgb_ctx,2,66758,10000,2000,0.795,2.832228663182215,6.023428256218083,4.983978018139023,1990,0.7979899497487437,2.790920980860663,5.0167165959358755,3.9775031937031122,10,0.2,11.052457445170958,206.35904865237725,205.27246808088535,469,0.2601279317697228,10.221759368977796,18.196812293321248,17.298518029831477,1531,0.9588504245591117,0.5685513927588783,2.294285791553559,1.2115944351973116,1218,0.7011494252873564,4.128822268995758,6.605074967589494,6.032862915861464,0.5411821467138759,"y@t,throughput_2@t,buffer_size_3@t",5.267
g1s_h1_b50,1,1,50,model,3,99959,10000,2000,0.841,0.6047727204042684,5.052437633442482,4.416666499793836,1995,0.8431077694235589,0.5779329921948408,4.6504392936206,4.01647300596265,5,0.0,11.313824275965812,165.44977522237286,164.09387053843662,444,0.3963963963963964,1.9913599584384067,13.806178350372452,13.708825593469346,1556,0.967866323907455,0.2091141511965836,2.5545835985344425,1.765176372806737,1176,0.7585034013605442,0.7996927680085768,6.022556208723391,5.954084533271,0.6415562698464139,"y@t,throughput_2@t,buffer_size_3@t",4.5305
g1s_h1_b50,1,1,50,ar,3,99959,10000,2000,0.768,0.7949114850409721,6.177846254897288,5.081909387357865,1995,0.7699248120300752,0.7721176343082553,5.779138145741139,4.683852826613738,5,0.0,9.889657927395032,165.2623818082007,163.90647712426443,444,0.006756756756756757,2.545147649512951,16.704928337667937,15.317831867901925,1556,0.9852185089974294,0.2954867697289165,3.1739745037724996,2.1611191679738275,1176,0.6284013605442177,1.0630671097962088,7.220172479592618,6.440019014167036,0.5333996771771138,"y@t,throughput_2@t,buffer_size_3@t",4.5305
g1s_h1_b50,1,1,50,persistence,3,99959,10000,2000,0.778,6.134086687736137,5.8032760389400755,4.53050000000001,1995,0.7799498746867168,6.080209659094051,5.405399776671915,4.132832080200512,5,0.0,27.631021115928547,164.55590468393626,163.2,444,0.0,27.631021115928544,18.481925123352134,17.033783783783786,1556,1.0,0.0,2.1854610045705694,0.9627249357326609,1176,0.6267006802721088,10.314641385963123,7.654996493441093,7.011054421768708,0.5874981703396466,"y@t,throughput_2@t,buffer_size_3@t",4.5305
g1s_h1_b50,1,1,50,tabpfn,3,99959,10000,2000,0.8345,0.5870415824986011,6.323354217943557,3.392459243885071,1995,0.8365914786967419,0.576860136696227,5.942269546842941,3.0084083601228526,5,0.0,4.649438457645827,158.3761379870885,156.62876186501012,444,0.38963963963963966,1.5346849205480704,12.620879414772446,12.024029801010586,1556,0.961439588688946,0.3166343575024801,4.52637402039084,0.929466102905811,1176,0.7482993197278912,0.8034638028848294,6.177401147056719,4.787626936974655,0.6610940557109872,"y@t,throughput_2@t,buffer_size_3@t",4.5305
g1s_h1_b50,1,1,50,hgb,3,99959,10000,2000,0.8035,2.7147968234395186,5.549203762534926,4.129529268862881,1995,0.8055137844611528,2.6869753629549966,5.193180727862343,3.770794084631143,5,0.0,13.815559556763812,147.60239459689515,147.26486777732697,444,0.21846846846846846,10.797306124055403,16.288800514664327,14.902779301683498,1556,0.9704370179948586,0.4084766888164773,2.484691578765354,1.0554142209372044,1176,0.6879251700680272,4.311522106599614,7.15013612335293,6.158353479078734,0.5753242098831449,"y@t,throughput_2@t,buffer_size_3@t",4.5305
g1s_h1_b50,1,1,50,hgb_ctx,3,99959,10000,2000,0.785,2.9703837687618577,5.414916628644342,4.012680899131976,1995,0.7869674185463659,2.943202877062605,5.016071074420766,3.6124894755733257,5,0.0,13.815559556763812,164.5542927638511,163.68905889903334,444,0.22072072072072071,10.766190109285214,15.943865740571868,14.561547833473186,1556,0.9460154241645244,0.7458734762217745,2.410512126269134,1.0025929050140463,1176,0.6751700680272109,4.487740353512423,6.8825651839963795,5.873251162700405,0.5973486347116052,"y@t,throughput_2@t,buffer_size_3@t",4.5305
g1s_h1_b50,1,1,50,model,4,133160,10000,2000,0.8625,0.526370435162735,5.354978414127569,5.016930759730405,1998,0.8633633633633634,0.5105056334728532,5.189303046645459,4.851780267299263,2,0.0,16.375307323354633,170.8646705287564,170.00227269844072,417,0.44844124700239807,1.9520144839764686,16.165692444545893,16.432272070426087,1583,0.9715729627289956,0.1508217501625285,2.5071781925960197,2.009857274853526,1092,0.7646520146520146,0.8136178249916588,7.252270841752814,7.369373427924896,0.6405217507064995,"y@t,throughput_2@t,buffer_size_3@t",5.042
g1s_h1_b50,1,1,50,ar,4,133160,10000,2000,0.7985,0.7220632808024912,6.179455127190211,5.415438375448399,1998,0.7992992992992993,0.7112034222978687,6.014760107494233,5.250841835310553,2,0.0,11.571061926920132,170.70977980347226,169.8473819731566,417,0.045563549160671464,2.6152275144145563,18.806338410850206,17.43952477793943,1583,0.9968414403032217,0.2233586153468808,2.8532325565735235,2.2480068973443177,1092,0.6327838827838828,1.1116412510280334,8.332176140716774,7.644983543893757,0.5705458469523981,"y@t,throughput_2@t,buffer_size_3@t",5.042
g1s_h1_b50,1,1,50,persistence,4,133160,10000,2000,0.7915,5.761067902671102,6.2941233395345035,5.042000000000009,1998,0.7922922922922923,5.739176057612786,6.130391333037224,4.877877877877887,2,0.0,27.631021115928547,169.86239783031567,169.0,417,0.0,27.631021115928547,22.379022768195927,20.91127098321343,1583,1.0,0.0,2.0569767433552144,0.8616550852811244,1092,0.61996336996337,10.50080014936845,9.562669981692082,8.924908424908423,0.5785280848926704,"y@t,throughput_2@t,buffer_size_3@t",5.042
g1s_h1_b50,1,1,50,tabpfn,4,133160,10000,2000,0.8495,0.5061517109558157,5.544892940853635,4.064308665913833,1998,0.8503503503503503,0.5018159139729428,5.383533693908508,3.8990408695313032,2,0.0,4.837612896845858,166.7427806390343,169.16683725206033,417,0.4460431654676259,1.5728265619401707,15.681719821337529,15.096258393613441,1583,0.9557801642451043,0.22516408438571078,2.874610686171523,1.1582296788950484,1092,0.7582417582417582,0.7584657065086519,7.168780856054668,6.272788229148044,0.5987815200443826,"y@t,throughput_2@t,buffer_size_3@t",5.042
g1s_h1_b50,1,1,50,hgb,4,133160,10000,2000,0.811,2.611180494254787,5.943641967406818,4.691533509836501,1998,0.8118118118118118,2.5999648995976203,5.7795659284486165,4.527076328916688,2,0.0,13.815559556763812,169.85560488665067,168.98425724872942,417,0.17985611510791366,11.330755499575995,19.851777813630267,18.437087238144635,1583,0.9772583701831965,0.314236225638903,2.2799068771508635,1.070626431690896,1092,0.6822344322344323,4.390142555222252,8.63263793131856,7.773777605945586,0.5566828326234822,"y@t,throughput_2@t,buffer_size_3@t",5.042
g1s_h1_b50,1,1,50,hgb_ctx,4,133160,10000,2000,0.8105,2.6180882495337685,5.950403850537893,4.685052279836942,1998,0.8113113113113113,2.6068795695465514,5.786334580231474,4.520905994386753,2,0.0,13.815559556763812,169.85560488665067,168.66719144457534,417,0.2278177458033573,10.668141084325908,19.947155394545856,18.737006051982874,1583,0.9639924194567278,0.4975121079618656,2.2633252694568315,0.9834321137062704,1092,0.6941391941391941,4.225672191436963,8.688465520061953,7.864853306521142,0.5635969793515467,"y@t,throughput_2@t,buffer_size_3@t",5.042
g1s_h1_b50,1,1,50,model,5,166718,10000,2000,0.9065,0.3577866710653907,5.549187807899245,4.925568711898086,1992,0.9086345381526104,0.33834883825623047,5.275460861558182,4.653065598700162,8,0.375,5.19780704054627,73.70719744682413,72.7788438981812,291,0.4639175257731959,1.8700493446076467,21.21702456710425,21.258717839349348,1709,0.9818607372732592,0.10028612220594271,2.881346674529639,2.144441505292869,1099,0.8453139217470428,0.5358022873932899,6.735685090297483,6.677925926930324,0.6850867509824257,"y@t,throughput_2@t,buffer_size_3@t",4.7795
g1s_h1_b50,1,1,50,ar,5,166718,10000,2000,0.8575,0.5680370604052798,6.6138809531559835,5.7266798615457075,1992,0.8599397590361446,0.5485697064427025,6.330236684808177,5.444235671381606,8,0.25,5.415408197087054,77.24130377176002,76.05528321240692,291,0.037800687285223365,2.63103246697427,25.57160815215828,24.10899702720424,1709,0.9970743124634289,0.21676048737334536,3.385853677023937,2.59663053725862,1099,0.7479526842584168,0.8076982943003563,8.044654091772767,7.3537824753948495,0.6332752231795143,"y@t,throughput_2@t,buffer_size_3@t",4.7795
g1s_h1_b50,1,1,50,persistence,5,166718,10000,2000,0.8545,4.020313572367604,6.057797670622438,4.7795000000000085,1992,0.8569277108433735,3.9532334427909817,5.725471747035369,4.447791164658643,8,0.25,20.72326583694641,88.80695264380282,87.375,291,0.0,27.631021115928544,29.094595344275785,27.522336769759452,1709,1.0,0.0,2.135206609748756,0.9069631363370491,1099,0.740673339399454,7.1654604349769215,8.638955896574698,8.061874431301183,0.6405409476053651,"y@t,throughput_2@t,buffer_size_3@t",4.7795
g1s_h1_b50,1,1,50,tabpfn,5,166718,10000,2000,0.9075,0.34182228574769224,5.20959461001883,3.8333211474919717,1992,0.910140562248996,0.3313205980927545,4.928456173559235,3.5606206208535496,8,0.25,2.956742511827195,75.21306528845821,71.7357522804592,291,0.48109965635738833,1.5334216995044079,21.19934306500184,21.503101684572815,1709,0.9801053247513165,0.1389226781390297,2.48693995794156,0.8245990080592475,1099,0.8507734303912647,0.5075569605646671,6.628900460403817,5.9779143480366645,0.7070352010815393,"y@t,throughput_2@t,buffer_size_3@t",4.7795
g1s_h1_b50,1,1,50,hgb,5,166718,10000,2000,0.8655,1.8582351688457335,5.804312207115737,4.469566883199481,1992,0.8679718875502008,1.8240847802978337,5.497189462339139,4.161348342627452,8,0.25,10.361681917272744,82.27787565648873,81.21598348563474,291,0.13058419243986255,12.011472267407655,26.602794907390738,25.255699168363503,1709,0.9906377998829725,0.12939257336210638,2.2628502610771033,0.9302079042745356,1099,0.7679708826205641,3.2056497197102662,8.072870944063613,7.30107646099501,0.6479773693133584,"y@t,throughput_2@t,buffer_size_3@t",4.7795
g1s_h1_b50,1,1,50,hgb_ctx,5,166718,10000,2000,0.8715,1.775342105497948,5.735299756355854,4.4177169068567235,1992,0.873995983935743,1.7408588130811815,5.4420534079276,4.118912231387977,8,0.25,10.361681917272744,78.75364051499136,78.82008109857432,291,0.19931271477663232,11.061952641430727,25.76111679629682,24.44259198114696,1709,0.9859566998244588,0.1940643606433903,2.3254034669334893,1.0079810106493152,1099,0.7834394904458599,2.9919430049828843,7.891972298365941,7.0495213076745245,0.6619901657790681,"y@t,throughput_2@t,buffer_size_3@t",4.7795
g1s_h1_b10,1,1,10,model,1,33200,10000,2000,0.9055,0.3612134068411557,12.623915655669617,6.746325870906826,1995,0.9067669172932331,0.3546314271898402,12.430811499691893,6.526928408317129,5,0.4,2.9874232877160605,89.67247389078128,94.28591344419571,173,0.2947976878612717,3.3314639733905254,41.02399350557851,34.06908369915273,1827,0.963327859879584,0.07995815341310918,9.934690987889518,4.159113443820596,1174,0.854344122657581,0.5660798884635594,13.564952037531999,9.575234556863776,0.9270389364295004,"y@t,throughput_2@t,data_quality_2@t,data_quality_2@t+h",4.494
g1s_h1_b10,1,1,10,ar,1,33200,10000,2000,0.9135,0.411284625846863,12.766692835245026,5.60854462436416,1995,0.9147869674185464,0.4032380385819464,12.570432153602715,5.382614368750132,5,0.4,3.6218729445485875,91.07470481052728,95.7547166143614,173,0.0,4.1903062881911115,46.191084116595476,30.69195005969222,1827,1.0,0.0534462308903467,9.601712161094166,3.233378154571192,1174,0.8551959114139693,0.6511457256307498,13.64329837066413,7.5938350945114745,0.9188983350625328,"y@t,throughput_2@t,data_quality_2@t,data_quality_2@t+h",4.494
g1s_h1_b10,1,1,10,persistence,1,33200,10000,2000,0.9135,2.390083326527819,12.394850849709645,4.494000000000005,1995,0.9147869674185464,2.3545231026104525,12.194035969142085,4.261654135338351,5,0.4,16.578612669557128,92.51998819616588,97.2,173,0.0,27.63102111592854,47.193930975220624,31.138728323699418,1827,1.0,0.0,9.099699858076695,1.9709906951286327,1174,0.8551959114139693,4.001084829393401,13.381738288351764,7.2419080068143105,0.9188983350625328,"y@t,throughput_2@t,data_quality_2@t,data_quality_2@t+h",4.494
g1s_h1_b10,1,1,10,tabpfn,1,33200,10000,2000,0.9205,0.4969664042755819,11.045544644194223,4.872010035330974,1995,0.9228070175438596,0.49140564021520317,10.85055877855757,4.671548636265686,5,0.0,2.7157112643667163,88.84490503321895,84.85610826238113,173,0.35260115606936415,1.3235067498392978,29.634172587807754,27.53477455060482,1827,0.9742747673782156,0.4187006791619952,9.2853735252861,2.7260558694073977,1174,0.883304940374787,0.5602583856683147,10.310659353357917,6.417507720752221,0.9144736020774419,"y@t,throughput_2@t,data_quality_2@t,data_quality_2@t+h",4.494
g1s_h1_b10,1,1,10,hgb,1,33200,10000,2000,0.912,1.215773929060356,11.969418610415365,4.46707167838269,1995,0.9132832080200501,1.198045755111289,11.767539122580478,4.2362086774299526,5,0.4,8.289315334738067,92.51933425653526,96.58140905852468,173,0.1791907514450867,11.339907839444628,42.95422597468862,28.487331746322504,1827,0.9813902572523262,0.25711209737098617,9.035443966726655,2.1925752406412617,1174,0.8739352640545145,1.7416576904013337,12.849952449223833,6.55229613018635,0.9037561691048674,"y@t,throughput_2@t,data_quality_2@t,data_quality_2@t+h",4.494
g1s_h1_b10,1,1,10,hgb_ctx,1,33200,10000,2000,0.9145,1.1812351526654454,11.996425896450809,4.522739735220814,1995,0.9157894736842105,1.1634204153670178,11.794614096049598,4.292335473849683,5,0.4,8.289315334738067,92.51933425653526,96.45404002230214,173,0.1676300578034682,11.499624724507798,43.659626480446256,28.483782202657373,1827,0.9852216748768473,0.20417910672744488,8.99821369008452,2.2538506564761365,1174,0.8705281090289608,1.788729276629491,12.916796478127695,6.654148045399958,0.9164342990204861,"y@t,throughput_2@t,data_quality_2@t,data_quality_2@t+h",4.494
g1s_h1_b10,1,1,10,tabpfn_clf,1,33200,10000,2000,0.8395,0.7825972966877862,39.00102438295292,40.522181809550176,1995,0.8401002506265665,0.7803642534853193,38.86725324827422,40.3820174899636,5,0.6,1.673581534472,92.37570711975643,96.44774532459489,173,0.5144508670520231,1.2640659549061883,50.98599650071749,58.44906008823557,1827,0.8702791461412152,0.7370066684054742,37.86615838603269,38.82467226263579,1174,0.8262350936967632,0.8355980256221968,40.09191768884463,41.58862075452844,0.8022159427118062,"y@t,throughput_2@t,data_quality_2@t,data_quality_2@t+h",4.494
g1s_h1_b10,1,1,10,model,2,66758,10000,2000,0.9115,0.30416956837280157,12.87728951823993,6.908534639430771,1990,0.9150753768844221,0.27531830045661077,11.889632010070187,5.920177040029889,10,0.2,6.045571883694757,209.42113364401862,203.5916969202064,209,0.3253588516746411,2.3609742262697635,36.068889368662475,35.53385687853938,1791,0.9798994974874372,0.06415160438594221,10.170955420675268,3.568114567977003,1218,0.867816091954023,0.4221753227139446,11.887230064705411,8.535509971897705,0.902861788554471,"y@t,data_quality_1@t+h,throughput_2@t,avg_p_latency_1@t",5.267
g1s_h1_b10,1,1,10,ar,2,66758,10000,2000,0.8955,0.4192016912754108,13.889634862446652,6.4697817886585565,1990,0.8989949748743719,0.3909849847213358,12.898427615307336,5.471552193756717,10,0.2,6.034326295536344,211.13987704317043,205.11747117412466,209,0.0,3.339621447941424,43.87863764505199,31.74736560115579,1791,1.0,0.07840452257457511,10.390080657218,3.520024660343692,1218,0.8349753694581281,0.5868924443128197,13.271694693437901,7.484417801368414,0.8952533236780937,"y@t,data_quality_1@t+h,throughput_2@t,avg_p_latency_1@t",5.267
g1s_h1_b10,1,1,10,persistence,2,66758,10000,2000,0.8955,2.8874417066145335,13.619182817452698,5.267000000000006,1990,0.8989949748743719,2.7908719820611245,12.619885142494258,4.255276381909553,10,0.2,22.10481689274284,212.4794201341822,206.6,209,0.0,27.631021115928547,46.03967771448778,32.88516746411483,1791,1.0,0.0,9.835886651355361,2.0441094360692413,1218,0.8349753694581281,4.55979905115077,13.258919586728428,6.952380952380951,0.8952533236780937,"y@t,data_quality_1@t+h,throughput_2@t,avg_p_latency_1@t",5.267
g1s_h1_b10,1,1,10,tabpfn,2,66758,10000,2000,0.917,0.3044074622533873,11.609632924292638,4.551624754153174,1990,0.921105527638191,0.28977681292809737,10.722099464304115,3.559616716091607,10,0.1,3.2159066779860894,188.22879146200864,201.96122432840494,209,0.3349282296650718,1.351633521903587,31.45548150638103,27.768950356996726,1791,0.9849246231155779,0.18220185283580395,9.293729879258315,1.8422886006108499,1218,0.8793103448275862,0.3485483458783899,10.07718642764827,5.3259403977616895,0.9007895289453636,"y@t,data_quality_1@t+h,throughput_2@t,avg_p_latency_1@t",5.267
g1s_h1_b10,1,1,10,hgb,2,66758,10000,2000,0.9095,1.2503127054552667,13.421400629735926,4.935190881730252,1990,0.9130653266331659,1.201055897712173,12.421114987922678,3.923781783312082,10,0.2,11.05241744633092,212.47824335057194,206.20560146694606,209,0.24880382775119617,10.3781676487652,43.20704768571339,30.507500442101186,1791,0.9865996649916248,0.1851414697479659,9.94557693643649,1.9510408548639617,1218,0.8686371100164204,1.814854393452344,12.89376845814592,6.005291817737339,0.9032510390741733,"y@t,data_quality_1@t+h,throughput_2@t,avg_p_latency_1@t",5.267
g1s_h1_b10,1,1,10,hgb_ctx,2,66758,10000,2000,0.91,1.2434049501762847,13.464854695451136,4.983978018139023,1990,0.91356783919598,1.1941134300951055,12.464787415777161,3.9775031937031122,10,0.2,11.05241744633092,212.47824335057194,205.27246808088535,209,0.2583732057416268,10.245961806105255,43.858814454288414,30.70166882364193,1791,0.9860413176996091,0.19285532265581867,9.918044204330537,1.9828627873461107,1218,0.8702791461412152,1.792168826033683,12.990563723932024,6.032862915861464,0.9045443564065874,"y@t,data_quality_1@t+h,throughput_2@t,avg_p_latency_1@t",5.267
g1s_h1_b10,1,1,10,tabpfn_clf,2,66758,10000,2000,0.89,0.4690526339212702,20.130793573552253,20.244227827407904,1990,0.892964824120603,0.4617899777001864,19.54067342623422,19.651995220761354,10,0.3,1.9143212219169343,137.56470288984147,138.09851655007148,209,0.41626794258373206,1.4040103602352134,39.44995740224062,43.78174178066117,1791,0.9452819653824679,0.3599481309622449,17.87635178673156,17.49752742750286,1218,0.8563218390804598,0.5276116893218176,18.989776424083495,19.555756788913005,0.8791850125143874,"y@t,data_quality_1@t+h,throughput_2@t,avg_p_latency_1@t",5.267
g1s_h1_b10,1,1,10,model,3,99959,10000,2000,0.945,0.22398691990457367,12.172821536452396,5.9545164689490315,1995,0.9468671679197995,0.2046999150132485,11.78331329605894,5.560710553003371,5,0.2,7.91950187154332,167.5866094534414,163.08307693126756,136,0.21323529411764705,2.6204714296476785,40.90732575996918,37.89883524235535,1864,0.9983905579399142,0.04913611876451883,10.076312644607823,3.623815099215523,1176,0.9115646258503401,0.3113764768245522,11.426506491952113,7.327670211893805,0.8407206234195168,"y@t,data_quality_1@t,throughput_2@t,buffer_size_3@t",4.5305
g1s_h1_b10,1,1,10,ar,3,99959,10000,2000,0.932,0.2979318576991427,12.695288224335586,6.029171496448816,1995,0.9338345864661655,0.2839074275148262,12.305639960488303,5.634103222060899,5,0.2,5.893679501241408,168.16494549940185,163.66141297722803,136,0.0,3.235504376985043,47.79101558586844,37.68403384155021,1864,1.0,0.08360253225768219,10.134655755897569,3.7195892652611615,1176,0.8877551020408163,0.42448079636210734,12.278951021848513,7.465512648747507,0.8270916947721731,"y@t,data_quality_1@t,throughput_2@t,buffer_size_3@t",4.5305
g1s_h1_b10,1,1,10,persistence,3,99959,10000,2000,0.932,1.8789094358831413,12.496526980051156,4.53050000000001,1995,0.9338345864661655,1.828217938497528,12.107536991223782,4.132832080200511,5,0.2,22.10481689274284,167.70353252217382,163.2,136,0.0,27.631021115928547,50.3606494594119,39.058823529411754,1864,1.0,0.0,9.733908601728698,2.011266094420612,1176,0.8877551020408163,3.1014411456654494,12.603380047334584,7.011054421768706,0.8270916947721731,"y@t,data_quality_1@t,throughput_2@t,buffer_size_3@t",4.5305
g1s_h1_b10,1,1,10,tabpfn,3,99959,10000,2000,0.952,0.22365797263986836,10.466543980075992,3.392459243885071,1995,0.9538847117794487,0.21641885138678696,10.0942567352483,3.0084083601228526,5,0.2,3.1120673526193605,159.00915466632563,156.62876186501012,136,0.39705882352941174,1.3080391989049565,33.310216159751036,29.279738193420037,1864,0.9924892703862661,0.14454002909263017,8.799838284563222,1.5036878183825197,1176,0.9268707482993197,0.2869282223392019,8.835130919496098,4.787626936974655,0.8514310535588331,"y@t,data_quality_1@t,throughput_2@t,buffer_size_3@t",4.5305
g1s_h1_b10,1,1,10,hgb,3,99959,10000,2000,0.9425,0.7944008570424457,12.207878140100535,4.129529268862881,1995,0.9443609022556391,0.7686915422823242,11.864823627619893,3.770794084631143,5,0.2,11.05241744633092,149.0866286198755,147.26486777732697,136,0.19852941176470587,11.072734373622044,45.58684885664643,33.68802266815319,1864,0.9967811158798283,0.04447952750659522,9.77250259425813,1.9729009950949201,1176,0.907312925170068,1.2805282608592499,12.195037484864944,6.158353479078734,0.8368757313912119,"y@t,data_quality_1@t,throughput_2@t,buffer_size_3@t",4.5305
g1s_h1_b10,1,1,10,hgb_ctx,3,99959,10000,2000,0.9445,0.766769835926517,12.212091229009232,4.012680899131976,1995,0.9463659147869674,0.7409912704869073,11.822389258695205,3.6124894755733257,5,0.2,11.05241744633092,167.7031773843059,163.68905889903334,136,0.25,10.361641918432708,45.14921593124087,33.9823239440256,1864,0.9951716738197425,0.06671479128014286,9.80895337519834,1.826054582551754,1176,0.9124149659863946,1.210040962094126,12.094786272001606,5.873251162700405,0.8390838358733574,"y@t,data_quality_1@t,throughput_2@t,buffer_size_3@t",4.5305
g1s_h1_b10,1,1,10,tabpfn_clf,3,99959,10000,2000,0.9145,0.32749574601804543,13.524670427675973,13.450121100648474,1995,0.9167919799498747,0.32164988453440063,13.235360511573024,13.168520501651182,5,0.0,2.659994477992327,128.9593269527529,125.80876010056795,136,0.4485294117647059,1.1975600521937153,27.91406347964155,34.68253033175835,1864,0.9484978540772532,0.26401465930136564,12.474800548348012,11.900975362756336,1176,0.9183673469387755,0.3434674032971508,10.890993835599568,11.132133276376162,0.7506157584087889,"y@t,data_quality_1@t,throughput_2@t,buffer_size_3@t",4.5305
g1s_h1_b10,1,1,10,model,4,133160,10000,2000,0.9295,0.26465813656685544,13.689358563467726,6.693447429536984,1998,0.9304304304304304,0.25710998701322796,13.525981790791201,6.533684790023855,2,0.0,7.805259540640694,176.90275446731667,166.2963243031533,214,0.37383177570093457,2.13672983223706,34.96651841170441,36.262497730036095,1786,0.996080627099664,0.04034495466684214,11.139911638762996,3.150459319622756,1092,0.8754578754578755,0.439407575488698,14.260407810007818,10.082108949306553,0.9290606205441201,"y@t,data_quality_2@t+h,throughput_2@t,buffer_size_3@t",5.042
g1s_h1_b10,1,1,10,ar,4,133160,10000,2000,0.893,0.422819480967133,15.082432275892177,6.669754761418595,1998,0.8938938938938938,0.4181213689627385,14.919639741825508,6.509158175950215,2,0.0,5.11623337335725,177.712173808495,167.10574364433165,214,0.0,3.272378149553985,44.22314114578422,32.50905706391512,1786,1.0,0.08138299996064575,11.590768391145874,3.573668147345664,1092,0.8058608058608059,0.6949083482120626,16.672493625337015,9.43351881588764,0.9045377844670016,"y@t,data_quality_2@t+h,throughput_2@t,buffer_size_3@t",5.042
g1s_h1_b10,1,1,10,persistence,4,133160,10000,2000,0.893,2.9565192594043546,14.627102969279933,5.042000000000015,1998,0.8938938938938938,2.9318200583467724,14.46195849761338,4.877877877877893,2,0.0,27.631021115928547,179.60643016416333,169.0,214,0.0,27.631021115928544,46.12299910114424,32.88785046728972,1786,1.0,0.0,10.853238595137176,1.705487122060487,1092,0.8058608058608059,5.364264172689425,16.895503122200335,8.924908424908425,0.9045377844670016,"y@t,data_quality_2@t+h,throughput_2@t,buffer_size_3@t",5.042
g1s_h1_b10,1,1,10,tabpfn,4,133160,10000,2000,0.926,0.21416174219752676,12.109440703467138,4.064308665913833,1998,0.9264264264264265,0.21156064926713838,11.955172292306854,3.8990408695313032,2,0.5,2.8126535796555094,166.22358345259175,169.16683725206033,214,0.5093457943925234,1.2836513678977395,29.596777093647205,24.68263459283408,1786,0.9759238521836506,0.08601460899492569,10.01409356600995,1.593803767615438,1092,0.8891941391941391,0.3201046575221297,12.495955563515878,6.272788229148044,0.9279905666588357,"y@t,data_quality_2@t+h,throughput_2@t,buffer_size_3@t",5.042
g1s_h1_b10,1,1,10,hgb,4,133160,10000,2000,0.914,1.1881429079444275,14.315245324869583,4.691533509836501,1998,0.914914914914915,1.1755028912777814,14.149790150000813,4.527076328916688,2,0.0,13.815519557923775,179.60496501877273,168.98425724872942,214,0.21962616822429906,10.781271912015734,42.975342057357125,29.494823600304642,1786,0.9972004479283315,0.038686241163207305,10.881168784694704,1.719582737518369,1092,0.847985347985348,2.1001690298331903,16.27220498492032,7.773777605945586,0.9163302102586399,"y@t,data_quality_2@t+h,throughput_2@t,buffer_size_3@t",5.042
g1s_h1_b10,1,1,10,hgb_ctx,4,133160,10000,2000,0.9065,1.2917592371291595,14.451519545812836,4.685052279836942,1998,0.9074074074074074,1.2792229405117475,14.28620078157564,4.520905994386753,2,0.0,13.815519557923775,179.60496501877273,168.66719144457534,214,0.19626168224299065,11.10406421477191,44.42517017430277,30.09268918267803,1786,0.9916013437849944,0.11604072357062205,10.860051889319644,1.640688171657775,1092,0.8415750915750916,2.188729994948346,16.62984246337669,7.864853306521142,0.9102185781325598,"y@t,data_quality_2@t+h,throughput_2@t,buffer_size_3@t",5.042
g1s_h1_b10,1,1,10,tabpfn_clf,4,133160,10000,2000,0.918,0.27321718023125696,12.68854051874937,10.894130812414405,1998,0.9184184184184184,0.2709813059698209,12.531441752857168,10.73129788126256,2,0.5,2.506855567405938,169.63020764505978,173.56422903310715,214,0.5093457943925234,1.1363946992587501,27.79561689361641,36.58912969707043,1786,0.9669652855543113,0.16979053461430094,10.878398108770904,7.8153347534466615,1092,0.8745421245421245,0.37719082654715175,13.726220989295706,14.170977416624659,0.9267530458754033,"y@t,data_quality_2@t+h,throughput_2@t,buffer_size_3@t",5.042
g1s_h1_b10,1,1,10,model,5,166718,10000,2000,0.955,0.20101888175423324,13.428645551115176,6.725935513849443,1992,0.9578313253012049,0.18659045843282251,13.153313758217399,6.418978296755849,8,0.25,3.7936962887855006,81.98626198266142,83.15828257015423,121,0.38016528925619836,2.535220779600825,53.88694597659294,57.63955090779255,1879,0.9920170303352848,0.05070572069013654,10.823294645589467,3.447304613015427,1099,0.9317561419472248,0.29099793781558525,14.049559955470867,9.025750404410372,0.9543328497921943,"y@t,data_quality_2@t,throughput_2@t,buffer_size_2@t",4.7795
g1s_h1_b10,1,1,10,ar,5,166718,10000,2000,0.9395,0.2915300620600869,13.99564036528199,6.433270079912868,1992,0.9422690763052208,0.27784122213150647,13.712335580909246,6.114920136743566,8,0.25,3.700051204276609,84.53853167409564,85.70240592906877,121,0.0,3.5261508715960357,63.07322844248615,53.431037864095714,1879,1.0,0.08323356501173682,10.835242197457776,3.4068039267004555,1099,0.8953594176524113,0.4392210269846452,15.839685701356336,8.99931912181679,0.949037981184983,"y@t,data_quality_2@t,throughput_2@t,buffer_size_2@t",4.7795
g1s_h1_b10,1,1,10,persistence,5,166718,10000,2000,0.9395,1.6716767775136774,13.347657471030631,4.779500000000012,1992,0.9422690763052208,1.5951643716525015,13.054608737201493,4.447791164658646,8,0.25,20.72326583694641,86.316792194486,87.375,121,0.0,27.631021115928547,65.75940506972886,54.3801652892562,1879,1.0,0.0,9.97255291571265,1.5854177754124659,1099,0.8953594176524113,2.891326140429284,15.362547680002415,8.061874431301183,0.949037981184983,"y@t,data_quality_2@t,throughput_2@t,buffer_size_2@t",4.7795
g1s_h1_b10,1,1,10,tabpfn,5,166718,10000,2000,0.966,0.14914895897572683,11.646274755819205,3.8333211474919717,1992,0.9673694779116466,0.14211251842832925,11.393377466410305,3.5606206208535496,8,0.625,1.901222655277722,74.61769981863462,71.7357522804592,121,0.5537190082644629,1.6129543003689553,49.42408765296066,45.81686316222941,1879,0.9925492283129325,0.05488581565024486,9.213536405338033,1.1297508527696571,1099,0.9435850773430391,0.21750996530786398,12.707286564782008,5.9779143480366645,0.968920329575364,"y@t,data_quality_2@t,throughput_2@t,buffer_size_2@t",4.7795
g1s_h1_b10,1,1,10,hgb,5,166718,10000,2000,0.947,0.7322310595316064,13.235193844160253,4.469566883199481,1992,0.9497991967871486,0.6935587267649352,12.95777840845187,4.161348342627452,8,0.25,10.361641918432706,82.31163733554779,81.21598348563474,121,0.1652892561983471,11.53196409379745,63.46940127016765,50.929587730615175,1879,0.9973390101117616,0.03677193385509404,10.000314068456746,1.4777294576873468,1099,0.9126478616924477,1.2068233890082445,15.141552371844961,7.30107646099501,0.9528382866974829,"y@t,data_quality_2@t,throughput_2@t,buffer_size_2@t",4.7795
g1s_h1_b10,1,1,10,hgb_ctx,5,166718,10000,2000,0.9495,0.6976922831366956,13.171987635118683,4.4177169068567235,1992,0.9523092369477911,0.6588812404246636,12.894318359213344,4.118912231387977,8,0.25,10.361641918432706,82.31163733554779,78.82008109857432,121,0.2396694214876033,10.504364134940605,62.32904037190767,49.58415435926178,1879,0.9952102182011708,0.06618228097156933,10.006472264628277,1.5091810198205275,1099,0.9190172884440401,1.1188265064734404,15.019638205612516,7.0495213076745245,0.9561303320967897,"y@t,data_quality_2@t,throughput_2@t,buffer_size_2@t",4.7795
g1s_h1_b10,1,1,10,tabpfn_clf,5,166718,10000,2000,0.9595,0.1784045222380428,13.095007423373305,8.993521277054791,1992,0.9618473895582329,0.1721588660774489,12.874978728755156,8.74063003949764,8,0.375,1.7335729062259242,67.88215238329269,71.96343942878559,121,0.5454545454545454,1.3400340776715811,42.86529287551818,52.13986733336798,1879,0.9861628525811602,0.10360027731656427,11.177921452266585,6.215071105253889,1099,0.9390354868061874,0.23474511943333803,14.962033971104804,12.163452444611918,0.9656649114141521,"y@t,data_quality_2@t,throughput_2@t,buffer_size_2@t",4.7795
g30s_h1_b20,30,1,20,model,1,929,929,940,0.8042553191489362,1.131361467831455,26.380785576037567,26.10894323898014,846,0.8747044917257684,0.6755167316426736,15.062125367637032,14.6206476224211,94,0.1702127659574468,5.233964093530488,128.2487274516424,129.50360378801145,154,0.045454545454545456,5.221253740374724,105.35932465504493,104.75243136833286,786,0.9529262086513995,0.3300339742288294,10.906618886257498,10.700422664017898,660,0.8803030303030303,0.6271598371008071,12.892536873462475,12.761396899337582,0.506202902235276,"y@t,data_quality_1@t+h,throughput_2@t",19.709148936170212
g30s_h1_b20,30,1,20,ar,1,929,929,940,0.7946808510638298,1.1606803656257345,29.35093129955269,29.77150350160394,846,0.8640661938534279,0.6884980501554484,17.733755333117326,18.09590993156036,94,0.1702127659574468,5.4103212048583105,133.90551499747102,134.85184563199618,154,0.05194805194805195,5.2828541345576685,108.56485100192036,108.16184974260703,786,0.9402035623409669,0.3530279986848724,13.830646777714751,14.41258070120384,660,0.8818181818181818,0.6276193000707296,15.567911607773388,16.431935920518747,0.478469822590906,"y@t,data_quality_1@t+h,throughput_2@t",19.709148936170212
g30s_h1_b20,30,1,20,persistence,1,929,929,940,0.8361702127659575,4.5267843104819105,23.781432697584076,19.709148936170212,846,0.9113475177304965,2.449558609568134,10.740209576393955,6.179984239558711,94,0.1595744680851064,23.221815618705897,141.15244078829517,141.47163120567376,154,0.0,27.631021115928547,114.30261183852805,112.43766233766235,786,1.0,0.0,6.045730932055616,1.5409669211195953,660,0.8863636363636364,3.139888763173699,11.719374177168541,7.9216161616161616,0.621928957111424,"y@t,data_quality_1@t+h,throughput_2@t",19.709148936170212
g30s_h1_b20,30,1,20,tabpfn,1,929,929,940,0.7691489361702127,1.0371245106067037,34.441151232145025,23.434355431011163,846,0.8274231678486997,0.8936564992560194,28.644044531783134,17.489071108789254,94,0.24468085106382978,2.3283366127628615,86.61511153540204,76.94191433100833,154,0.18831168831168832,2.2521528725493254,67.90921567443286,60.159318226192475,786,0.8829516539440203,0.7990655185721443,27.883795094597534,16.2388792599451,660,0.796969696969697,0.937890829470362,29.564004737797465,19.249919967968076,0.6053353020780088,"y@t,data_quality_1@t+h,throughput_2@t",19.709148936170212
g30s_h1_b20,30,1,20,hgb,1,929,929,940,0.825531914893617,2.4103846716345463,21.89614060368822,18.415652771114427,846,0.8947990543735225,1.4534237748299281,10.776731080445956,6.913256467917132,94,0.20212765957446807,11.023032742876104,121.97082631286862,121.9372194998901,154,0.1038961038961039,12.380151837475799,101.05924689916144,99.8550416965088,786,0.9669211195928753,0.45702062132977056,6.385811889307975,2.4593348391669294,660,0.8651515151515151,1.8630196659692302,11.766079246494137,8.585453729314644,0.6215379628217922,"y@t,data_quality_1@t+h,throughput_2@t",19.709148936170212
g30s_h1_b20,30,1,20,hgb_ctx,1,929,929,940,0.825531914893617,2.4103846716345463,21.89614060368822,18.415652771114427,846,0.8947990543735225,1.4534237748299281,10.776731080445956,6.913256467917132,94,0.20212765957446807,11.023032742876104,121.97082631286862,121.9372194998901,154,0.1038961038961039,12.380151837475799,101.05924689916144,99.8550416965088,786,0.9669211195928753,0.45702062132977056,6.385811889307975,2.4593348391669294,660,0.8651515151515151,1.8630196659692302,11.766079246494137,8.585453729314644,0.6215379628217922,"y@t,data_quality_1@t+h,throughput_2@t",19.709148936170212
g30s_h1_b20,30,1,20,model,2,1869,1869,930,0.8290322580645161,0.9364357571557737,28.34841398520812,26.287544549277907,837,0.9044205495818399,0.5717699436966386,16.41115847058343,14.02328696666991,93,0.15053763440860216,4.218428078287991,135.78371361683037,136.66586279274986,144,0.020833333333333332,4.47448084803647,116.61444380502878,115.37965307395426,786,0.9770992366412213,0.2882442901241958,12.177538293027235,9.965326193612006,675,0.8992592592592593,0.5313920166659026,13.846048297478717,11.196407972049851,0.7099236500380212,"y@t,data_quality_1@t+h",21.487670250896056
g30s_h1_b20,30,1,20,ar,2,1869,1869,930,0.8290322580645161,0.9912975552916071,32.530282372573026,31.468223099374597,837,0.9044205495818399,0.6101948397216099,19.542040696600953,18.272841052527994,93,0.15053763440860216,4.421221995421583,149.42445745632168,150.226661520994,144,0.020833333333333332,4.736239479952282,126.38843357154678,125.78350117802059,786,0.9770992366412213,0.3052013248194225,15.334895893371728,14.189088184202806,675,0.8992592592592593,0.5922827880865019,17.920435598058386,16.61511158081922,0.7099236500380212,"y@t,data_quality_1@t+h",21.487670250896056
g30s_h1_b20,30,1,20,persistence,2,1869,1869,930,0.8451612903225807,4.278351656659904,25.41316099333587,21.48767025089606,837,0.9223416965352449,2.1457782228618343,11.035326954590209,6.648426921545206,93,0.15053763440860216,23.471512560842527,154.81366734204687,155.04086021505375,144,0.0,27.631021115928547,132.35294011079276,130.30671296296293,786,1.0,0.0,5.821140391664382,1.5513570822731193,675,0.9037037037037037,2.6607649963486746,12.304323382301998,8.24404938271605,0.7560746335574257,"y@t,data_quality_1@t+h",21.487670250896056
g30s_h1_b20,30,1,20,tabpfn,2,1869,1869,930,0.8505376344086022,0.6371271740742896,22.70022443679312,13.812780730466855,837,0.9127837514934289,0.47217355307525777,15.606642443842075,6.463095577768941,93,0.2903225806451613,2.1217097630655775,86.54246237335255,79.9599471047481,144,0.2638888888888889,2.0638209491966837,67.15565713254352,62.66124781865258,786,0.9580152671755725,0.3757481618381259,14.555717683373203,4.863443248661835,675,0.8918518518518519,0.5029440112716708,15.570249539825825,7.617164949031976,0.7617101616197874,"y@t,data_quality_1@t+h",21.487670250896056
g30s_h1_b20,30,1,20,hgb,2,1869,1869,930,0.8236559139784946,2.43630258208417,23.27602350915194,19.811164410033644,837,0.8984468339307049,1.4030278378445482,10.950930596590887,6.829016018600836,93,0.15053763440860216,11.735775280240768,134.2018597222014,136.6504999329289,144,0.06944444444444445,12.856119102369592,115.97101519957022,115.52551388882597,786,0.9618320610687023,0.5273285631005812,6.293734955182175,2.2757110704075703,675,0.8755555555555555,1.7192825359217232,12.1991713043571,8.331523615186237,0.7128209571975525,"y@t,data_quality_1@t+h",21.487670250896056
g30s_h1_b20,30,1,20,hgb_ctx,2,1869,1869,930,0.8236559139784946,2.43630258208417,23.27602350915194,19.811164410033644,837,0.8984468339307049,1.4030278378445482,10.950930596590887,6.829016018600836,93,0.15053763440860216,11.735775280240768,134.2018597222014,136.6504999329289,144,0.06944444444444445,12.856119102369592,115.97101519957022,115.52551388882597,786,0.9618320610687023,0.5273285631005812,6.293734955182175,2.2757110704075703,675,0.8755555555555555,1.7192825359217232,12.1991713043571,8.331523615186237,0.7128209571975525,"y@t,data_quality_1@t+h",21.487670250896056
g30s_h1_b20,30,1,20,model,3,2799,2799,930,0.8236559139784946,0.9254661479467965,29.333940903164407,26.346651322525947,837,0.9020310633213859,0.5413129848977071,15.093191727158192,11.86749658055254,93,0.11827956989247312,4.382844615388601,157.50068348722039,156.6590440002866,164,0.0,4.656445949756193,119.83682400066498,118.44237260831545,766,1.0,0.12666629481789166,9.957344521976301,6.6290295328791045,668,0.8772455089820359,0.6071991354147098,14.022604197417321,11.065749759722534,0.6515500329395066,"y@t,data_quality_1@t+h,data_quality_1@t",24.001756272401433
g30s_h1_b20,30,1,20,ar,3,2799,2799,930,0.8236559139784946,0.9703302139387039,33.172222338190664,32.574247458505845,837,0.9020310633213859,0.5793058881564811,18.69235721928803,18.10572139151816,93,0.11827956989247312,4.48954914597871,163.49100840831434,162.79098206139497,164,0.0,4.6339742790763045,123.0068456876153,122.04637819736858,766,1.0,0.1859468892878338,13.938699845624551,13.418334349924262,668,0.8772455089820359,0.6509699999815379,17.775047527042528,17.96207473655861,0.6515500329395066,"y@t,data_quality_1@t+h,data_quality_1@t",24.001756272401433
g30s_h1_b20,30,1,20,persistence,3,2799,2799,930,0.8236559139784946,4.872567164529335,27.701127065022625,24.001756272401437,837,0.9020310633213859,2.706981758071853,11.880177987380753,7.876065312624454,93,0.11827956989247312,24.362835822646673,170.0896687637995,169.13297491039427,164,0.0,27.631021115928544,130.3506451444316,128.70345528455283,766,1.0,0.0,5.723945648543417,1.585204525674501,668,0.8772455089820359,3.3918319333924267,13.430486026916741,9.8686626746507,0.6515500329395066,"y@t,data_quality_1@t+h,data_quality_1@t",24.001756272401433
g30s_h1_b20,30,1,20,tabpfn,3,2799,2799,930,0.8172043010752689,0.6129675134549162,19.06611148757644,11.18869787659423,837,0.8697729988052568,0.4700708681555294,13.12525589236344,6.335946889497193,93,0.34408602150537637,1.8990373211493983,72.53381184449341,54.86345676046754,164,0.2682926829268293,1.9492440043718668,54.24700685818269,43.06533564793162,766,0.9347258485639687,0.3268717634413655,11.533909345566741,4.363934698396666,668,0.875748502994012,0.4922958951771588,13.253477749422704,7.31067525972385,0.6501123544351157,"y@t,data_quality_1@t+h,data_quality_1@t",24.001756272401433
g30s_h1_b20,30,1,20,hgb,3,2799,2799,930,0.7720430107526882,3.1493611915274875,22.974340220451275,19.73502137290492,837,0.8363201911589009,2.261339126989282,12.924691033935888,9.548753549557333,93,0.1935483870967742,11.141559772371336,113.42118289908977,111.4114317830332,164,0.11585365853658537,12.214952115092792,96.06880886109695,94.01963234121547,766,0.912532637075718,1.208425275777213,7.324871738642021,3.83074435096898,668,0.8173652694610778,2.5232110478309413,14.467333059202415,11.052307190846154,0.5571417896712367,"y@t,data_quality_1@t+h,data_quality_1@t",24.001756272401433
g30s_h1_b20,30,1,20,hgb_ctx,3,2799,2799,930,0.7720430107526882,3.1493611915274875,22.974340220451275,19.73502137290492,837,0.8363201911589009,2.261339126989282,12.924691033935888,9.548753549557333,93,0.1935483870967742,11.141559772371336,113.42118289908977,111.4114317830332,164,0.11585365853658537,12.214952115092792,96.06880886109695,94.01963234121547,766,0.912532637075718,1.208425275777213,7.324871738642021,3.83074435096898,668,0.8173652694610778,2.5232110478309413,14.467333059202415,11.052307190846154,0.5571417896712367,"y@t,data_quality_1@t+h,data_quality_1@t",24.001756272401433
g30s_h1_b20,30,1,20,model,4,3729,3729,940,0.8319148936170213,0.8473616652117975,25.176035870735745,23.140111178432377,846,0.8995271867612293,0.4879167231696932,13.340684882328569,11.137289372015491,94,0.22340425531914893,4.082366143590734,131.69419476640041,131.16550743618436,158,0.0,4.43735321562257,100.79286726020833,99.34545725695686,782,1.0,0.1220181038756055,9.897954848310343,7.743123096070656,639,0.86697965571205,0.5880801001181235,12.560302561267452,9.89692676452322,0.7162683130904123,"y@t,data_quality_1@t+h,data_quality_1@t,throughput_2@t",19.269822695035458
g30s_h1_b20,30,1,20,ar,4,3729,3729,940,0.8319148936170213,0.9384444301957285,30.478417291328913,30.064962755277918,846,0.8995271867612293,0.5768248974405183,18.580004872566438,18.16062939324744,94,0.22340425531914893,4.193020224992621,137.5641290601912,137.20396301355225,158,0.0,4.626103858768453,104.84491335106807,104.1961712230406,782,1.0,0.19336746125136736,15.452961565703866,15.087045954885973,639,0.86697965571205,0.683342653302229,17.130867056604618,16.902527639402802,0.7162683130904123,"y@t,data_quality_1@t+h,data_quality_1@t,throughput_2@t",19.269822695035458
g30s_h1_b20,30,1,20,persistence,4,3729,3729,940,0.8319148936170213,4.64436312374118,22.783106278476236,19.269822695035465,846,0.8995271867612293,2.776166424177218,9.47283303011658,5.618991331757295,94,0.22340425531914893,21.45813341981685,142.57556551371314,142.127304964539,158,0.0,27.631021115928544,109.70094838675975,107.3084388185654,782,1.0,0.0,5.221700839718193,1.4819693094629216,639,0.86697965571205,3.6754879418684294,11.358095794003718,7.43922796035472,0.7162683130904123,"y@t,data_quality_1@t+h,data_quality_1@t,throughput_2@t",19.269822695035458
g30s_h1_b20,30,1,20,tabpfn,4,3729,3729,940,0.8606382978723405,0.503448304089103,16.26373381317999,9.262040445287306,846,0.9137115839243499,0.35231899716395904,11.200396665707421,4.955405038978584,94,0.3829787234042553,1.863612066415399,61.83376814043309,48.02175910206579,158,0.310126582278481,1.8268662716018635,42.29417417167691,33.41034590605575,782,0.9718670076726342,0.23605695003921018,11.00438652847089,4.382971055515674,639,0.8888888888888888,0.41932002674007185,12.526865298252291,6.282877485230756,0.7304174966368763,"y@t,data_quality_1@t+h,data_quality_1@t,throughput_2@t",19.269822695035458
g30s_h1_b20,30,1,20,hgb,4,3729,3729,940,0.8202127659574469,2.48387142992159,17.47214901899147,14.468961148228955,846,0.8817966903073287,1.6330580728649247,9.52686160072065,6.082043332906973,94,0.26595744680851063,10.141191643431577,88.97973578342884,89.95122148612678,158,0.15822784810126583,11.62953105177677,70.40656179912885,69.1051979072972,782,0.9539641943734015,0.6360271584981642,6.776960759066019,3.4299260997215564,639,0.8528951486697965,2.0323476264996927,11.215171822836522,7.52310525499092,0.6493267825072259,"y@t,data_quality_1@t+h,data_quality_1@t,throughput_2@t",19.269822695035458
g30s_h1_b20,30,1,20,hgb_ctx,4,3729,3729,940,0.8202127659574469,2.48387142992159,17.47214901899147,14.468961148228955,846,0.8817966903073287,1.6330580728649247,9.52686160072065,6.082043332906973,94,0.26595744680851063,10.141191643431577,88.97973578342884,89.95122148612678,158,0.15822784810126583,11.62953105177677,70.40656179912885,69.1051979072972,782,0.9539641943734015,0.6360271584981642,6.776960759066019,3.4299260997215564,639,0.8528951486697965,2.0323476264996927,11.215171822836522,7.52310525499092,0.6493267825072259,"y@t,data_quality_1@t+h,data_quality_1@t,throughput_2@t",19.269822695035458
g30s_h1_b20,30,1,20,model,5,4669,4669,930,0.8483870967741935,0.8139004576692607,26.979793308900668,24.992990781888057,837,0.9139784946236559,0.5003682502460287,16.583029632555387,14.36286870710713,93,0.25806451612903225,3.635690324478349,120.5506663960082,120.6640894549164,141,0.0,4.566535165181077,107.78940634555391,107.3409744756831,789,1.0,0.14327752514813782,12.538531663567202,10.276811186418985,638,0.8871473354231975,0.5721264811971144,13.940866126168743,11.728813104050177,0.7139751956196422,"y@t,data_quality_1@t+h,cores_1@t+h",18.861541218637992
g30s_h1_b20,30,1,20,ar,5,4669,4669,930,0.8483870967741935,0.8636012329207946,28.75435662800259,28.20043311392444,837,0.9139784946236559,0.5431567470030557,18.059899589789016,17.39532626562679,93,0.25806451612903225,3.747601606180444,125.00446997192479,125.44639474860331,141,0.0,4.614547391037478,111.1103060082509,110.83867607220535,789,1.0,0.1932800563752273,14.036753506817533,13.43238209096169,638,0.8871473354231975,0.6284521247974699,16.867501736928926,16.634392080810095,0.7139751956196422,"y@t,data_quality_1@t+h,cores_1@t+h",18.861541218637992
g30s_h1_b20,30,1,20,persistence,5,4669,4669,930,0.8483870967741935,4.18921933047949,22.44751644778051,18.861541218638,837,0.9139784946236559,2.3768620314777245,10.624820785867753,6.685384309040229,93,0.25806451612903225,20.500435021495374,128.85177740499532,128.44695340501795,141,0.0,27.631021115928544,117.76274585003114,116.72931442080377,789,1.0,0.0,5.413996364488569,1.3718631178707306,638,0.8871473354231975,3.1182343579104317,12.032582478731847,8.770637408568442,0.7139751956196422,"y@t,data_quality_1@t+h,cores_1@t+h",18.861541218637992
g30s_h1_b20,30,1,20,tabpfn,5,4669,4669,930,0.875268817204301,0.45735813304866685,15.326766928434019,7.681204979742669,837,0.9235364396654719,0.3282578222838305,11.372127167395128,4.077952697541403,93,0.44086021505376344,1.619260929932194,50.918524777784036,40.11047551955406,141,0.24822695035460993,1.9578867466126277,43.98165050419367,36.514707847237645,789,0.9873257287705957,0.1892028294840046,10.205932220978871,2.5284497144488896,638,0.9012539184952978,0.39004400533175554,12.533226696104746,5.146584208223807,0.7213498896674992,"y@t,data_quality_1@t+h,cores_1@t+h",18.861541218637992
g30s_h1_b20,30,1,20,hgb,5,4669,4669,930,0.8204301075268817,2.4808687451743774,17.480555944122155,14.07246652123116,837,0.8805256869772998,1.6506176327901445,10.032928887765749,6.306105725927427,93,0.27956989247311825,9.953128756632474,84.5091994513298,83.96971367896475,141,0.07092198581560284,12.835706113956523,79.84949573892331,78.18319144196997,789,0.9543726235741445,0.6303845005631191,6.334775828701416,2.615416820566809,638,0.8683385579937304,1.8189890419339205,10.773101979605357,7.5466413547915705,0.5900850691091117,"y@t,data_quality_1@t+h,cores_1@t+h",18.861541218637992
g30s_h1_b20,30,1,20,hgb_ctx,5,4669,4669,930,0.8204301075268817,2.4808687451743774,17.480555944122155,14.07246652123116,837,0.8805256869772998,1.6506176327901445,10.032928887765749,6.306105725927427,93,0.27956989247311825,9.953128756632474,84.5091994513298,83.96971367896475,141,0.07092198581560284,12.835706113956523,79.84949573892331,78.18319144196997,789,0.9543726235741445,0.6303845005631191,6.334775828701416,2.615416820566809,638,0.8683385579937304,1.8189890419339205,10.773101979605357,7.5466413547915705,0.5900850691091117,"y@t,data_quality_1@t+h,cores_1@t+h",18.861541218637992
g30s_h1_b4,30,1,4,model,1,929,929,940,0.9042553191489362,0.36924888851084886,39.96841020505215,23.351253954717375,846,0.9550827423167849,0.19002872723823488,29.70477456918795,11.461346316117579,94,0.44680851063829785,1.982230339964375,132.34113092782985,130.36042270211553,90,0.0,3.3753140807327946,173.84786744831993,156.04205396114236,850,1.0,0.050959632863819306,25.79293826164732,9.301639836390024,660,0.9424242424242424,0.2126877997177656,27.397842300804857,10.601291233765256,0.8532166827138592,"y@t,avg_p_latency_2@t,data_quality_2@t+h,throughput_2@t",19.709148936170212
g30s_h1_b4,30,1,4,ar,1,929,929,940,0.9042553191489362,0.4053359333730239,41.629474068885365,28.244382781817656,846,0.9550827423167849,0.2246703644469472,30.964506115119615,16.28952482340791,94,0.44680851063829785,2.0313260537077142,137.61418565277705,135.8381044075053,90,0.0,3.4160477825488775,179.6441085705555,161.56216295037322,850,1.0,0.08655467875440405,27.01615982753205,14.128382528676473,660,0.9424242424242424,0.24549619992154398,28.769984369445513,15.08096083440791,0.8532166827138592,"y@t,avg_p_latency_2@t,data_quality_2@t+h,throughput_2@t",19.709148936170212
g30s_h1_b4,30,1,4,persistence,1,929,929,940,0.9042553191489362,2.6455232983335843,40.37165006401209,19.70914893617022,846,0.9550827423167849,1.241109695514521,28.84711485025495,6.179984239558716,94,0.44680851063829785,15.285245723705154,144.09246698782636,141.47163120567376,90,0.0,27.631021115928544,191.06300836992799,172.2062962962963,850,1.0,0.0,24.41609447867982,3.562392156862753,660,0.9424242424242424,1.5908769733413406,28.53463219493918,7.921616161616162,0.8532166827138592,"y@t,avg_p_latency_2@t,data_quality_2@t+h,throughput_2@t",19.709148936170212
g30s_h1_b4,30,1,4,tabpfn,1,929,929,940,0.8968085106382979,0.3534984623472651,39.31446582184965,23.434355431011163,846,0.9267139479905437,0.293763371642398,34.10337050688251,17.489071108789254,94,0.6276595744680851,0.8911142786910694,86.21432365655387,76.94191433100833,90,0.4777777777777778,1.1131802902256973,90.96701627302583,79.58939532010318,850,0.9411764705882353,0.2730615629248429,33.845372244666294,17.488527678048477,660,0.9090909090909091,0.31098303164810537,34.27472565939972,19.249919967968076,0.8502581896530347,"y@t,avg_p_latency_2@t,data_quality_2@t+h,throughput_2@t",19.709148936170212
g30s_h1_b4,30,1,4,hgb,1,929,929,940,0.9117021276595745,1.2198831875604301,39.09606478332608,18.415652771114427,846,0.9562647754137116,0.6042274570223061,28.80032027953468,6.913256467917132,94,0.5106382978723404,6.760784762403547,131.75776531744876,121.9372194998901,90,0.1,12.433962502163347,175.79013318043596,154.3121047580139,850,0.9976470588235294,0.03251008366129805,24.622575188337983,4.0266166783838955,660,0.943939393939394,0.7745088949116787,28.474637542986027,8.585453729314644,0.8578199035729155,"y@t,avg_p_latency_2@t,data_quality_2@t+h,throughput_2@t",19.709148936170212
g30s_h1_b4,30,1,4,hgb_ctx,1,929,929,940,0.9117021276595745,1.2198831875604301,39.09606478332608,18.415652771114427,846,0.9562647754137116,0.6042274570223061,28.80032027953468,6.913256467917132,94,0.5106382978723404,6.760784762403547,131.75776531744876,121.9372194998901,90,0.1,12.433962502163347,175.79013318043596,154.3121047580139,850,0.9976470588235294,0.03251008366129805,24.622575188337983,4.0266166783838955,660,0.943939393939394,0.7745088949116787,28.474637542986027,8.585453729314644,0.8578199035729155,"y@t,avg_p_latency_2@t,data_quality_2@t+h,throughput_2@t",19.709148936170212
g30s_h1_b4,30,1,4,tabpfn_clf,1,929,929,940,0.824468085106383,0.4288845005272036,47.46426247863165,47.91997640558123,846,0.8333333333333334,0.40263121266998514,45.169931929488584,45.389372594692695,94,0.7446808510638298,0.6651640912421699,68.11323742091928,70.69541070357808,90,0.6222222222222222,0.8791024108852742,71.5685034783535,73.10115227731168,850,0.8458823529411764,0.38121436884223153,44.912048725719934,45.25373425445684,660,0.8106060606060606,0.4129593405471379,45.26557709683183,46.31644858339409,0.7801186998015693,"y@t,avg_p_latency_2@t,data_quality_2@t+h,throughput_2@t",19.709148936170212
g30s_h1_b4,30,1,4,model,2,1869,1869,930,0.910752688172043,0.31031515539288795,43.074109194146295,26.387454067448655,837,0.96415770609319,0.14787640373828856,32.12606491032194,13.849889828535439,93,0.43010752688172044,1.7722639202842823,141.60650774856558,139.2255322176676,83,0.0,2.850814961589054,187.08676472924503,176.72077374454292,847,1.0,0.061364170842378156,28.96188911219448,11.65585367406161,675,0.9555555555555556,0.16756819209086718,29.54705167296339,14.113442364496718,0.8653549499620916,"y@t,data_quality_1@t+h,rps@t+h",21.487670250896056
g30s_h1_b4,30,1,4,ar,2,1869,1869,930,0.910752688172043,0.3810094013448451,45.389454157231576,30.957904844442314,837,0.96415770609319,0.19153974239008784,33.366108402869216,17.601436860351225,93,0.43010752688172044,2.0862363319376596,153.5995659464929,151.16611670126215,83,0.0,3.3871440989508828,205.75219096454111,195.08875669665295,847,1.0,0.08642949591237613,29.675041931721907,14.8742440372009,675,0.9555555555555556,0.20595219754153335,31.199271077828296,16.74131284946448,0.8653549499620916,"y@t,data_quality_1@t+h,rps@t+h",21.487670250896056
g30s_h1_b4,30,1,4,persistence,2,1869,1869,930,0.910752688172043,2.4659943576581393,44.40029442288751,21.487670250896066,837,0.96415770609319,0.9903591797823852,31.698815950751673,6.648426921545208,93,0.43010752688172044,15.746710958539923,158.71360067211,155.04086021505375,83,0.0,27.631021115928544,216.5032431591265,205.6032128514056,847,1.0,0.0,27.53542459395263,3.445651318378598,675,0.9555555555555556,1.2280453829301576,29.34807482653551,8.24404938271605,0.8653549499620916,"y@t,data_quality_1@t+h,rps@t+h",21.487670250896056
g30s_h1_b4,30,1,4,tabpfn,2,1869,1869,930,0.9440860215053763,0.21871722503774546,33.88247600835857,13.812780730466855,837,0.977299880525687,0.14769286581468433,27.90645359301223,6.463095577768941,93,0.6451612903225806,0.8579364580452956,87.6666777464757,79.9599471047481,83,0.5060240963855421,1.1205822964091365,93.91004140167917,91.09955651327189,847,0.987012987012987,0.1303408366979279,28.000199824597527,6.239224189766953,675,0.9718518518518519,0.15243881194300973,25.109106256627097,7.617164949031976,0.9185099891055686,"y@t,data_quality_1@t+h,rps@t+h",21.487670250896056
g30s_h1_b4,30,1,4,hgb,2,1869,1869,930,0.9129032258064517,1.203289403431098,43.10022698103964,19.811164410033644,837,0.959378733572282,0.5612065352055181,32.03956622993218,6.829016018600836,93,0.4946236559139785,6.982035217461314,142.6461737410068,136.6504999329289,83,0.13253012048192772,11.984542279193425,190.95544805226942,178.37302556167867,847,0.9893742621015348,0.1468029941179065,28.611462696609802,4.273225241690625,675,0.9496296296296296,0.6958953836559224,29.77064437579577,8.331523615186237,0.8684714247958637,"y@t,data_quality_1@t+h,rps@t+h",21.487670250896056
g30s_h1_b4,30,1,4,hgb_ctx,2,1869,1869,930,0.9129032258064517,1.203289403431098,43.10022698103964,19.811164410033644,837,0.959378733572282,0.5612065352055181,32.03956622993218,6.829016018600836,93,0.4946236559139785,6.982035217461314,142.6461737410068,136.6504999329289,83,0.13253012048192772,11.984542279193425,190.95544805226942,178.37302556167867,847,0.9893742621015348,0.1468029941179065,28.611462696609802,4.273225241690625,675,0.9496296296296296,0.6958953836559224,29.77064437579577,8.331523615186237,0.8684714247958637,"y@t,data_quality_1@t+h,rps@t+h",21.487670250896056
g30s_h1_b4,30,1,4,tabpfn_clf,2,1869,1869,930,0.9010752688172043,0.2912996467701873,33.96283683667494,29.277247570656737,837,0.918757467144564,0.24712033916308618,30.10726288240855,24.400746220181727,93,0.7419354838709677,0.6889134152340983,68.66300242507248,73.16575972493182,83,0.6265060240963856,0.884862522382676,69.47675192321026,77.62268884667448,847,0.9279811097992916,0.23313468965585848,30.482724732563447,24.539736796265387,675,0.914074074074074,0.2431884515795916,28.881920589272287,23.305013796899605,0.857692282680588,"y@t,data_quality_1@t+h,rps@t+h",21.487670250896056
g30s_h1_b4,30,1,4,model,3,2799,2799,930,0.8978494623655914,0.3400729040115976,44.73621351755573,25.99934862389996,837,0.955794504181601,0.19223052385832087,33.404935176828175,12.625244789064247,93,0.3763440860215054,1.670654325391088,146.7177185841038,146.36628313742136,95,0.0,2.8207554672727864,177.6258481312563,166.71498563770496,835,1.0,0.057839558490863516,29.61703353156586,9.989785131311367,668,0.9446107784431138,0.2224235808123895,31.010895362388993,13.52316019433852,0.8451361839713272,"y@t,data_quality_3@t+h,throughput_2@t,avg_p_latency_3@t",24.001756272401433
g30s_h1_b4,30,1,4,ar,3,2799,2799,930,0.8978494623655914,0.4155429281641037,47.75614644546481,31.945105782897745,837,0.955794504181601,0.223592426523984,34.87630253351228,17.485542327819058,93,0.3763440860215054,2.1430974429251806,163.6747416530376,162.0811768786059,95,0.0,3.2706299315122362,198.66236793273228,186.49688828593796,835,1.0,0.09071267029814842,30.587175138530196,14.361370049018914,668,0.9446107784431138,0.24711419355882125,32.024684679490804,17.638382091132623,0.8451361839713272,"y@t,data_quality_3@t+h,throughput_2@t,avg_p_latency_3@t",24.001756272401433
g30s_h1_b4,30,1,4,persistence,3,2799,2799,930,0.8978494623655914,2.8225236623797976,46.02971214291406,24.001756272401437,837,0.955794504181601,1.2214429883982751,32.25945284691293,7.876065312624454,93,0.3763440860215054,17.2322497282135,169.9620458069242,169.13297491039427,95,0.0,27.63102111592854,212.18651739074883,199.2736842105263,835,1.0,0.0,27.125644479986743,4.060638722554893,668,0.9446107784431138,1.530460750433168,30.132944872379046,9.868662674650698,0.8451361839713272,"y@t,data_quality_3@t+h,throughput_2@t,avg_p_latency_3@t",24.001756272401433
g30s_h1_b4,30,1,4,tabpfn,3,2799,2799,930,0.9344086021505377,0.19918038442405914,32.06613897857897,11.18869787659423,837,0.954599761051374,0.14966153914872823,27.658415272606057,6.335946889497193,93,0.7526881720430108,0.6448499919020371,71.73565233233516,54.86345676046754,95,0.6,0.9418884729214204,76.57315484480503,60.351728832476674,835,0.9724550898203593,0.11468066178064674,27.002466514756843,5.595299145086645,668,0.9491017964071856,0.15759882510202247,24.899421575151823,7.31067525972385,0.9157263392569092,"y@t,data_quality_3@t+h,throughput_2@t,avg_p_latency_3@t",24.001756272401433
g30s_h1_b4,30,1,4,hgb,3,2799,2799,930,0.8935483870967742,1.4706863819723415,40.30111215085098,19.73502137290492,837,0.929510155316607,0.9738561934481784,32.36816497318338,9.548753549557333,93,0.5698924731182796,5.94215807868981,111.69763674985936,111.4114317830332,95,0.22105263157894736,10.761558592515039,151.9431290892975,144.5789639209766,835,0.9700598802395209,0.41364104065311275,27.599325792584615,5.531219526118321,668,0.9341317365269461,0.9100066894422483,30.15737346467416,11.052307190846154,0.8150356578868593,"y@t,data_quality_3@t+h,throughput_2@t,avg_p_latency_3@t",24.001756272401433
g30s_h1_b4,30,1,4,hgb_ctx,3,2799,2799,930,0.8935483870967742,1.4706863819723415,40.30111215085098,19.73502137290492,837,0.929510155316607,0.9738561934481784,32.36816497318338,9.548753549557333,93,0.5698924731182796,5.94215807868981,111.69763674985936,111.4114317830332,95,0.22105263157894736,10.761558592515039,151.9431290892975,144.5789639209766,835,0.9700598802395209,0.41364104065311275,27.599325792584615,5.531219526118321,668,0.9341317365269461,0.9100066894422483,30.15737346467416,11.052307190846154,0.8150356578868593,"y@t,data_quality_3@t+h,throughput_2@t,avg_p_latency_3@t",24.001756272401433
g30s_h1_b4,30,1,4,tabpfn_clf,3,2799,2799,930,0.8817204301075269,0.2920864419565447,33.073117779071836,28.105860644913072,837,0.8853046594982079,0.26974694315806447,30.50477493483715,24.38881409417714,93,0.8494623655913979,0.49314193114286675,56.18820337718402,61.55927960153648,95,0.6947368421052632,0.7630144492973362,58.47716292898146,65.29848678623968,835,0.9029940119760479,0.23850780639082592,30.18283719315398,23.874364257576513,668,0.8907185628742516,0.26882596350705357,28.20453636678526,23.242859470383134,0.8213802155291516,"y@t,data_quality_3@t+h,throughput_2@t,avg_p_latency_3@t",24.001756272401433
g30s_h1_b4,30,1,4,model,4,3729,3729,940,0.9159574468085107,0.2707737611871973,39.98074912439991,23.070583841144934,846,0.9645390070921985,0.14926423574823322,31.435796782084115,12.780506155606805,94,0.4787234042553192,1.3643594901378746,116.88532020524194,115.6812830109881,79,0.0,2.486901606889922,158.26064707710447,149.0568051046724,861,1.0,0.06743566616917736,29.12812201840262,11.51087248247052,639,0.9530516431924883,0.1746922323389023,28.698220840731974,13.791086030278137,0.8766710725903404,"y@t,data_quality_1@t+h,rps@t+h,data_quality_2@t+h",19.269822695035458
g30s_h1_b4,30,1,4,ar,4,3729,3729,940,0.9159574468085107,0.3676398672317233,43.00389589152071,30.253644055486742,846,0.9645390070921985,0.2020453448056597,32.436223156304806,18.25234386764382,94,0.4787234042553192,1.8579905690662961,138.11295050846388,138.26534574607305,79,0.0,3.285310409743298,188.27265619525602,176.68444684448846,861,1.0,0.09993258168188093,29.674938790481118,16.818065170084722,639,0.9530516431924883,0.21996149995218814,29.979693231173133,16.682127509030426,0.8766710725903404,"y@t,data_quality_1@t+h,rps@t+h,data_quality_2@t+h",19.269822695035458
g30s_h1_b4,30,1,4,persistence,4,3729,3729,940,0.9159574468085107,2.322181561870591,41.95958898006021,19.269822695035465,846,0.9645390070921985,0.9798234438272535,30.59199777664184,5.618991331757299,94,0.4787234042553192,14.403404624260624,144.26790981082556,142.127304964539,79,0.0,27.631021115928537,202.02435352851228,188.6286919831224,861,1.0,0.0,27.27304263937761,3.7305071622144887,639,0.9530516431924883,1.2972310383065047,28.635885292802357,7.439227960354723,0.8766710725903404,"y@t,data_quality_1@t+h,rps@t+h,data_quality_2@t+h",19.269822695035458
g30s_h1_b4,30,1,4,tabpfn,4,3729,3729,940,0.9468085106382979,0.16845338398096588,31.056942035984914,9.262040445287306,846,0.9692671394799054,0.11748630900468934,27.280074806929427,4.955405038978584,94,0.7446808510638298,0.6271570587674548,65.04874709748432,48.02175910206579,79,0.6075949367088608,0.9240183874298848,69.25756564214987,51.815283823913056,861,0.9779326364692218,0.09912744289796403,27.55189062496629,5.357619740395974,639,0.9624413145539906,0.1318971132643877,25.093708954699952,6.282877485230756,0.932784125767454,"y@t,data_quality_1@t+h,rps@t+h,data_quality_2@t+h",19.269822695035458
g30s_h1_b4,30,1,4,hgb,4,3729,3729,940,0.9159574468085107,1.1610937809307953,36.983900342949674,14.468961148228955,846,0.9562647754137116,0.604227457022306,30.19188455096389,6.082043332906973,94,0.5531914893617021,6.172890696107195,98.1120424708216,89.95122148612678,79,0.22784810126582278,10.667675709309686,131.70028743780597,113.90154186550872,861,0.9790940766550522,0.288829004691617,28.293314302887357,5.345646541184702,639,0.9514866979655712,0.6702390364538604,28.119140018549,7.52310525499092,0.8782980026343922,"y@t,data_quality_1@t+h,rps@t+h,data_quality_2@t+h",19.269822695035458
g30s_h1_b4,30,1,4,hgb_ctx,4,3729,3729,940,0.9159574468085107,1.1610937809307953,36.983900342949674,14.468961148228955,846,0.9562647754137116,0.604227457022306,30.19188455096389,6.082043332906973,94,0.5531914893617021,6.172890696107195,98.1120424708216,89.95122148612678,79,0.22784810126582278,10.667675709309686,131.70028743780597,113.90154186550872,861,0.9790940766550522,0.288829004691617,28.293314302887357,5.345646541184702,639,0.9514866979655712,0.6702390364538604,28.119140018549,7.52310525499092,0.8782980026343922,"y@t,data_quality_1@t+h,rps@t+h,data_quality_2@t+h",19.269822695035458
g30s_h1_b4,30,1,4,tabpfn_clf,4,3729,3729,940,0.924468085106383,0.22850285545916568,29.586589526485646,22.782775676964746,846,0.9408983451536643,0.19652369443630147,26.980338981498726,18.9047639040274,94,0.776595744680851,0.5163153046649437,53.04284443136793,57.684881633400835,79,0.6835443037974683,0.7428784612824222,54.1337888431218,69.05983304861131,861,0.9465737514518002,0.18130695202125946,27.334291331347142,18.536680982005304,639,0.9358372456964006,0.21257537065060295,24.67396029507487,20.241503895039916,0.9081608617713776,"y@t,data_quality_1@t+h,rps@t+h,data_quality_2@t+h",19.269822695035458
g30s_h1_b4,30,1,4,model,5,4669,4669,930,0.9225806451612903,0.276429747393569,40.676045905109405,20.366624856481707,837,0.972520908004779,0.13139281263282265,32.124831606073236,9.916345930064567,93,0.4731182795698925,1.5817621602402858,117.63697459643495,114.41913519423595,72,0.0,3.0036674184207945,178.87463644134232,170.65782843210582,858,1.0,0.047570642132543126,29.078961384586368,7.754775605380382,638,0.9639498432601881,0.1511728539100161,29.949624450720204,10.176439749382897,0.8882648898054304,"y@t,data_quality_1@t+h,rps@t+h,avg_p_latency_1@t",18.861541218637992
g30s_h1_b4,30,1,4,ar,5,4669,4669,930,0.9225806451612903,0.3457961287234836,44.74139671261271,28.010413116390495,837,0.972520908004779,0.18050170906886742,35.38603326918013,17.201866089487506,93,0.4731182795698925,1.8334459056150285,128.93966770350596,125.28733635851744,72,0.0,3.2906713836296766,194.22564922928504,186.0088412200485,858,1.0,0.0986737297103765,32.19726363429056,14.75180376503458,638,0.9639498432601881,0.18914879183087674,32.938439311319115,16.972213619320186,0.8882648898054304,"y@t,data_quality_1@t+h,rps@t+h,avg_p_latency_1@t",18.861541218637992
g30s_h1_b4,30,1,4,persistence,5,4669,4669,930,0.9225806451612903,2.139175828329952,42.243664839605884,18.861541218637996,837,0.972520908004779,0.7592753711664953,32.09904030846107,6.685384309040226,93,0.4731182795698925,14.558279942801061,133.54528561990924,128.44695340501798,72,0.0,27.631021115928547,208.08393763886613,199.86712962962963,858,1.0,0.0,28.32699859071691,3.672261072261077,638,0.9639498432601881,0.9961026421102768,31.385772602387323,8.770637408568442,0.8882648898054304,"y@t,data_quality_1@t+h,rps@t+h,avg_p_latency_1@t",18.861541218637992
g30s_h1_b4,30,1,4,tabpfn,5,4669,4669,930,0.9612903225806452,0.12805706179603443,32.47336031835677,7.681204979742669,837,0.9796893667861409,0.08659064127202619,29.85641321486819,4.077952697541403,93,0.7956989247311828,0.5012548465121086,56.02588424975392,40.11047551955406,72,0.6527777777777778,0.907330803269574,71.20446052735768,56.64916375807319,858,0.9871794871794872,0.06266346111294019,29.22319806305599,3.5720056417009465,638,0.9780564263322884,0.10243144768075003,28.11614292510556,5.146584208223807,0.9446175250460507,"y@t,data_quality_1@t+h,rps@t+h,avg_p_latency_1@t",18.861541218637992
g30s_h1_b4,30,1,4,hgb,5,4669,4669,930,0.9376344086021505,0.861615486406175,37.50058992418892,14.07246652123116,837,0.9713261648745519,0.39614667190845393,31.115371018513972,6.306105725927427,93,0.6344086021505376,5.050834816885665,94.96756007526342,83.96971367896475,72,0.2222222222222222,10.74540010063438,145.06105865042275,131.6208053407126,858,0.9976689976689976,0.0322069873101018,28.474536604504962,4.208270256659292,638,0.9623824451410659,0.519708726313905,30.0952967009745,7.5466413547915705,0.9031779650671619,"y@t,data_quality_1@t+h,rps@t+h,avg_p_latency_1@t",18.861541218637992
g30s_h1_b4,30,1,4,hgb_ctx,5,4669,4669,930,0.9376344086021505,0.861615486406175,37.50058992418892,14.07246652123116,837,0.9713261648745519,0.39614667190845393,31.115371018513972,6.306105725927427,93,0.6344086021505376,5.050834816885665,94.96756007526342,83.96971367896475,72,0.2222222222222222,10.74540010063438,145.06105865042275,131.6208053407126,858,0.9976689976689976,0.0322069873101018,28.474536604504962,4.208270256659292,638,0.9623824451410659,0.519708726313905,30.0952967009745,7.5466413547915705,0.9031779650671619,"y@t,data_quality_1@t+h,rps@t+h,avg_p_latency_1@t",18.861541218637992
g30s_h1_b4,30,1,4,tabpfn_clf,5,4669,4669,930,0.9634408602150538,0.17713604792804172,32.42371971895097,21.636487985426935,837,0.978494623655914,0.1489026899073299,30.433389724032093,17.725949776161478,93,0.8279569892473119,0.4312362701144481,50.336689673220796,56.83133186881602,72,0.7083333333333334,0.6731822248474659,57.931913476049054,69.84698171706151,858,0.9848484848484849,0.13550979531941873,30.283171991082593,17.59085214780725,638,0.9764890282131662,0.15730684360227726,29.49852371807893,19.27602815635812,0.955292495778702,"y@t,data_quality_1@t+h,rps@t+h,avg_p_latency_1@t",18.861541218637992
